controller,scenario,seed,steps,grid_safe_rate,voltage_violation_rate,thermal_violation_rate,mean_min_voltage_pu,worst_min_voltage_pu,max_line_loading_pct,mean_grid_import_mw,total_losses_mwh,renewable_curtailment_mwh,proposal_feasible_rate,runtime_intervention_rate,intervention_rate,modify_rate,override_rate,reject_rate,mean_action_distance,mean_battery_soc,mean_ev_soc,mean_proposal_latency_ms,median_proposal_latency_ms,p95_proposal_latency_ms,mean_safety_layer_latency_ms,median_safety_layer_latency_ms,p95_safety_layer_latency_ms,p99_safety_layer_latency_ms,mean_measured_compute_latency_ms,median_measured_compute_latency_ms,p95_measured_compute_latency_ms,p99_measured_compute_latency_ms,mean_pf_calls_total,max_pf_calls_total,mean_pf_calls_safety_layer,max_pf_calls_safety_layer
reserve_only,normal,101,96,0.6145833333333334,0.375,0.010416666666666666,0.9686387082820361,0.9358271823624887,102.07223515924322,1.1471153448567595,2.1518883756189293,0.0,1.0,0.0,0.0,0.0,0.0,0.0,0.0,0.5,0.4023814418859166,0.3148888790747151,0.30685399542562664,0.3998957690782845,0.0,0.0,0.0,0.0,12.927926226135847,12.708292051684111,14.470062014879659,15.112823274102993,1.0,1.0,0.0,0.0
reserve_only,normal,202,96,0.5729166666666666,0.40625,0.03125,0.9685275082254522,0.9352062982968796,101.80710168945784,1.145727978860404,2.189842975051741,0.0,1.0,0.0,0.0,0.0,0.0,0.0,0.0,0.5,0.4023814418859166,0.2978624446162333,0.285937509033829,0.38027099799364805,0.0,0.0,0.0,0.0,12.96641799065886,12.243437522556633,15.024030974018387,17.31872230011497,1.0,1.0,0.0,0.0
reserve_only,normal,303,96,0.59375,0.3958333333333333,0.010416666666666666,0.9687582367951538,0.9356880261752536,104.57974209199826,1.1344193219747674,2.1829545937540322,0.0,1.0,0.0,0.0,0.0,0.0,0.0,0.0,0.5,0.4023814418859166,0.2791045590129215,0.26829150738194585,0.3373852523509413,0.0,0.0,0.0,0.0,12.1067821013033,12.002145493170246,12.613218757905997,12.755635476787573,1.0,1.0,0.0,0.0
reserve_only,normal,404,96,0.5833333333333334,0.3958333333333333,0.020833333333333332,0.968523423297072,0.9347473084916595,102.03097544941326,1.1499026229059812,2.1807807181283643,0.0,1.0,0.0,0.0,0.0,0.0,0.0,0.0,0.5,0.4023814418859166,0.2797127405453163,0.26779150357469916,0.3311772597953677,0.0,0.0,0.0,0.0,12.386439271116009,11.994874977972358,12.836062494898215,14.9796686950139,1.0,1.0,0.0,0.0
reserve_only,normal,505,96,0.5833333333333334,0.3958333333333333,0.020833333333333332,0.9686330769789239,0.9346148924602388,105.29082544972654,1.1407793661533876,2.198623535740272,0.0,1.0,0.0,0.0,0.0,0.0,0.0,0.0,0.5,0.4023814418859166,0.2801661776175024,0.26362499920651317,0.34297924139536917,0.0,0.0,0.0,0.0,12.441685772500932,11.952541506616399,12.894176979898475,14.711635195999328,1.0,1.0,0.0,0.0
reserve_only,normal,606,96,0.6041666666666666,0.3854166666666667,0.010416666666666666,0.9687295503218482,0.9371287293038529,102.6952874933297,1.1455318834424795,2.1640131492425785,0.0,1.0,0.0,0.0,0.0,0.0,0.0,0.0,0.5,0.4023814418859166,0.2812848142639268,0.2746874815784395,0.3334380016895011,0.0,0.0,0.0,0.0,12.465763479970823,12.08337550633587,12.708166759693995,14.66188719787162,1.0,1.0,0.0,0.0
reserve_only,normal,707,96,0.6145833333333334,0.3854166666666667,0.0,0.9688993511824456,0.9378747251439797,98.79744877237327,1.1320090905062348,2.1812757055402283,0.0,1.0,0.0,0.0,0.0,0.0,0.0,0.0,0.5,0.4023814418859166,0.2796709977701539,0.2687499800231308,0.32911500602494925,0.0,0.0,0.0,0.0,12.534164955165275,12.071624980308115,12.922084220917895,14.843172565451749,1.0,1.0,0.0,0.0
reserve_only,normal,808,96,0.5833333333333334,0.40625,0.010416666666666666,0.9689024876711324,0.9371309973421287,100.65958269780026,1.126178102449525,2.1926874474934515,0.0,1.0,0.0,0.0,0.0,0.0,0.0,0.0,0.5,0.4023814418859166,0.27719922703302774,0.26133350911550224,0.33801076642703265,0.0,0.0,0.0,0.0,12.136373713171148,12.003103998722509,12.750614259857684,12.879273211001417,1.0,1.0,0.0,0.0
reserve_only,normal,909,96,0.59375,0.3958333333333333,0.010416666666666666,0.9690921465320622,0.9331567183842621,102.55679527930181,1.1283886922121262,2.146852591944959,0.0,1.0,0.0,0.0,0.0,0.0,0.0,0.0,0.5,0.4023814418859166,0.27689455419022124,0.26512451586313546,0.33252101275138557,0.0,0.0,0.0,0.0,12.436066834197845,12.0654990314506,12.694208504399285,14.662165183108222,1.0,1.0,0.0,0.0
reserve_only,normal,1010,96,0.5833333333333334,0.3854166666666667,0.03125,0.9687894345020295,0.9360933640453626,104.66253558562917,1.1343987100933777,2.178904093053997,0.0,1.0,0.0,0.0,0.0,0.0,0.0,0.0,0.5,0.4023814418859166,0.2754110525226376,0.26593750226311386,0.3336979862069711,0.0,0.0,0.0,0.0,12.156418002632563,12.01295797363855,12.759072706103325,13.002214333391747,1.0,1.0,0.0,0.0
reserve_only,normal,1111,96,0.6041666666666666,0.3854166666666667,0.010416666666666666,0.9688262413469406,0.9369873813824331,100.04828235562961,1.142324552115846,2.1510191861684174,0.0,1.0,0.0,0.0,0.0,0.0,0.0,0.0,0.5,0.4023814418859166,0.27793920586797566,0.26412500301375985,0.33324025571346283,0.0,0.0,0.0,0.0,12.477993910579244,12.075812963303179,12.809114487026818,14.517246981267741,1.0,1.0,0.0,0.0
reserve_only,normal,1212,96,0.6041666666666666,0.3854166666666667,0.010416666666666666,0.9687975097035131,0.9324244476948792,100.85611375989092,1.1393611002695536,2.1554182993168944,0.0,1.0,0.0,0.0,0.0,0.0,0.0,0.0,0.5,0.4023814418859166,0.27772615612775553,0.26358349714428186,0.33653172431513667,0.0,0.0,0.0,0.0,12.454355934702713,12.015354499453679,12.726615241263062,14.896841649897318,1.0,1.0,0.0,0.0
reserve_only,normal,1313,96,0.625,0.3541666666666667,0.020833333333333332,0.9688741893288558,0.9347044360942567,102.72446804931172,1.133604046685844,2.152418506732161,0.0,1.0,0.0,0.0,0.0,0.0,0.0,0.0,0.5,0.4023814418859166,0.2792564810079057,0.27318752836436033,0.3349477192386985,0.0,0.0,0.0,0.0,12.396773461659905,11.994603468338028,12.780219214619137,14.667418695171289,1.0,1.0,0.0,0.0
reserve_only,normal,1414,96,0.6041666666666666,0.3958333333333333,0.0,0.9688609082166165,0.9366756839565092,98.48113010645241,1.1341276695925313,2.1740544304156346,0.0,1.0,0.0,0.0,0.0,0.0,0.0,0.0,0.5,0.4023814418859166,0.27829252758238,0.26956299552693963,0.34172923187725246,0.0,0.0,0.0,0.0,12.505068549823287,12.112103548133746,12.84117675095331,14.838419060106311,1.0,1.0,0.0,0.0
reserve_only,normal,1515,96,0.59375,0.3958333333333333,0.010416666666666666,0.9687866412304125,0.9341922600744532,100.74348370613437,1.1447813851255322,2.164930307037286,0.0,1.0,0.0,0.0,0.0,0.0,0.0,0.0,0.5,0.4023814418859166,0.27686803999434534,0.2684169739950448,0.3355939843459055,0.0,0.0,0.0,0.0,12.19314280206163,12.116083496948704,12.679822990321554,12.795277367695233,1.0,1.0,0.0,0.0
reserve_only,normal,1616,96,0.5729166666666666,0.3958333333333333,0.03125,0.9686692174216113,0.938081348968715,105.7067384283686,1.150638244117334,2.159270297946769,0.0,1.0,0.0,0.0,0.0,0.0,0.0,0.0,0.5,0.4023814418859166,0.2801366857359729,0.27208347455598414,0.3353122156113386,0.0,0.0,0.0,0.0,12.502397988403876,12.0786665356718,12.97014654846862,15.06609133211888,1.0,1.0,0.0,0.0
reserve_only,normal,1717,96,0.5833333333333334,0.40625,0.010416666666666666,0.9683466829206234,0.9350584385003804,100.75125416800775,1.157915266276035,2.1637015331606047,0.0,1.0,0.0,0.0,0.0,0.0,0.0,0.0,0.5,0.4023814418859166,0.27895878035148297,0.27043750742450356,0.3373437066329643,0.0,0.0,0.0,0.0,12.191644541114025,12.107833957998082,12.717406716546975,12.858713985770008,1.0,1.0,0.0,0.0
reserve_only,normal,1818,96,0.6041666666666666,0.375,0.020833333333333332,0.969008718606191,0.9333355039297216,113.24630234963865,1.1295030505388315,2.171722835618718,0.0,1.0,0.0,0.0,0.0,0.0,0.0,0.0,0.5,0.4023814418859166,0.2800447424912515,0.2767500118352473,0.3311875043436885,0.0,0.0,0.0,0.0,12.506174971349537,12.105062021873891,12.83304172102362,14.93455305753734,1.0,1.0,0.0,0.0
reserve_only,normal,1919,96,0.5833333333333334,0.40625,0.010416666666666666,0.9687750772425726,0.9333558771952969,102.60197050301873,1.1369428312908614,2.185257389673363,0.0,1.0,0.0,0.0,0.0,0.0,0.0,0.0,0.5,0.4023814418859166,0.27980645366672735,0.2738334587775171,0.33544849429745227,0.0,0.0,0.0,0.0,12.568604166517616,12.173249531770125,12.731115217320621,14.815106641617522,1.0,1.0,0.0,0.0
reserve_only,normal,2020,96,0.59375,0.3854166666666667,0.020833333333333332,0.9685681978191489,0.9351321431343448,106.20488487829782,1.146658564260837,2.164756663187717,0.0,1.0,0.0,0.0,0.0,0.0,0.0,0.0,0.5,0.4023814418859166,0.2791492897813441,0.2741249627433717,0.34272878838237375,0.0,0.0,0.0,0.0,12.541292103681675,12.146145512815565,12.88255100371316,14.415294342324994,1.0,1.0,0.0,0.0
reserve_only,solar_surge,101,96,0.6041666666666666,0.3854166666666667,0.010416666666666666,0.9688233647874401,0.9358271823624887,102.07223515924322,1.0952454834745822,2.429587394655936,0.0,1.0,0.0,0.0,0.0,0.0,0.0,0.0,0.5,0.4023814418859166,0.2816145952238003,0.27343700639903545,0.3348852333147079,0.0,0.0,0.0,0.0,12.542622878148299,12.109333503758535,12.895427003968507,14.852776692714462,1.0,1.0,0.0,0.0
reserve_only,solar_surge,202,96,0.5729166666666666,0.40625,0.03125,0.9687432942273633,0.9352062982968796,101.80710168945784,1.095894942425506,2.4569319952688766,0.0,1.0,0.0,0.0,0.0,0.0,0.0,0.0,0.5,0.4023814418859166,0.2831909084003807,0.2748330298345536,0.3432500088820234,0.0,0.0,0.0,0.0,12.492433554749974,12.07397854886949,12.819062263588421,14.516091402037922,1.0,1.0,0.0,0.0
reserve_only,solar_surge,303,96,0.59375,0.3958333333333333,0.010416666666666666,0.9689640885153904,0.9356880261752536,104.57974209199826,1.0848776950065009,2.455517150166356,0.0,1.0,0.0,0.0,0.0,0.0,0.0,0.0,0.5,0.4023814418859166,0.28352819693585235,0.27737548225559294,0.3409167256904766,0.0,0.0,0.0,0.0,12.531594615211361,12.088124989531934,12.824260542402044,14.728712174110035,1.0,1.0,0.0,0.0
reserve_only,solar_surge,404,96,0.5729166666666666,0.40625,0.03125,0.9687084026715144,0.9347473084916595,102.03097544941326,1.100554377110689,2.4489892481065594,0.0,1.0,0.0,0.0,0.0,0.0,0.0,0.0,0.5,0.4023814418859166,0.2846674894196137,0.27552052051760256,0.3433752717683092,0.0,0.0,0.0,0.0,12.246481238131915,12.154083990026265,12.867135534179397,12.961735698627306,1.0,1.0,0.0,0.0
reserve_only,solar_surge,505,96,0.5833333333333334,0.3958333333333333,0.03125,0.9687958243109301,0.9346148924602388,105.29082544972654,1.0919229622636568,2.4708421504850913,0.0,1.0,0.0,0.0,0.0,0.0,0.0,0.0,0.5,0.4023814418859166,0.2855598243816833,0.27685449458658695,0.3406045289011672,0.0,0.0,0.0,0.0,12.628233419794318,12.230749969603494,12.885239513707347,14.795879207667815,1.0,1.0,0.0,0.0
reserve_only,solar_surge,606,96,0.6041666666666666,0.3854166666666667,0.010416666666666666,0.9689019115654199,0.9371287293038529,102.6952874933297,1.0938580790528334,2.4474797358144147,0.0,1.0,0.0,0.0,0.0,0.0,0.0,0.0,0.5,0.4023814418859166,0.28410501909093,0.2764164819382131,0.34419774601701647,0.0,0.0,0.0,0.0,12.227881974467891,12.081813008990139,12.793042784323916,12.946808640845118,1.0,1.0,0.0,0.0
reserve_only,solar_surge,707,96,0.6145833333333334,0.3854166666666667,0.0,0.9690657861723956,0.9378747251439797,98.9611447589132,1.0821123326704758,2.455123095174475,0.0,1.0,0.0,0.0,0.0,0.0,0.0,0.0,0.5,0.4023814418859166,0.2828654269251274,0.2758954942692071,0.33571898529771715,0.0,0.0,0.0,0.0,12.541603240000162,12.144291977165267,12.786636041710153,14.82366248383179,1.0,1.0,0.0,0.0
reserve_only,solar_surge,808,96,0.5833333333333334,0.40625,0.010416666666666666,0.9690693104542115,0.9371309973421287,100.65958269780026,1.0762246203924342,2.4638621466135895,0.0,1.0,0.0,0.0,0.0,0.0,0.0,0.0,0.5,0.4023814418859166,0.28745098582779366,0.27791649335995317,0.3421245055506006,0.0,0.0,0.0,0.0,12.64729953739637,12.209666951093823,12.898719243821688,14.766604840406133,1.0,1.0,0.0,0.0
reserve_only,solar_surge,909,96,0.59375,0.3958333333333333,0.010416666666666666,0.9692760645106248,0.9331567183842621,102.55679527930181,1.0732247040918501,2.4506694728674763,0.0,1.0,0.0,0.0,0.0,0.0,0.0,0.0,0.5,0.4023814418859166,0.2872686873161001,0.2795000036712736,0.340864498866722,0.0,0.0,0.0,0.0,12.62411367618673,12.2846040467266,12.875207758042961,14.901276380987765,1.0,1.0,0.0,0.0
reserve_only,solar_surge,1010,96,0.5833333333333334,0.3854166666666667,0.03125,0.968953762748361,0.9360933640453626,104.66253558562917,1.0851086411284872,2.4503504240419014,0.0,1.0,0.0,0.0,0.0,0.0,0.0,0.0,0.5,0.4023814418859166,0.28638751185402117,0.27687501278705895,0.348490008036606,0.0,0.0,0.0,0.0,12.654793334149872,12.217395997140557,12.943394991452806,14.968389284331273,1.0,1.0,0.0,0.0
reserve_only,solar_surge,1111,96,0.6041666666666666,0.3854166666666667,0.010416666666666666,0.9690077270322431,0.9369873813824331,100.04828235562961,1.0891691870400273,2.44105037305611,0.0,1.0,0.0,0.0,0.0,0.0,0.0,0.0,0.5,0.4023814418859166,0.2848967287718551,0.27560448506847024,0.3456042322795838,0.0,0.0,0.0,0.0,12.273524304570552,12.168542016297579,12.923489746754058,13.083347131032495,1.0,1.0,0.0,0.0
reserve_only,solar_surge,1212,96,0.6041666666666666,0.3854166666666667,0.010416666666666666,0.9690010416291147,0.9324244476948792,100.85611375989092,1.0865006678353684,2.4411111863733685,0.0,1.0,0.0,0.0,0.0,0.0,0.0,0.0,0.5,0.4023814418859166,0.28521310499248403,0.2761250070761889,0.3471147792879492,0.0,0.0,0.0,0.0,12.60480376186024,12.22150048124604,12.882156486739404,14.95911458041511,1.0,1.0,0.0,0.0
reserve_only,solar_surge,1313,96,0.6145833333333334,0.3645833333333333,0.020833333333333332,0.9690630842173924,0.9347044360942567,102.72446804931172,1.0804223470124679,2.443773114626507,0.0,1.0,0.0,0.0,0.0,0.0,0.0,0.0,0.5,0.4023814418859166,0.28941880130635883,0.2806659904308617,0.34805177710950375,0.0,0.0,0.0,0.0,12.332176596222174,12.198437500046566,12.893260747659951,13.089957696502095,1.0,1.0,0.0,0.0
reserve_only,solar_surge,1414,96,0.6041666666666666,0.3958333333333333,0.0,0.9690307680116002,0.9366756839565092,98.48113010645241,1.0831713086681412,2.455294901353648,0.0,1.0,0.0,0.0,0.0,0.0,0.0,0.0,0.5,0.4023814418859166,0.28592400121851824,0.28020847821608186,0.3439474676270038,0.0,0.0,0.0,0.0,12.626625356764029,12.24166649626568,12.912698541185819,14.742293645394888,1.0,1.0,0.0,0.0
reserve_only,solar_surge,1515,96,0.59375,0.3958333333333333,0.020833333333333332,0.9689652072033738,0.9341922600744532,100.74348370613437,1.0937149403237505,2.445262571703403,0.0,1.0,0.0,0.0,0.0,0.0,0.0,0.0,0.5,0.4023814418859166,0.31458943643277354,0.3029370272997767,0.4092499875696376,0.0,0.0,0.0,0.0,13.429519557879152,12.814333458663896,14.620062720496207,16.28938601352266,1.0,1.0,0.0,0.0
reserve_only,solar_surge,1616,96,0.5729166666666666,0.3958333333333333,0.03125,0.9688386050159604,0.938081348968715,105.7067384283686,1.0998617328175235,2.4371085730852053,0.0,1.0,0.0,0.0,0.0,0.0,0.0,0.0,0.5,0.4023814418859166,0.33157772971511196,0.32422898220829666,0.4210625047562644,0.0,0.0,0.0,0.0,13.791488717591468,13.33374998648651,14.90054176247213,17.3425270797451,1.0,1.0,0.0,0.0
reserve_only,solar_surge,1717,96,0.5833333333333334,0.40625,0.010416666666666666,0.9685242094386867,0.9350584385003804,100.75125416800775,1.1046735410572772,2.4568571016647076,0.0,1.0,0.0,0.0,0.0,0.0,0.0,0.0,0.5,0.4023814418859166,0.30377555231098086,0.2978330012410879,0.35178074904251844,0.0,0.0,0.0,0.0,13.148212625916736,12.731166993035004,13.834604018484242,16.271366295404636,1.0,1.0,0.0,0.0
reserve_only,solar_surge,1818,96,0.59375,0.3854166666666667,0.020833333333333332,0.9692376126314267,0.9333355039297216,113.24630234963865,1.0791907230107671,2.4456209563792806,0.0,1.0,0.0,0.0,0.0,0.0,0.0,0.0,0.5,0.4023814418859166,0.3550694491423201,0.3378545225132257,0.4439894837560132,0.0,0.0,0.0,0.0,14.2253402730906,14.32633347576484,15.544219262665138,16.742584429448467,1.0,1.0,0.0,0.0
reserve_only,solar_surge,1919,96,0.5833333333333334,0.40625,0.010416666666666666,0.9689627439893963,0.9333558771952969,102.60197050301873,1.088653943415488,2.4517605491877177,0.0,1.0,0.0,0.0,0.0,0.0,0.0,0.0,0.5,0.4023814418859166,0.29031767856698326,0.28047949308529496,0.35524999839253724,0.0,0.0,0.0,0.0,12.697635386454445,12.268875521840528,13.036280972301029,14.79477440880138,1.0,1.0,0.0,0.0
reserve_only,solar_surge,2020,96,0.59375,0.3854166666666667,0.020833333333333332,0.9687449006215973,0.9351321431343448,106.20488487829782,1.0938060542315764,2.4482445650752824,0.0,1.0,0.0,0.0,0.0,0.0,0.0,0.0,0.5,0.4023814418859166,0.28921617922605947,0.27929150382988155,0.3479792649159208,0.0,0.0,0.0,0.0,12.385934927806375,12.229374988237396,13.072135261609219,13.241687457775695,1.0,1.0,0.0,0.0
reserve_only,renewable_drop,101,96,0.8125,0.17708333333333334,0.010416666666666666,0.9641412664966439,0.9358271823624887,102.07223515924322,1.4963375326352235,1.3156811212279642,0.0,1.0,0.0,0.0,0.0,0.0,0.0,0.0,0.5,0.4023814418859166,0.2743359455052996,0.269667012616992,0.3000835422426462,0.0,0.0,0.0,0.0,12.57630472719029,12.256042042281479,12.92529127385933,15.05917983013198,1.0,1.0,0.0,0.0
reserve_only,renewable_drop,202,96,0.78125,0.19791666666666666,0.020833333333333332,0.9641222863280814,0.9352062982968796,101.80710168945784,1.497684767198016,1.3302454447887833,0.0,1.0,0.0,0.0,0.0,0.0,0.0,0.0,0.5,0.4023814418859166,0.2730976442156437,0.27122950996272266,0.29595875821541995,0.0,0.0,0.0,0.0,12.322156693699071,12.30443749227561,12.835740228183568,13.038870220771058,1.0,1.0,0.0,0.0
reserve_only,renewable_drop,303,96,0.8020833333333334,0.1875,0.010416666666666666,0.9643221312176301,0.9356880261752536,104.57974209199826,1.4855651680898003,1.319174318274294,0.0,1.0,0.0,0.0,0.0,0.0,0.0,0.0,0.5,0.4023814418859166,0.2741709734740046,0.26939550298266113,0.30214573780540377,0.0,0.0,0.0,0.0,12.61858242226784,12.267229467397556,12.967635251698084,15.001466989633553,1.0,1.0,0.0,0.0
reserve_only,renewable_drop,404,96,0.78125,0.19791666666666666,0.020833333333333332,0.9640728849859664,0.9347473084916595,102.03097544941326,1.5027849092793548,1.3225998435788062,0.0,1.0,0.0,0.0,0.0,0.0,0.0,0.0,0.5,0.4023814418859166,0.2751488846115535,0.27218699688091874,0.3045004850719124,0.0,0.0,0.0,0.0,12.58310543441136,12.256521033123136,12.870364502305165,14.82744375243775,1.0,1.0,0.0,0.0
reserve_only,renewable_drop,505,96,0.7916666666666666,0.1875,0.020833333333333332,0.9641902673865305,0.9346148924602388,105.29082544972654,1.4970769489804752,1.3302495854613503,0.0,1.0,0.0,0.0,0.0,0.0,0.0,0.0,0.5,0.4023814418859166,0.30555081442192505,0.2920414844993502,0.4079790087416768,0.0,0.0,0.0,0.0,13.46489325320969,12.500708544394001,14.923781011020765,19.23683371569485,1.0,1.0,0.0,0.0
reserve_only,renewable_drop,606,96,0.8125,0.17708333333333334,0.010416666666666666,0.964309725246669,0.9371287293038529,102.6952874933297,1.4973448555571227,1.3126274414793715,0.0,1.0,0.0,0.0,0.0,0.0,0.0,0.0,0.5,0.4023814418859166,0.2889713984283541,0.27910451171919703,0.3486352215986699,0.0,0.0,0.0,0.0,12.97617931595596,12.515562528278679,13.657042029080912,16.20370737218756,1.0,1.0,0.0,0.0
reserve_only,renewable_drop,707,96,0.8229166666666666,0.17708333333333334,0.0,0.9644496144349922,0.9378747251439797,98.79744877237327,1.4861407400459499,1.3188745756667484,0.0,1.0,0.0,0.0,0.0,0.0,0.0,0.0,0.5,0.4023814418859166,0.2754249265611482,0.2717085008043796,0.2944169827969745,0.0,0.0,0.0,0.0,12.29149218549234,12.27335401927121,12.943125795572996,13.152613982674664,1.0,1.0,0.0,0.0
reserve_only,renewable_drop,808,96,0.7916666666666666,0.19791666666666666,0.010416666666666666,0.9644592571992961,0.9371309973421287,100.65958269780026,1.4783706541089743,1.331847288304383,0.0,1.0,0.0,0.0,0.0,0.0,0.0,0.0,0.5,0.4023814418859166,0.27340581315608387,0.26852102018892765,0.2962494909297675,0.0,0.0,0.0,0.0,12.567776956226831,12.23210446187295,12.803562989574857,15.091419377131308,1.0,1.0,0.0,0.0
reserve_only,renewable_drop,909,96,0.8020833333333334,0.1875,0.010416666666666666,0.9646044640507753,0.9331567183842621,102.55679527930181,1.47604827862238,1.3182195305770812,0.0,1.0,0.0,0.0,0.0,0.0,0.0,0.0,0.5,0.4023814418859166,0.2735012688693435,0.2681880141608417,0.3010937507497147,0.0,0.0,0.0,0.0,12.265794610357261,12.23900043987669,12.88054148608353,13.111679392750373,1.0,1.0,0.0,0.0
reserve_only,renewable_drop,1010,96,0.7916666666666666,0.17708333333333334,0.03125,0.964406496606944,0.9360933640453626,104.66253558562917,1.4866468667061294,1.306989367492222,0.0,1.0,0.0,0.0,0.0,0.0,0.0,0.0,0.5,0.4023814418859166,0.2752217678789748,0.2741044736467302,0.3003855381393805,0.0,0.0,0.0,0.0,12.57823696990575,12.243541510542855,12.869365513324738,15.099036839092072,1.0,1.0,0.0,0.0
reserve_only,renewable_drop,1111,96,0.8125,0.17708333333333334,0.010416666666666666,0.9643786859854387,0.9369873813824331,100.04828235562961,1.4918102667629214,1.310593128748224,0.0,1.0,0.0,0.0,0.0,0.0,0.0,0.0,0.5,0.4023814418859166,0.27483544969679014,0.27097901329398155,0.3032495005754754,0.0,0.0,0.0,0.0,12.620669233607865,12.286999495700002,12.982604501303285,15.182441670913168,1.0,1.0,0.0,0.0
reserve_only,renewable_drop,1212,96,0.8125,0.17708333333333334,0.010416666666666666,0.9642759682707002,0.9324244476948792,100.85611375989092,1.4881337915673913,1.316315088973345,0.0,1.0,0.0,0.0,0.0,0.0,0.0,0.0,0.5,0.4023814418859166,0.2737213326327037,0.2688120002858341,0.30921847792342305,0.0,0.0,0.0,0.0,12.558485646271341,12.2011044586543,12.931853998452425,15.239740943070421,1.0,1.0,0.0,0.0
reserve_only,renewable_drop,1313,96,0.8229166666666666,0.15625,0.020833333333333332,0.9644292721747929,0.9347044360942567,102.72446804931172,1.4853103617860814,1.312845100016734,0.0,1.0,0.0,0.0,0.0,0.0,0.0,0.0,0.5,0.4023814418859166,0.2884769770995869,0.2835000050254166,0.3448957431828603,0.0,0.0,0.0,0.0,12.96281727142438,12.457374978112057,13.384520760155283,17.53062432399011,1.0,1.0,0.0,0.0
reserve_only,renewable_drop,1414,96,0.8125,0.1875,0.0,0.9643983039855953,0.9366756839565092,98.48113010645241,1.4859343627029837,1.3158740898737995,0.0,1.0,0.0,0.0,0.0,0.0,0.0,0.0,0.5,0.4023814418859166,0.277390169382367,0.27454152586869895,0.3093439881922677,0.0,0.0,0.0,0.0,12.352031690776736,12.310270976740867,12.83719774801284,13.148063953849485,1.0,1.0,0.0,0.0
reserve_only,renewable_drop,1515,96,0.8020833333333334,0.1875,0.010416666666666666,0.9642816564580811,0.9341922600744532,100.74348370613437,1.495617366555851,1.320159546041379,0.0,1.0,0.0,0.0,0.0,0.0,0.0,0.0,0.5,0.4023814418859166,0.28735028172377497,0.28337546973489225,0.32549975730944425,0.0,0.0,0.0,0.0,12.887353817253219,12.440999533282593,13.500343498890288,15.583434249856431,1.0,1.0,0.0,0.0
reserve_only,renewable_drop,1616,96,0.78125,0.1875,0.03125,0.9641154489665844,0.938081348968715,105.7067384283686,1.4991850739293522,1.3133278141914047,0.0,1.0,0.0,0.0,0.0,0.0,0.0,0.0,0.5,0.4023814418859166,0.29018972115106106,0.2844170085154474,0.34214551851619035,0.0,0.0,0.0,0.0,12.727253530708063,12.599708483321592,13.559280763729475,14.290251754573546,1.0,1.0,0.0,0.0
reserve_only,renewable_drop,1717,96,0.7916666666666666,0.19791666666666666,0.010416666666666666,0.9638887278255526,0.9350584385003804,100.75125416800775,1.5081677323665321,1.3271940187245361,0.0,1.0,0.0,0.0,0.0,0.0,0.0,0.0,0.5,0.4023814418859166,0.29529213861678727,0.27777100331149995,0.39003098208922893,0.0,0.0,0.0,0.0,13.146544376771393,12.438604462658986,14.487760796328075,17.923805606551387,1.0,1.0,0.0,0.0
reserve_only,renewable_drop,1818,96,0.8020833333333334,0.17708333333333334,0.020833333333333332,0.9645600283437039,0.9333355039297216,113.24630234963865,1.4806431783228262,1.3220453040754367,0.0,1.0,0.0,0.0,0.0,0.0,0.0,0.0,0.5,0.4023814418859166,0.29759981407551095,0.28320797719061375,0.36900024861097336,0.0,0.0,0.0,0.0,13.18740849213403,12.501729012001306,14.257187518524006,16.752726433332906,1.0,1.0,0.0,0.0
reserve_only,renewable_drop,1919,96,0.7916666666666666,0.19791666666666666,0.010416666666666666,0.9643117448355892,0.9333558771952969,102.60197050301873,1.4891595691325588,1.3162267021132368,0.0,1.0,0.0,0.0,0.0,0.0,0.0,0.0,0.5,0.4023814418859166,0.27752609882251517,0.27306252741254866,0.3021872544195503,0.0,0.0,0.0,0.0,12.65287067326426,12.350416538538411,13.007145986193791,14.686664310283883,1.0,1.0,0.0,0.0
reserve_only,renewable_drop,2020,96,0.8020833333333334,0.17708333333333334,0.020833333333333332,0.9641555236608251,0.9351321431343448,106.20488487829782,1.4951255709862437,1.3235771974142954,0.0,1.0,0.0,0.0,0.0,0.0,0.0,0.0,0.5,0.4023814418859166,0.28110200946684927,0.27987497742287815,0.30675002199131995,0.0,0.0,0.0,0.0,12.761485246907492,12.397812504786998,13.054218725301325,15.243486908730038,1.0,1.0,0.0,0.0
reserve_only,demand_spike,101,96,0.6354166666666666,0.3541666666666667,0.03125,0.9657992128995376,0.9358271823624887,105.9740624909006,1.3494152284857375,2.187827120826845,0.0,1.0,0.0,0.0,0.0,0.0,0.0,0.0,0.5,0.4023814418859166,0.29326691522631637,0.28568701236508787,0.3545202052919194,0.0,0.0,0.0,0.0,13.163351525387649,12.514937028754503,15.031406030175276,17.62942495697637,1.0,1.0,0.0,0.0
reserve_only,demand_spike,202,96,0.5833333333333334,0.375,0.052083333333333336,0.9658146836053662,0.9352062982968796,103.70742573927969,1.3476887412155936,2.2225338331572733,0.0,1.0,0.0,0.0,0.0,0.0,0.0,0.0,0.5,0.4023814418859166,0.3110746032083019,0.30618751770816743,0.3646662662504241,0.0,0.0,0.0,0.0,13.622051147952638,13.249458017526194,14.190999732818455,16.687344686943003,1.0,1.0,0.0,0.0
reserve_only,demand_spike,303,96,0.625,0.3541666666666667,0.020833333333333332,0.9660107941611864,0.9356880261752536,104.57974209199826,1.333699798889502,2.2133767875562835,0.0,1.0,0.0,0.0,0.0,0.0,0.0,0.0,0.5,0.4023814418859166,0.31189100203240133,0.3045415214728564,0.3776044904952869,0.0,0.0,0.0,0.0,13.337473916787227,13.176916487282142,15.023989239125513,17.033086932497095,1.0,1.0,0.0,0.0
reserve_only,demand_spike,404,96,0.6041666666666666,0.375,0.03125,0.9657808739852399,0.9347473084916595,103.7848064273198,1.3516735559489697,2.2126787073823277,0.0,1.0,0.0,0.0,0.0,0.0,0.0,0.0,0.5,0.4023814418859166,0.28184115762996953,0.27550000231713057,0.31379151914734393,0.0,0.0,0.0,0.0,12.824474393710261,12.415353994583711,13.130760518833995,15.305808340781288,1.0,1.0,0.0,0.0
reserve_only,demand_spike,505,96,0.6041666666666666,0.375,0.03125,0.9659639531214457,0.9346148924602388,105.29082544972654,1.3426608919523246,2.228642569415143,0.0,1.0,0.0,0.0,0.0,0.0,0.0,0.0,0.5,0.4023814418859166,0.2775828967666409,0.2747495018411428,0.3196565085090697,0.0,0.0,0.0,0.0,12.43514011245376,12.31491647195071,13.07823951356113,13.16367592080496,1.0,1.0,0.0,0.0
reserve_only,demand_spike,606,96,0.6354166666666666,0.34375,0.03125,0.9660624850755744,0.9371287293038529,102.6952874933297,1.3460004491756667,2.1938907554772316,0.0,1.0,0.0,0.0,0.0,0.0,0.0,0.0,0.5,0.4023814418859166,0.28271832585839246,0.2792919985949993,0.3240314981667325,0.0,0.0,0.0,0.0,12.77181519132379,12.384312984067947,13.107625534757972,15.130142029374763,1.0,1.0,0.0,0.0
reserve_only,demand_spike,707,96,0.65625,0.34375,0.0,0.9662015109843806,0.9378747251439797,99.93218527482817,1.3333441104072403,2.211700954009742,0.0,1.0,0.0,0.0,0.0,0.0,0.0,0.0,0.5,0.4023814418859166,0.2797118146797099,0.27458349359221756,0.3202192310709506,0.0,0.0,0.0,0.0,12.800085567505448,12.356708000879735,13.03171951440163,15.343595822923735,1.0,1.0,0.0,0.0
reserve_only,demand_spike,808,96,0.59375,0.375,0.041666666666666664,0.9661937519380445,0.9371309973421287,102.99287776159115,1.3264884375882602,2.2237065121501653,0.0,1.0,0.0,0.0,0.0,0.0,0.0,0.0,0.5,0.4023814418859166,0.28014924403881497,0.2756875182967633,0.3233647585147992,0.0,0.0,0.0,0.0,12.820726888700543,12.403520522639155,13.1348549912218,14.878083049552437,1.0,1.0,0.0,0.0
reserve_only,demand_spike,909,96,0.625,0.3645833333333333,0.020833333333333332,0.9662538893136902,0.9331567183842621,102.55679527930181,1.329036134879275,2.1805654966286987,0.0,1.0,0.0,0.0,0.0,0.0,0.0,0.0,0.5,0.4023814418859166,0.2778125114370293,0.27629148098640144,0.2968547632917762,0.0,0.0,0.0,0.0,12.79996317680343,12.394312536343932,13.071343273622915,15.299453859915875,1.0,1.0,0.0,0.0
reserve_only,demand_spike,1010,96,0.6145833333333334,0.3541666666666667,0.03125,0.9661532195804954,0.9360933640453626,104.66253558562917,1.332721898382226,2.205117049905323,0.0,1.0,0.0,0.0,0.0,0.0,0.0,0.0,0.5,0.4023814418859166,0.2765607350738719,0.2721459895838052,0.30428126046899706,0.0,0.0,0.0,0.0,12.404410960395277,12.319666479015723,13.01073950889986,13.142289550160056,1.0,1.0,0.0,0.0
reserve_only,demand_spike,1111,96,0.6145833333333334,0.3645833333333333,0.020833333333333332,0.966049622069976,0.9369873813824331,103.2936911444963,1.3429814843689563,2.1836440307192646,0.0,1.0,0.0,0.0,0.0,0.0,0.0,0.0,0.5,0.4023814418859166,0.2769557292291817,0.2717294846661389,0.30111498199403286,0.0,0.0,0.0,0.0,12.772373252422161,12.398375489283353,12.995114229852334,15.006312847253785,1.0,1.0,0.0,0.0
reserve_only,demand_spike,1212,96,0.625,0.3333333333333333,0.052083333333333336,0.9658862357534413,0.9324244476948792,103.4247395101753,1.3415040582396525,2.1923302813751415,0.0,1.0,0.0,0.0,0.0,0.0,0.0,0.0,0.5,0.4023814418859166,0.2781988653926722,0.2775830216705799,0.2966774918604642,0.0,0.0,0.0,0.0,12.486634220598111,12.39631202770397,13.077385039650835,13.169037521583958,1.0,1.0,0.0,0.0
reserve_only,demand_spike,1313,96,0.625,0.3333333333333333,0.041666666666666664,0.9661714405917937,0.9347044360942567,103.84748708499055,1.3355456901947498,2.1854150983328653,0.0,1.0,0.0,0.0,0.0,0.0,0.0,0.0,0.5,0.4023814418859166,0.27859332112711854,0.2767500118352473,0.3047502541448921,0.0,0.0,0.0,0.0,12.786174470723685,12.400334002450109,13.047552041825838,15.21549648314241,1.0,1.0,0.0,0.0
reserve_only,demand_spike,1414,96,0.6354166666666666,0.3645833333333333,0.010416666666666666,0.9661017885816179,0.9366756839565092,102.13755766653227,1.3339871932092102,2.204403073334268,0.0,1.0,0.0,0.0,0.0,0.0,0.0,0.0,0.5,0.4023814418859166,0.28272401323192753,0.27774996124207973,0.3087082877755165,0.0,0.0,0.0,0.0,12.98693712972939,12.556146015413105,13.209771001129411,15.485078858910041,1.0,1.0,0.0,0.0
reserve_only,demand_spike,1515,96,0.6145833333333334,0.375,0.020833333333333332,0.9659579654803127,0.9341922600744532,100.74348370613437,1.346643081486274,2.1989623237376645,0.0,1.0,0.0,0.0,0.0,0.0,0.0,0.0,0.5,0.4023814418859166,0.2939547994174063,0.28154152096249163,0.3449475334491581,0.0,0.0,0.0,0.0,13.199337473148868,12.786707520717755,13.976770482258871,16.590477418503635,1.0,1.0,0.0,0.0
reserve_only,demand_spike,1616,96,0.6041666666666666,0.3645833333333333,0.052083333333333336,0.9657082861223074,0.938081348968715,105.7067384283686,1.3520385945889757,2.1946616808623274,0.0,1.0,0.0,0.0,0.0,0.0,0.0,0.0,0.5,0.4023814418859166,0.3012821258986757,0.2914584765676409,0.3538750024745241,0.0,0.0,0.0,0.0,13.411736604515076,12.990104005439207,14.209343760740012,19.395565224112865,1.0,1.0,0.0,0.0
reserve_only,demand_spike,1717,96,0.6041666666666666,0.3854166666666667,0.03125,0.9655892681445334,0.9350584385003804,102.23444841337113,1.3588866906122494,2.1961017389981587,0.0,1.0,0.0,0.0,0.0,0.0,0.0,0.0,0.5,0.4023814418859166,0.28001559803669807,0.2741455100476742,0.3152502322336659,0.0,0.0,0.0,0.0,12.819128457219145,12.392520031426102,13.10017702053301,14.82935561507466,1.0,1.0,0.0,0.0
reserve_only,demand_spike,1818,96,0.6145833333333334,0.3541666666666667,0.03125,0.9662292473155496,0.9333355039297216,113.24630234963865,1.3316213984628789,2.2058791409529235,0.0,1.0,0.0,0.0,0.0,0.0,0.0,0.0,0.5,0.4023814418859166,0.27915760498823755,0.2706665254663676,0.32402100623585284,0.0,0.0,0.0,0.0,12.795374645672078,12.311645463341847,13.046072970610112,15.460208721924488,1.0,1.0,0.0,0.0
reserve_only,demand_spike,1919,96,0.6145833333333334,0.375,0.010416666666666666,0.9659995632731911,0.9333558771952969,102.60197050301873,1.336757960991705,2.2155398016128736,0.0,1.0,0.0,0.0,0.0,0.0,0.0,0.0,0.5,0.4023814418859166,0.30952775705372915,0.29527099104598165,0.40221850213129073,0.0,0.0,0.0,0.0,13.259339828437078,13.012874987907708,15.285666042473167,16.883335399325006,1.0,1.0,0.0,0.0
reserve_only,demand_spike,2020,96,0.625,0.34375,0.03125,0.9658249676325511,0.9351321431343448,106.20488487829782,1.3463015211896294,2.1962962270253605,0.0,1.0,0.0,0.0,0.0,0.0,0.0,0.0,0.5,0.4023814418859166,0.3278181320638396,0.3202499938197434,0.4079374921275303,0.0,0.0,0.0,0.0,14.286007434445006,13.801666529616341,15.99824073491618,18.88567614951159,1.0,1.0,0.0,0.0
reserve_only,ev_coincidence,101,96,0.625,0.3645833333333333,0.010416666666666666,0.9677215241912626,0.9358271823624887,102.07223515924322,1.236398125370745,2.1527824652397207,0.0,1.0,0.0,0.0,0.0,0.0,0.0,0.0,0.5,0.4023814418859166,0.3103879941287839,0.2981875149998814,0.3736880171345547,0.0,0.0,0.0,0.0,13.175791670922385,13.052770460490137,14.44268824707251,15.240380581235511,1.0,1.0,0.0,0.0
reserve_only,ev_coincidence,202,96,0.59375,0.3854166666666667,0.020833333333333332,0.9675552716233385,0.9352062982968796,101.80710168945784,1.234863521588568,2.18937714478802,0.0,1.0,0.0,0.0,0.0,0.0,0.0,0.0,0.5,0.4023814418859166,0.3061384504690068,0.2951874921564013,0.39709398697596043,0.0,0.0,0.0,0.0,13.399191386270104,12.694770528469235,14.664937742054462,20.50488473614669,1.0,1.0,0.0,0.0
reserve_only,ev_coincidence,303,96,0.6041666666666666,0.3854166666666667,0.010416666666666666,0.96784752012121,0.9356880261752536,104.57974209199826,1.2223804373859348,2.181883921714204,0.0,1.0,0.0,0.0,0.0,0.0,0.0,0.0,0.5,0.4023814418859166,0.28615931538903777,0.2776875044219196,0.3484997432678938,0.0,0.0,0.0,0.0,12.832623294040483,12.389750481816009,13.149344027624466,15.406905981944792,1.0,1.0,0.0,0.0
reserve_only,ev_coincidence,404,96,0.5833333333333334,0.3958333333333333,0.020833333333333332,0.9675937921131533,0.9347473084916595,102.03097544941326,1.2389553904534267,2.1800007366267398,0.0,1.0,0.0,0.0,0.0,0.0,0.0,0.0,0.5,0.4023814418859166,0.2902833839470986,0.28162504895590246,0.34909324313048273,0.0,0.0,0.0,0.0,12.891603243891344,12.501687480835244,13.094406764139421,15.235958300763665,1.0,1.0,0.0,0.0
reserve_only,ev_coincidence,505,96,0.59375,0.3854166666666667,0.020833333333333332,0.9677719662697282,0.9346148924602388,105.29082544972654,1.2298804652052613,2.196988773150287,0.0,1.0,0.0,0.0,0.0,0.0,0.0,0.0,0.5,0.4023814418859166,0.28771182466395356,0.2799165085889399,0.3506772918626666,0.0,0.0,0.0,0.0,12.90139410593838,12.42666647885926,13.196198764489964,15.398913950775668,1.0,1.0,0.0,0.0
reserve_only,ev_coincidence,606,96,0.6145833333333334,0.375,0.010416666666666666,0.9678408966143843,0.9371287293038529,102.6952874933297,1.2340140753687538,2.1625333258952466,0.0,1.0,0.0,0.0,0.0,0.0,0.0,0.0,0.5,0.4023814418859166,0.31541797216050327,0.299520994303748,0.41371877887286246,0.0,0.0,0.0,0.0,13.16091794433305,12.89522901060991,14.725823275512084,15.293679147725925,1.0,1.0,0.0,0.0
reserve_only,ev_coincidence,707,96,0.625,0.375,0.0,0.9679767180008702,0.9378747251439797,98.79744877237327,1.2208710260077875,2.179910946896847,0.0,1.0,0.0,0.0,0.0,0.0,0.0,0.0,0.5,0.4023814418859166,0.2989856626906355,0.29008352430537343,0.38437476905528456,0.0,0.0,0.0,0.0,13.245188327952443,12.579666537931189,14.070625766180456,17.614386428613116,1.0,1.0,0.0,0.0
reserve_only,ev_coincidence,808,96,0.59375,0.3958333333333333,0.010416666666666666,0.9679642961892526,0.9371309973421287,100.65958269780026,1.2145894267496555,2.1917019054838476,0.0,1.0,0.0,0.0,0.0,0.0,0.0,0.0,0.5,0.4023814418859166,0.2998033833137015,0.29039650689810514,0.3721355024026707,0.0,0.0,0.0,0.0,12.957380657098838,12.770708475727588,14.090385753661394,14.470588916447007,1.0,1.0,0.0,0.0
reserve_only,ev_coincidence,909,96,0.6041666666666666,0.3854166666666667,0.010416666666666666,0.9681981577313777,0.9331567183842621,102.55679527930181,1.2169487741257523,2.1470386899700222,0.0,1.0,0.0,0.0,0.0,0.0,0.0,0.0,0.5,0.4023814418859166,0.28840616444843664,0.2792080049403012,0.35143700370099396,0.0,0.0,0.0,0.0,12.87830720320926,12.413979973644018,13.284332439070567,15.512021342874425,1.0,1.0,0.0,0.0
reserve_only,ev_coincidence,1010,96,0.5833333333333334,0.3854166666666667,0.03125,0.9680159802510816,0.9360933640453626,104.66253558562917,1.2219411540629437,2.1761255940915776,0.0,1.0,0.0,0.0,0.0,0.0,0.0,0.0,0.5,0.4023814418859166,0.30699696799274534,0.2968749904539436,0.3892084496328607,0.0,0.0,0.0,0.0,13.450528311295784,12.610083009349182,14.66321873886045,17.235068738227596,1.0,1.0,0.0,0.0
reserve_only,ev_coincidence,1111,96,0.625,0.3645833333333333,0.010416666666666666,0.9678777980066661,0.9369873813824331,100.04828235562961,1.2308886165732869,2.150716047616956,0.0,1.0,0.0,0.0,0.0,0.0,0.0,0.0,0.5,0.4023814418859166,0.2936037459827882,0.28314549126662314,0.3545517392922193,0.0,0.0,0.0,0.0,13.000601614597448,12.572812498547137,13.29777123464737,15.723500348394657,1.0,1.0,0.0,0.0
reserve_only,ev_coincidence,1212,96,0.625,0.3645833333333333,0.010416666666666666,0.9678384608528798,0.9324244476948792,100.85611375989092,1.2285748762083888,2.1567626897944248,0.0,1.0,0.0,0.0,0.0,0.0,0.0,0.0,0.5,0.4023814418859166,0.28918877311904606,0.27958297869190574,0.3465515037532896,0.0,0.0,0.0,0.0,12.95082891738275,12.4612080398947,13.367791514610872,15.488517301855525,1.0,1.0,0.0,0.0
reserve_only,ev_coincidence,1313,96,0.6354166666666666,0.34375,0.020833333333333332,0.9679630764792022,0.9347044360942567,102.72446804931172,1.2227309099464663,2.1520841878100283,0.0,1.0,0.0,0.0,0.0,0.0,0.0,0.0,0.5,0.4023814418859166,0.30765195030350395,0.2946040185634047,0.4065827088197693,0.0,0.0,0.0,0.0,13.147292199088648,12.81077100429684,14.792082249186933,15.525416960008442,1.0,1.0,0.0,0.0
reserve_only,ev_coincidence,1414,96,0.6041666666666666,0.3958333333333333,0.0,0.9679688609465602,0.9366756839565092,98.48113010645241,1.2223428516992711,2.1728721523964873,0.0,1.0,0.0,0.0,0.0,0.0,0.0,0.0,0.5,0.4023814418859166,0.2872061947224817,0.27852048515342176,0.34817721461877227,0.0,0.0,0.0,0.0,12.866845548463365,12.430021015461534,13.181635760702193,15.287129467469558,1.0,1.0,0.0,0.0
reserve_only,ev_coincidence,1515,96,0.6041666666666666,0.3854166666666667,0.010416666666666666,0.9678984850709457,0.9341922600744532,100.74348370613437,1.2338732691129166,2.165069434581806,0.0,1.0,0.0,0.0,0.0,0.0,0.0,0.0,0.5,0.4023814418859166,0.2885138934895319,0.27989549562335014,0.3489902737783268,0.0,0.0,0.0,0.0,12.660562528859979,12.481604440836236,13.440541282761842,13.782302310573868,1.0,1.0,0.0,0.0
reserve_only,ev_coincidence,1616,96,0.5833333333333334,0.3854166666666667,0.03125,0.9676721149100868,0.938081348968715,105.7067384283686,1.2395278439957202,2.160079786090919,0.0,1.0,0.0,0.0,0.0,0.0,0.0,0.0,0.5,0.4023814418859166,0.2875377801198435,0.28143750387243927,0.3489582595648244,0.0,0.0,0.0,0.0,12.945437083544675,12.485999468481168,13.230957978521474,15.724207716993906,1.0,1.0,0.0,0.0
reserve_only,ev_coincidence,1717,96,0.6041666666666666,0.3854166666666667,0.010416666666666666,0.9674902873668398,0.9350584385003804,100.75125416800775,1.2466169805332328,2.1632475688253727,0.0,1.0,0.0,0.0,0.0,0.0,0.0,0.0,0.5,0.4023814418859166,0.3079214584431611,0.2997920091729611,0.38555203354917467,0.0,0.0,0.0,0.0,13.513719639377086,12.982937972992659,14.314499727333896,19.92844970955038,1.0,1.0,0.0,0.0
reserve_only,ev_coincidence,1818,96,0.6041666666666666,0.375,0.020833333333333332,0.9680928404675694,0.9333355039297216,113.24630234963865,1.2187074564308364,2.1718801070001934,0.0,1.0,0.0,0.0,0.0,0.0,0.0,0.0,0.5,0.4023814418859166,0.3072195740969619,0.2962920116260648,0.3650939906947315,0.0,0.0,0.0,0.0,13.376601937731417,13.019311998505145,13.942218502052128,16.05244647944337,1.0,1.0,0.0,0.0
reserve_only,ev_coincidence,1919,96,0.6041666666666666,0.3854166666666667,0.010416666666666666,0.9679047521885388,0.9333558771952969,102.60197050301873,1.2251385732899618,2.1840526563167453,0.0,1.0,0.0,0.0,0.0,0.0,0.0,0.0,0.5,0.4023814418859166,0.2960590124227262,0.28950005071237683,0.3571252600522712,0.0,0.0,0.0,0.0,13.252245171315735,12.757729011354968,14.051937527256086,18.429716912214563,1.0,1.0,0.0,0.0
reserve_only,ev_coincidence,2020,96,0.6145833333333334,0.3645833333333333,0.020833333333333332,0.9676646140132882,0.9351321431343448,106.20488487829782,1.2347778992768237,2.1641134192498277,0.0,1.0,0.0,0.0,0.0,0.0,0.0,0.0,0.5,0.4023814418859166,0.30102268829068635,0.28735448722727597,0.3665622207336128,0.0,0.0,0.0,0.0,13.288386030884189,12.981916981516406,14.064948249142617,15.68012174393508,1.0,1.0,0.0,0.0
reserve_only,compound,101,96,0.8125,0.17708333333333334,0.010416666666666666,0.9643619286236337,0.9358271823624887,102.07223515924322,1.459968328134688,1.54624023385457,0.0,1.0,0.0,0.0,0.0,0.0,0.0,0.0,0.5,0.4023814418859166,0.293590733538925,0.2892709744628519,0.3439584979787469,0.0,0.0,0.0,0.0,13.29737282746161,12.677062477450818,14.061895955819637,16.55375587288278,1.0,1.0,0.0,0.0
reserve_only,compound,202,96,0.78125,0.19791666666666666,0.020833333333333332,0.9643949313929981,0.9352062982968796,101.80710168945784,1.4583296523274214,1.5713521333443061,0.0,1.0,0.0,0.0,0.0,0.0,0.0,0.0,0.5,0.4023814418859166,0.284802061287337,0.28056203154847026,0.31319825211539865,0.0,0.0,0.0,0.0,12.57364791369279,12.504812475526705,13.149854974471964,13.62492082698736,1.0,1.0,0.0,0.0
reserve_only,compound,303,96,0.8020833333333334,0.1875,0.010416666666666666,0.9645583190296761,0.9356880261752536,104.57974209199826,1.4470256539221478,1.553554383199049,0.0,1.0,0.0,0.0,0.0,0.0,0.0,0.0,0.5,0.4023814418859166,0.31567805126542225,0.30629197135567665,0.395885479520075,0.0,0.0,0.0,0.0,13.764259638264775,13.234479527454823,14.906426978996024,19.154784033889783,1.0,1.0,0.0,0.0
reserve_only,compound,404,96,0.78125,0.19791666666666666,0.020833333333333332,0.9643305084136696,0.9347473084916595,102.03097544941326,1.464489981172085,1.5572819549957968,0.0,1.0,0.0,0.0,0.0,0.0,0.0,0.0,0.5,0.4023814418859166,0.30208062344172504,0.29491650639101863,0.3901557356584817,0.0,0.0,0.0,0.0,13.025485194399758,12.81937598832883,14.249385494622402,15.012514544650912,1.0,1.0,0.0,0.0
reserve_only,compound,505,96,0.7916666666666666,0.1875,0.020833333333333332,0.9644779188619532,0.9346148924602388,105.29082544972654,1.457694783807965,1.5655257426103568,0.0,1.0,0.0,0.0,0.0,0.0,0.0,0.0,0.5,0.4023814418859166,0.31007506974371307,0.3045625053346157,0.3793127107201144,0.0,0.0,0.0,0.0,13.615315964974192,13.098686962621287,14.323531751870178,16.632412833860045,1.0,1.0,0.0,0.0
reserve_only,compound,606,96,0.8125,0.17708333333333334,0.010416666666666666,0.9645875462559572,0.9371287293038529,102.6952874933297,1.4583079793212999,1.5462602568511312,0.0,1.0,0.0,0.0,0.0,0.0,0.0,0.0,0.5,0.4023814418859166,0.3077452159535217,0.29597949469462037,0.374437979189679,0.0,0.0,0.0,0.0,13.660754333614022,13.051145971985534,15.27751075627748,24.352993507636647,1.0,1.0,0.0,0.0
reserve_only,compound,707,96,0.8229166666666666,0.17708333333333334,0.0,0.9647210414312141,0.9378747251439797,98.79744877237327,1.4473570565541098,1.5529381075058422,0.0,1.0,0.0,0.0,0.0,0.0,0.0,0.0,0.5,0.4023814418859166,0.2815655552694807,0.2742920187301934,0.3210514987586066,0.0,0.0,0.0,0.0,12.861100682736529,12.482396006816998,13.326760483323596,16.044991090893664,1.0,1.0,0.0,0.0
reserve_only,compound,808,96,0.7916666666666666,0.19791666666666666,0.010416666666666666,0.9647232824728128,0.9371309973421287,100.65958269780026,1.439475059394475,1.5673772722679344,0.0,1.0,0.0,0.0,0.0,0.0,0.0,0.0,0.5,0.4023814418859166,0.2875508125725901,0.2833754988387227,0.31337549444288015,0.0,0.0,0.0,0.0,12.969700538936499,12.531854503322393,13.361228498979472,15.632727716001591,1.0,1.0,0.0,0.0
reserve_only,compound,909,96,0.8020833333333334,0.1875,0.010416666666666666,0.9648244262545246,0.9331567183842621,102.55679527930181,1.4393739175488858,1.5459908225341545,0.0,1.0,0.0,0.0,0.0,0.0,0.0,0.0,0.5,0.4023814418859166,0.28220395142852794,0.27739600045606494,0.3073749685427174,0.0,0.0,0.0,0.0,12.499173547742734,12.479228957090527,13.078969728667289,13.270953815663232,1.0,1.0,0.0,0.0
reserve_only,compound,1010,96,0.7916666666666666,0.17708333333333334,0.03125,0.9647053374617097,0.9360933640453626,104.66253558562917,1.4454082058989808,1.5474328014172067,0.0,1.0,0.0,0.0,0.0,0.0,0.0,0.0,0.5,0.4023814418859166,0.28418955419814057,0.2811244921758771,0.30857251840643585,0.0,0.0,0.0,0.0,12.878390138212126,12.510250497143716,13.300718739628792,15.62853720679405,1.0,1.0,0.0,0.0
reserve_only,compound,1111,96,0.8125,0.17708333333333334,0.010416666666666666,0.9646284557192324,0.9369873813824331,100.04828235562961,1.4538979820448894,1.5428312110043259,0.0,1.0,0.0,0.0,0.0,0.0,0.0,0.0,0.5,0.4023814418859166,0.27840967716959614,0.2733540313784033,0.3057920257560909,0.0,0.0,0.0,0.0,12.445620146536385,12.435395998181775,13.069229476968758,13.31700418377295,1.0,1.0,0.0,0.0
reserve_only,compound,1212,96,0.8125,0.17708333333333334,0.010416666666666666,0.9644720919098088,0.9324244476948792,100.85611375989092,1.4521675965547736,1.5472011400801877,0.0,1.0,0.0,0.0,0.0,0.0,0.0,0.0,0.5,0.4023814418859166,0.2806887708478219,0.2780834911391139,0.3071147220907733,0.0,0.0,0.0,0.0,12.815335137323322,12.454541982151568,13.154969259630889,15.501218425924808,1.0,1.0,0.0,0.0
reserve_only,compound,1313,96,0.8229166666666666,0.15625,0.020833333333333332,0.9646866713786025,0.9347044360942567,102.72446804931172,1.4478793478968566,1.542191860094931,0.0,1.0,0.0,0.0,0.0,0.0,0.0,0.0,0.5,0.4023814418859166,0.280978257554428,0.2747710095718503,0.3090622485615313,0.0,0.0,0.0,0.0,12.835820297065462,12.456729484256357,13.062416706816293,15.44775689544613,1.0,1.0,0.0,0.0
reserve_only,compound,1414,96,0.8125,0.1875,0.0,0.9646455175283176,0.9366756839565092,98.48113010645241,1.4475933476855178,1.5480428854530888,0.0,1.0,0.0,0.0,0.0,0.0,0.0,0.0,0.5,0.4023814418859166,0.2817256997028987,0.27891650097444654,0.30916651303414255,0.0,0.0,0.0,0.0,12.807915324932159,12.440812512068078,13.245948211988434,15.376819093944421,1.0,1.0,0.0,0.0
reserve_only,compound,1515,96,0.8020833333333334,0.1875,0.010416666666666666,0.9645049894299808,0.9341922600744532,100.74348370613437,1.4587253008382817,1.5505807641802316,0.0,1.0,0.0,0.0,0.0,0.0,0.0,0.0,0.5,0.4023814418859166,0.2812846990612646,0.27627096278592944,0.31157300691120327,0.0,0.0,0.0,0.0,12.823232606024249,12.455791962565854,13.123562472173944,15.386595821473659,1.0,1.0,0.0,0.0
reserve_only,compound,1616,96,0.78125,0.1875,0.03125,0.9643106732356425,0.938081348968715,105.7067384283686,1.4623591036227463,1.5471710345133292,0.0,1.0,0.0,0.0,0.0,0.0,0.0,0.0,0.5,0.4023814418859166,0.2792782015603734,0.2709164982661605,0.30825000430922955,0.0,0.0,0.0,0.0,12.781138036492242,12.428521527908742,13.094583511701785,14.777796709677117,1.0,1.0,0.0,0.0
reserve_only,compound,1717,96,0.7916666666666666,0.19791666666666666,0.010416666666666666,0.9641354646926524,0.9350584385003804,100.75125416800775,1.4708355952456624,1.5554117757575694,0.0,1.0,0.0,0.0,0.0,0.0,0.0,0.0,0.5,0.4023814418859166,0.28201481533566647,0.27891650097444654,0.3076980065088719,0.0,0.0,0.0,0.0,12.80894012961653,12.433041993062943,13.189135483116843,15.567262136028065,1.0,1.0,0.0,0.0
reserve_only,compound,1818,96,0.8020833333333334,0.17708333333333334,0.020833333333333332,0.9647892721520002,0.9333355039297216,113.24630234963865,1.4433355892662103,1.5553862038456514,0.0,1.0,0.0,0.0,0.0,0.0,0.0,0.0,0.5,0.4023814418859166,0.28118233482625027,0.2771665167529136,0.31090626725926995,0.0,0.0,0.0,0.0,12.495332916538851,12.417332967743278,13.08464577596169,13.509922876255585,1.0,1.0,0.0,0.0
reserve_only,compound,1919,96,0.7916666666666666,0.19791666666666666,0.010416666666666666,0.9645488538930082,0.9333558771952969,102.60197050301873,1.4504517521160665,1.5517712622176545,0.0,1.0,0.0,0.0,0.0,0.0,0.0,0.0,0.5,0.4023814418859166,0.2825807156720354,0.2759579801931977,0.31043750641401857,0.0,0.0,0.0,0.0,12.804038537675902,12.426416506059468,13.16950999898836,15.395965726929633,1.0,1.0,0.0,0.0
reserve_only,compound,2020,96,0.8020833333333334,0.17708333333333334,0.020833333333333332,0.9644203631029639,0.9351321431343448,106.20488487829782,1.4565144129780805,1.557562829403237,0.0,1.0,0.0,0.0,0.0,0.0,0.0,0.0,0.5,0.4023814418859166,0.28008680419588927,0.27400001999922097,0.308479240629822,0.0,0.0,0.0,0.0,12.468903178766292,12.439124984666705,13.044030769378878,13.293879505363291,1.0,1.0,0.0,0.0
reserve_only,extreme_compound,101,96,0.6041666666666666,0.3020833333333333,0.21875,0.9597700574467095,0.9358271823624887,123.92260447709322,1.6942530143643058,1.5772292526421798,0.0,1.0,0.0,0.0,0.0,0.0,0.0,0.0,0.5,0.4023814418859166,0.2802295681855564,0.2743749937508255,0.31068772659637034,0.0,0.0,0.0,0.0,12.776364962216272,12.413770513376221,13.207094758399762,15.456558048026553,1.0,1.0,0.0,0.0
reserve_only,extreme_compound,202,96,0.59375,0.3125,0.20833333333333334,0.9597694710059869,0.9352062982968796,119.50815098842027,1.6947201256195132,1.5895810825673222,0.0,1.0,0.0,0.0,0.0,0.0,0.0,0.0,0.5,0.4023814418859166,0.27725267621766153,0.2739584888331592,0.29851048020645976,0.0,0.0,0.0,0.0,12.762371175995213,12.39502095268108,13.103801960824057,15.393048239638942,1.0,1.0,0.0,0.0
reserve_only,extreme_compound,303,96,0.6145833333333334,0.3020833333333333,0.19791666666666666,0.9600199814528464,0.9356880261752536,118.27745364511864,1.680057113311036,1.5722779606728208,0.0,1.0,0.0,0.0,0.0,0.0,0.0,0.0,0.5,0.4023814418859166,0.28171050022744265,0.27635449077934027,0.3166567476000637,0.0,0.0,0.0,0.0,12.91464456335234,12.480375036830083,13.292687202920206,15.731830045115109,1.0,1.0,0.0,0.0
reserve_only,extreme_compound,404,96,0.5833333333333334,0.3229166666666667,0.21875,0.9597203884187246,0.9347473084916595,116.92532120457824,1.6998691814362872,1.5813577511656765,0.0,1.0,0.0,0.0,0.0,0.0,0.0,0.0,0.5,0.4023814418859166,0.28194228010155103,0.276562524959445,0.30762476671952754,0.0,0.0,0.0,0.0,12.81936552671444,12.461624952265993,13.141541232471354,15.159950606175611,1.0,1.0,0.0,0.0
reserve_only,extreme_compound,505,96,0.6145833333333334,0.3125,0.19791666666666666,0.9598404701624735,0.9346148924602388,119.88170578617985,1.694132633618463,1.5888761157506632,0.0,1.0,0.0,0.0,0.0,0.0,0.0,0.0,0.5,0.4023814418859166,0.2803376840650647,0.2779375063255429,0.30632351990789175,0.0,0.0,0.0,0.0,12.498916183782663,12.445396016119048,13.160843984223902,13.673750575981103,1.0,1.0,0.0,0.0
reserve_only,extreme_compound,606,96,0.6145833333333334,0.3020833333333333,0.20833333333333334,0.9599910760153788,0.9371287293038529,119.86313334673935,1.6929538515442477,1.5673837288796029,0.0,1.0,0.0,0.0,0.0,0.0,0.0,0.0,0.5,0.4023814418859166,0.27947916472233675,0.27670798590406775,0.30421846895478666,0.0,0.0,0.0,0.0,12.763687487677089,12.416374986059964,13.088886000332423,15.438461533631113,1.0,1.0,0.0,0.0
reserve_only,extreme_compound,707,96,0.6354166666666666,0.3020833333333333,0.1875,0.9601092832028301,0.9378747251439797,114.96422835628661,1.6827155978433783,1.5761823938433386,0.0,1.0,0.0,0.0,0.0,0.0,0.0,0.0,0.5,0.4023814418859166,0.28566535487091943,0.2809585421346128,0.32052077585831285,0.0,0.0,0.0,0.0,12.571738261006734,12.510812521213666,13.276124474941753,13.599050059565341,1.0,1.0,0.0,0.0
reserve_only,extreme_compound,808,96,0.6041666666666666,0.3020833333333333,0.19791666666666666,0.9601406578695162,0.9371309973421287,119.93264373555796,1.6738455392031544,1.5875569453381069,0.0,1.0,0.0,0.0,0.0,0.0,0.0,0.0,0.5,0.4023814418859166,0.2807469057491592,0.2774794993456453,0.29743749473709613,0.0,0.0,0.0,0.0,12.834141867036427,12.455999996745959,13.095802016323432,15.365860759629784,1.0,1.0,0.0,0.0
reserve_only,extreme_compound,909,96,0.59375,0.3229166666666667,0.21875,0.9602702203887903,0.9331567183842621,120.23492613723785,1.67221668162159,1.5746488621200998,0.0,1.0,0.0,0.0,0.0,0.0,0.0,0.0,0.5,0.4023814418859166,0.28212538563821,0.2762085059657693,0.30951025837566704,0.0,0.0,0.0,0.0,12.862586294431821,12.46233400888741,13.07380101934541,15.54239754914297,1.0,1.0,0.0,0.0
reserve_only,extreme_compound,1010,96,0.6041666666666666,0.3020833333333333,0.21875,0.9601393576893527,0.9360933640453626,116.62853226403847,1.6796785262713836,1.5558993511273504,0.0,1.0,0.0,0.0,0.0,0.0,0.0,0.0,0.5,0.4023814418859166,0.2839302402814307,0.2803330135066062,0.30687477556057274,0.0,0.0,0.0,0.0,12.876368573415675,12.458562501706183,13.329280467587523,15.613453046535058,1.0,1.0,0.0,0.0
reserve_only,extreme_compound,1111,96,0.6041666666666666,0.2916666666666667,0.21875,0.9600506867939899,0.9369873813824331,121.04367539549618,1.6877665026466815,1.5668233259946245,0.0,1.0,0.0,0.0,0.0,0.0,0.0,0.0,0.5,0.4023814418859166,0.27942313014743075,0.27633298304863274,0.30955226975493133,0.0,0.0,0.0,0.0,12.772930514984182,12.437729979865253,13.109802472172305,14.888834263547235,1.0,1.0,0.0,0.0
reserve_only,extreme_compound,1212,96,0.6145833333333334,0.3125,0.20833333333333334,0.9599025264186972,0.9324244476948792,119.91609765147635,1.6859627395346137,1.5782094277834273,0.0,1.0,0.0,0.0,0.0,0.0,0.0,0.0,0.5,0.4023814418859166,0.2811562626447994,0.2779375063255429,0.3090312238782644,0.0,0.0,0.0,0.0,12.465893631087965,12.419583013979718,13.125447527272627,13.37920777441468,1.0,1.0,0.0,0.0
reserve_only,extreme_compound,1313,96,0.6145833333333334,0.2708333333333333,0.22916666666666666,0.9600736735649656,0.9347044360942567,121.92105456588402,1.6827072555262774,1.572176551792043,0.0,1.0,0.0,0.0,0.0,0.0,0.0,0.0,0.5,0.4023814418859166,0.28587889270662953,0.2802085073199123,0.3254167240811512,0.0,0.0,0.0,0.0,12.872481339096945,12.476167030399665,13.615093732369132,15.633202370372514,1.0,1.0,0.0,0.0
reserve_only,extreme_compound,1414,96,0.6145833333333334,0.3020833333333333,0.19791666666666666,0.9600858289910984,0.9366756839565092,119.4045568308025,1.6810616659483586,1.5699558511264184,0.0,1.0,0.0,0.0,0.0,0.0,0.0,0.0,0.5,0.4023814418859166,0.2819588232038465,0.27818750822916627,0.3081870236201212,0.0,0.0,0.0,0.0,12.516259229111407,12.473457987653092,13.072395260678604,13.468232526793143,1.0,1.0,0.0,0.0
reserve_only,extreme_compound,1515,96,0.59375,0.3229166666666667,0.21875,0.959919750285915,0.9341922600744532,117.82388058234659,1.6930346469030244,1.580011010877313,0.0,1.0,0.0,0.0,0.0,0.0,0.0,0.0,0.5,0.4023814418859166,0.27929037908810034,0.2743130025919527,0.30497922853101045,0.0,0.0,0.0,0.0,12.776576390630604,12.375645455904305,13.218488966231234,15.660747993388128,1.0,1.0,0.0,0.0
reserve_only,extreme_compound,1616,96,0.5729166666666666,0.3229166666666667,0.23958333333333334,0.9597578739700742,0.938081348968715,118.63959309059223,1.6961049722631156,1.5727378630835764,0.0,1.0,0.0,0.0,0.0,0.0,0.0,0.0,0.5,0.4023814418859166,0.2815051884681452,0.275415979558602,0.309635724988766,0.0,0.0,0.0,0.0,12.836290751389848,12.421124993124977,13.116489513777196,15.523118388955385,1.0,1.0,0.0,0.0
reserve_only,extreme_compound,1717,96,0.59375,0.3229166666666667,0.20833333333333334,0.9595524218757919,0.9350584385003804,120.12203741361603,1.7045871869913516,1.584134375154659,0.0,1.0,0.0,0.0,0.0,0.0,0.0,0.0,0.5,0.4023814418859166,0.2803462939482415,0.2768960257526487,0.31029124511405826,0.0,0.0,0.0,0.0,12.766795932596628,12.41756250965409,13.055354298558086,15.070103897596624,1.0,1.0,0.0,0.0
reserve_only,extreme_compound,1818,96,0.6041666666666666,0.3229166666666667,0.21875,0.9601936989754755,0.9333355039297216,118.46347462329034,1.6782389749368232,1.5825290111969887,0.0,1.0,0.0,0.0,0.0,0.0,0.0,0.0,0.5,0.4023814418859166,0.28220702248897095,0.27881248388439417,0.30574953416362405,0.0,0.0,0.0,0.0,12.80285073031943,12.425979017280042,13.075146256596781,15.463881500181655,1.0,1.0,0.0,0.0
reserve_only,extreme_compound,1919,96,0.59375,0.3125,0.20833333333333334,0.959997267747684,0.9333558771952969,115.5691923484399,1.6841891153760358,1.570502485258372,0.0,1.0,0.0,0.0,0.0,0.0,0.0,0.0,0.5,0.4023814418859166,0.284826794086257,0.27939549181610346,0.3098337183473632,0.0,0.0,0.0,0.0,12.808588925205791,12.474479008233175,13.126687437761575,15.446864871773784,1.0,1.0,0.0,0.0
reserve_only,extreme_compound,2020,96,0.6145833333333334,0.3020833333333333,0.20833333333333334,0.9598538657409184,0.9351321431343448,121.40831832840053,1.6898957444632057,1.5771287564868925,0.0,1.0,0.0,0.0,0.0,0.0,0.0,0.0,0.5,0.4023814418859166,0.2798833199146126,0.27885448071174324,0.30466626049019396,0.0,0.0,0.0,0.0,12.776588183138907,12.404249981045723,13.06590523745399,15.549898165045217,1.0,1.0,0.0,0.0
assured,normal,101,96,1.0,0.0,0.0,0.968824460714537,0.949999999002002,99.99999896950553,1.2653547407220895,1.6031482642869181,3.5812616033966735,1.0,0.3958333333333333,0.3958333333333333,0.3958333333333333,0.0,0.0,0.17996964968887316,0.46840021245137464,0.36153364956794554,0.9880355555651477,0.30191653058864176,5.371833249228075,235.69773487482357,12.439979502232745,604.658260504948,624.2635728849564,236.68577043038871,12.73016701452434,605.4249275184702,629.1070413164562,17.625,43.0,17.625,43.0
assured,normal,202,96,1.0,0.0,0.0,0.9689494221573408,0.9499999990524266,99.99999999617953,1.2674888325470917,1.606510693891929,3.7614050937841617,1.0,0.4479166666666667,0.4479166666666667,0.4479166666666667,0.0,0.0,0.1982269974527914,0.4505351577668,0.35893051580366286,1.0905689875168416,0.3102289920207113,6.149062508484349,267.9344006131335,13.113854016410187,612.8143959795125,643.1712038727709,269.02496960065037,13.42445847694762,614.82623948541,644.768995878985,19.8125,43.0,19.8125,43.0
assured,normal,303,96,1.0,0.0,0.0,0.9688008176937163,0.949999999045651,99.99999983753631,1.2638084947728807,1.610861198232298,3.731397363901469,1.0,0.4270833333333333,0.4270833333333333,0.4270833333333333,0.0,0.0,0.19404775687984702,0.4791869992851487,0.36514257739661726,0.9367247494083131,0.31735398806631565,4.481062511331402,254.28480122112282,13.59639602014795,604.3259584985208,629.6977163146948,255.22152597053113,14.113395038293675,604.667197985691,631.5862431161804,18.9375,43.0,18.9375,43.0
assured,normal,404,96,1.0,0.0,0.0,0.96885998333815,0.9499999990864074,99.99999998671055,1.2716941670022042,1.6057081099411168,3.682144185831727,1.0,0.4166666666666667,0.4166666666666667,0.4166666666666667,0.0,0.0,0.18533927518665397,0.449745484372609,0.3612609792280866,0.9807903891972577,0.307479000184685,4.997646043193527,246.387878471675,13.037563010584563,602.6916972186882,623.2057791261468,247.36866886087228,13.397728966083378,603.0152280000038,630.2484413259663,18.5,43.0,18.5,43.0
assured,normal,505,96,1.0,0.0,0.0,0.9688780288974503,0.9499999990175475,99.99999971025723,1.2701672815228566,1.6128988956316017,3.8456836850124345,1.0,0.4270833333333333,0.4270833333333333,0.4270833333333333,0.0,0.0,0.18708323612466274,0.46413339427760314,0.3641330227174506,0.7975030427284461,0.30620850156992674,3.756062258617021,252.77741880381654,12.793958012480289,602.8378647315549,628.7759600905702,253.57492184654498,13.125166005920619,603.1525212165434,631.231262118672,18.9375,43.0,18.9375,43.0
assured,normal,606,96,1.0,0.0,0.0,0.9690124538921069,0.9499999990292493,99.99999885576592,1.2649258171214732,1.605417691605867,3.5605403872671175,1.0,0.3958333333333333,0.3958333333333333,0.3958333333333333,0.0,0.0,0.1773023633161679,0.4768441770969916,0.3673773418462328,0.9612396691712396,0.3098335291724652,4.376334021799266,237.3873337498177,13.15949999843724,603.1025314878207,630.1081146375509,238.34857341898896,13.561312487581745,603.4139377443353,631.6845500696218,17.625,43.0,17.625,43.0
assured,normal,707,96,1.0,0.0,0.0,0.9689173800430334,0.9499999993239195,98.79744877237327,1.262683411920748,1.6108673295767577,3.7113689146078856,1.0,0.3854166666666667,0.3854166666666667,0.3854166666666667,0.0,0.0,0.1858721956667511,0.47679428713315847,0.3678120293739233,1.259059814401553,0.30437501845881343,7.096051747794263,229.92966359379352,12.56318754167296,601.2396877194988,621.4977732044645,231.18872340819507,12.84677055082284,605.1341870333999,626.3612335984362,17.1875,43.0,17.1875,43.0
assured,normal,808,96,1.0,0.0,0.0,0.9691005096000707,0.9499999990259238,99.99999858898899,1.2507885807418528,1.621301417134715,3.6720259044939145,1.0,0.4270833333333333,0.4270833333333333,0.4270833333333333,0.0,0.0,0.18384628261817593,0.4830314804528932,0.36705707587902275,0.8585551046659626,0.3068959922529757,3.901499483617954,253.8972824774343,12.52624997869134,607.9980005015386,611.2425306317164,254.75583758210027,13.053250033408403,608.2982400403125,614.5758473634487,18.9375,43.0,18.9375,43.0
assured,normal,909,96,1.0,0.0,0.0,0.9692455276377814,0.9499999990667872,99.99999912882191,1.2479880723648347,1.6011983775955363,3.5916062912488496,1.0,0.4166666666666667,0.4166666666666667,0.4166666666666667,0.0,0.0,0.1837860297840086,0.46045089652363336,0.3613194777337996,0.877362908795476,0.30364550184458494,4.319624757044949,247.27100607621347,12.80537451384589,606.3887397176586,618.8862437411444,248.14836898500894,13.105499529046938,606.7168232111726,625.7042499579256,18.5,43.0,18.5,43.0
assured,normal,1010,96,1.0,0.0,0.0,0.9689434924388832,0.9499999990688717,99.99999889080094,1.2623808302230415,1.5925246363350807,3.840704544082559,1.0,0.4375,0.4375,0.4375,0.0,0.0,0.19579044602770312,0.46159191352833845,0.3636240395137715,1.0379553241364192,0.3053119871765375,6.206781486980617,258.72800002252916,12.868979014456272,603.0175937485183,625.272841687547,259.7659553466656,13.161146023776382,603.3337914850563,635.9043673495762,19.375,43.0,19.375,43.0
assured,normal,1111,96,1.0,0.0,0.0,0.9688673188245652,0.9499999990096544,99.99999998360984,1.2686398218755752,1.5957061580172676,3.699847575931414,1.0,0.40625,0.40625,0.40625,0.0,0.0,0.18397603983011548,0.4603598120197933,0.3639184461558281,0.9987939023024713,0.3054379776585847,5.43767650378868,243.60616494535256,12.746186985168606,619.6755419950932,642.2128309524851,244.604958847655,13.06341597228311,620.6188547512284,643.9778041589307,18.0625,43.0,18.0625,43.0
assured,normal,1212,96,1.0,0.0,0.0,0.9689300789115322,0.9499999990295164,99.99999948422844,1.2571940001456945,1.603121302549686,3.5490933134279032,1.0,0.3854166666666667,0.3854166666666667,0.3854166666666667,0.0,0.0,0.17971077511047248,0.46752048635437743,0.3650295767909455,0.9914982668609204,0.30989598599262536,4.224156276904978,236.45094358228866,13.159708498278633,627.678738994291,654.6509226027409,237.44244184914956,13.483021524734795,627.9872804734623,662.3382583173224,17.1875,43.0,17.1875,43.0
assured,normal,1313,96,1.0,0.0,0.0,0.969008312842873,0.949999999001678,99.99999962721012,1.2597110030592251,1.5936671872657846,3.7582513012973195,1.0,0.40625,0.40625,0.40625,0.0,0.0,0.1804991882865666,0.46463436610524117,0.36462353372990863,0.7275611236157905,0.3223959938623011,1.6484580264659598,246.83767533376036,13.446562516037375,610.4690417705569,645.0482809450477,247.56523645737616,13.761353999143466,611.746551527176,646.5756372286705,18.0625,43.0,18.0625,43.0
assured,normal,1414,96,1.0,0.0,0.0,0.9689489400354644,0.949999999024761,98.48113010645241,1.2596572324241755,1.6051614604096227,3.698933374521539,1.0,0.3958333333333333,0.3958333333333333,0.3958333333333333,0.0,0.0,0.1835375438100134,0.4718957272056783,0.36664817060562066,1.062732584614423,0.3039170114789158,5.622062526526861,243.22926514893575,12.900958012323827,624.8090732551645,648.1147777347359,244.29199773355018,13.197312015108764,625.412125751609,658.4928471362218,17.625,43.0,17.625,43.0
assured,normal,1515,96,1.0,0.0,0.0,0.9689569649056531,0.9499999990239917,99.99999850339458,1.2655383647826834,1.5987787858928435,3.703606367301508,1.0,0.3958333333333333,0.3958333333333333,0.3958333333333333,0.0,0.0,0.17866098916325224,0.4601180111078524,0.3638063621351921,1.102851572795771,0.3110830148216337,5.707062504370697,241.07699605398616,13.1246454839129,619.5649897563271,629.8072458070236,242.17984762678194,13.436020497465506,620.0534584932029,634.3632180971326,17.625,43.0,17.625,43.0
assured,normal,1616,96,1.0,0.0,0.0,0.968639938095797,0.9499999990572544,99.99999905719893,1.273362601953109,1.6114608664767434,3.5709342164628426,1.0,0.4479166666666667,0.4479166666666667,0.4479166666666667,0.0,0.0,0.18603999761802678,0.4702057457223103,0.3663408203595228,0.8782963959674817,0.3088540106546134,3.8877599727129564,266.95121091324836,12.994354037800804,605.5537812499097,616.6308187763207,267.82950730921584,13.307146029546857,605.877458510804,621.457474376075,19.8125,43.0,19.8125,43.0
assured,normal,1717,96,1.0,0.0,0.0,0.9685250316833803,0.9499999990203858,99.99999839865528,1.282115981894491,1.6060601372149927,3.6777366997257364,1.0,0.4270833333333333,0.4270833333333333,0.4270833333333333,0.0,0.0,0.1832727224646761,0.4678548682563745,0.36526443713942675,0.8969921776345776,0.31389552168548107,3.5438537306617945,259.57480767586577,13.238562474725768,622.0195627392968,644.3248833209508,260.4717998535004,13.575937482528389,624.9784274987178,646.2471624545286,18.9375,43.0,18.9375,43.0
assured,normal,1818,96,1.0,0.0,0.0,0.9691413738820914,0.9499999990255972,99.99999990423153,1.2534470860596396,1.6133260172645862,3.667553596158665,1.0,0.40625,0.40625,0.40625,0.0,0.0,0.18308637588930207,0.47032046031232055,0.36616499574031103,0.9659705319791101,0.3081040340475738,4.389198264107108,249.87478646956637,13.052645983407274,635.7830727502005,647.6929812459274,250.84075700154548,13.355187489651144,637.0633539772825,654.3621169315883,18.0625,43.0,18.0625,43.0
assured,normal,1919,96,1.0,0.0,0.0,0.9689162809364982,0.9499999990223829,99.99999868119174,1.2631706126988302,1.6011966404292626,3.80717666355026,1.0,0.4375,0.4375,0.4375,0.0,0.0,0.19400737733199636,0.45895937776534695,0.3612777031473747,1.0458454883822317,0.31537501490674913,5.23555172549095,267.0689930291701,13.023770996369421,625.3299582458567,645.7276601169724,268.1148385175523,13.348770997254178,626.3776662526652,652.066306566121,19.375,43.0,19.375,43.0
assured,normal,2020,96,1.0,0.0,0.0,0.9689151535088939,0.9499999990061505,99.99999870457573,1.2634799462896407,1.6063813740591137,3.576237280136853,1.0,0.4166666666666667,0.4166666666666667,0.4166666666666667,0.0,0.0,0.18241979277261114,0.46963636822449556,0.3651633123941429,1.1919366491686862,0.31366650364361703,6.425917221349664,256.8065421692154,13.328479486517608,628.7506349617615,655.3711211599875,257.99847881838406,13.667354476638138,632.8489682055078,656.8309544527438,18.5,43.0,18.5,43.0
assured,solar_surge,101,96,1.0,0.0,0.0,0.9682907589902611,0.949999999002002,99.99999896950553,1.283245583964708,1.5979909707916091,5.459422023392862,1.0,0.40625,0.40625,0.40625,0.0,0.0,0.24049467023205195,0.45783687779546106,0.3634880057560461,0.7398650098669654,0.3279794764239341,1.6925205127336085,251.03953689783035,13.502666493877769,632.8303437767318,659.109029182582,251.77940190769732,13.833958480972797,633.1642402947182,659.5768764876992,18.0625,43.0,18.0625,43.0
assured,solar_surge,202,96,1.0,0.0,0.0,0.9684417104925475,0.9499999990044877,99.99999999617953,1.2848175372458452,1.5972830042388773,5.594732405878203,1.0,0.4375,0.4375,0.4375,0.0,0.0,0.24732439619859412,0.44034335118699536,0.35957978125196416,0.6001558461624276,0.3275625058449805,1.6289582417812198,266.4000993251345,14.332146005472168,620.3364167595282,625.8647732291138,267.0002551712969,14.688146504340693,620.6623957550619,626.2486981839174,19.375,43.0,19.375,43.0
assured,solar_surge,303,96,1.0,0.0,0.0,0.9682011836975436,0.9499999990174659,99.99999983753631,1.2855651533883883,1.5852576618083163,5.755896826951502,1.0,0.40625,0.40625,0.40625,0.0,0.0,0.24464617458633767,0.45752560493619715,0.36387463439113743,0.72619837919774,0.30897901160642505,1.6546770057175308,249.90245487182014,12.861041468568146,617.1903642389225,670.4976059525505,250.62865325101788,13.148936966899782,617.5048857694492,670.875931586488,18.0625,43.0,18.0625,43.0
assured,solar_surge,404,96,1.0,0.0,0.0,0.9683773720997113,0.9499999990864074,99.99999998671055,1.2863637941833843,1.597015116913524,5.538071104059685,1.0,0.4270833333333333,0.4270833333333333,0.4270833333333333,0.0,0.0,0.24176099353503355,0.43962085984951865,0.35929342736228126,0.6368954266993873,0.30893750954419374,1.60993701138068,254.35413370056872,13.20102097815834,614.4952292524977,634.4478732265998,254.99102912726812,13.503228983609006,614.8065414599841,634.8270691145444,18.9375,43.0,18.9375,43.0
assured,solar_surge,505,96,1.0,0.0,0.0,0.9684076954941121,0.9499999990151703,99.99999971025723,1.284736494308986,1.603401537940101,5.687415428690613,1.0,0.4270833333333333,0.4270833333333333,0.4270833333333333,0.0,0.0,0.2503483843120807,0.45569003715106443,0.36267919490950157,0.67590666791754,0.3055834968108684,1.6142294916789979,253.50640018950799,12.796749506378546,608.9578124810942,622.0108777401038,254.18230685742552,13.097812014166266,610.2193544938928,622.333165834425,18.9375,43.0,18.9375,43.0
assured,solar_surge,606,96,1.0,0.0,0.0,0.9683433628625981,0.9499999990292493,99.99999885576592,1.2899262201334565,1.5838823353724023,5.730763367928953,1.0,0.3958333333333333,0.3958333333333333,0.3958333333333333,0.0,0.0,0.24330497144018434,0.4509270243567143,0.3621348703698646,0.7004174876783509,0.306583009660244,1.6109789867186919,235.27249264467778,12.450125010218471,596.8363019928802,617.9438601218862,235.97291013235613,12.753187504131347,598.1155307090376,618.2765809702687,17.625,43.0,17.625,43.0
assured,solar_surge,707,96,1.0,0.0,0.0,0.9683228517477597,0.9499999993239195,98.79744877237327,1.28498763284495,1.5910165678475834,5.746152521774279,1.0,0.3854166666666667,0.3854166666666667,0.3854166666666667,0.0,0.0,0.2409479517364167,0.459521082971619,0.36444958083895934,0.7590073303920993,0.30485447496175766,1.6208327724598348,229.12920099891684,12.484604492783546,595.061218511546,616.839329150389,229.88820832930892,12.771125504514202,599.7551254695281,617.4297086050501,17.1875,43.0,17.1875,43.0
assured,solar_surge,808,96,1.0,0.0,0.0,0.9685385158825714,0.9499999990259238,99.99999858898899,1.26933422774127,1.605705329036191,5.618127980828358,1.0,0.4270833333333333,0.4270833333333333,0.4270833333333333,0.0,0.0,0.24539750191638773,0.46480031748631795,0.3651839263186569,0.7250342993453766,0.3104579809587449,1.6115624748636037,253.91804946957564,12.948500487254933,609.0378127264557,615.8142249798402,254.643083768921,13.248979463241994,609.3546569900354,616.3780287955888,18.9375,43.0,18.9375,43.0
assured,solar_surge,909,96,1.0,0.0,0.0,0.9687005843431783,0.9499999990087638,99.99999912882191,1.2684238153512073,1.5815399589050654,5.726267209836319,1.0,0.40625,0.40625,0.40625,0.0,0.0,0.24462082245460182,0.44801966350052264,0.3611287487433128,0.5805724649690092,0.3037709975615144,1.5948642540024593,240.67750344571928,12.409146002028137,602.3886980110547,624.8525184404571,241.2580759106883,12.70356250461191,603.9828125067288,625.1864792284323,18.0625,43.0,18.0625,43.0
assured,solar_surge,1010,96,1.0,0.0,0.0,0.9684854403093793,0.9499999990845371,99.99999889080094,1.2781889880132773,1.579637108955667,5.711241981940416,1.0,0.4270833333333333,0.4270833333333333,0.4270833333333333,0.0,0.0,0.24881960192956662,0.45420666644864155,0.3623190779781437,0.662759950500913,0.3097500011790544,1.596353977220133,253.63520964674535,12.952875520568341,606.9867085170699,630.4511711670784,254.29796959724627,13.261500018415973,608.2585522672161,630.796160484897,18.9375,43.0,18.9375,43.0
assured,solar_surge,1111,96,1.0,0.0,0.0,0.9683857755572168,0.9499999990096544,99.99999998360984,1.2838654154615596,1.5909682100452498,5.602264604686201,1.0,0.40625,0.40625,0.40625,0.0,0.0,0.24289597773526603,0.4518183413762557,0.362131271726508,0.6276315616560169,0.3093539853580296,1.620051742065698,243.91679165576838,12.650770979234949,609.7544167860178,624.381510092644,244.5444232174244,12.929124990478158,610.083979277988,626.1983687290922,18.0625,43.0,18.0625,43.0
assured,solar_surge,1212,96,1.0,0.0,0.0,0.9684356640018045,0.9499999990295164,99.99999948422844,1.2743077544951387,1.5933131745424802,5.537582770352667,1.0,0.3958333333333333,0.3958333333333333,0.3958333333333333,0.0,0.0,0.24020358593716717,0.4545521661800643,0.362347695059911,0.7125130274895733,0.30235451413318515,1.6094162565423176,235.54480548955326,12.589708989253268,600.4600207670592,623.0464982101694,236.25731851704282,12.873375468188897,601.6560935240705,623.5436127404682,17.625,43.0,17.625,43.0
assured,solar_surge,1313,96,1.0,0.0,0.0,0.9684699632391941,0.9499999990017374,99.99999962721012,1.2776014859587548,1.5819774450132476,5.744925964439593,1.0,0.3854166666666667,0.3854166666666667,0.3854166666666667,0.0,0.0,0.24039195849747963,0.44994960699437386,0.3619288773831779,0.30099484259456705,0.29687449568882585,0.373458256945014,233.46018184747663,12.56635450408794,612.0138017286081,624.1238666669233,233.7611766900712,12.863979500252753,612.3502804839518,624.3764298124006,17.1875,43.0,17.1875,43.0
assured,solar_surge,1414,96,1.0,0.0,0.0,0.968424422777164,0.949999999024761,98.48113010645241,1.276971271258942,1.5928067837356907,5.649640485377288,1.0,0.3958333333333333,0.3958333333333333,0.3958333333333333,0.0,0.0,0.2433690280131253,0.4613085757943776,0.36456976497035615,0.8443815325639056,0.3168749972246587,1.6407919756602496,236.0187265312561,12.923145957756788,602.3607079841895,618.1763770407996,236.86310806382002,13.236228958703578,602.6527709909715,618.7719124543945,17.625,43.0,17.625,43.0
assured,solar_surge,1515,96,1.0,0.0,0.0,0.9685089404930101,0.9499999990239917,99.99999850339458,1.2801666708702886,1.5944786430037703,5.565541278248938,1.0,0.40625,0.40625,0.40625,0.0,0.0,0.24156846586897873,0.4503623199868123,0.3618140797439852,0.6876817278680392,0.30766648706048727,1.6005622455850244,241.0963381886783,12.762312486302108,600.0871567666763,612.619003848522,241.78401991654633,13.0862079677172,602.2586142789805,612.9306808812544,18.0625,43.0,18.0625,43.0
assured,solar_surge,1616,96,1.0,0.0,0.0,0.968107296552993,0.9499999990325094,99.99999905719893,1.2914140069437874,1.593693026947348,5.538040560219663,1.0,0.4270833333333333,0.4270833333333333,0.4270833333333333,0.0,0.0,0.24473915720982511,0.46038101174238594,0.36472047868423835,0.6112400333222467,0.3067500074394047,1.5959582960931584,251.69922961443567,12.975937977898866,600.9220837586327,614.5461514825001,252.3104696477579,13.273958466015756,601.2471465073759,614.8725848353934,18.9375,43.0,18.9375,43.0
assured,solar_surge,1717,96,1.0,0.0,0.0,0.9680415496758236,0.9499999990203858,99.99999839865528,1.2972573302036465,1.6019255138658761,5.598123396574451,1.0,0.4270833333333333,0.4270833333333333,0.4270833333333333,0.0,0.0,0.24510519781867754,0.4600007253176259,0.36370601148882037,0.688005198147342,0.3055830020457506,1.611801708349958,252.43537503107896,12.768666492775083,605.972364966874,615.361393764033,253.1233802292263,13.073124981019646,607.2630834387382,615.6437690689927,18.9375,43.0,18.9375,43.0
assured,solar_surge,1818,96,1.0,0.0,0.0,0.9686522810834872,0.9499999990255972,99.99999990423153,1.2707153117498955,1.6017563636687568,5.542796021598066,1.0,0.40625,0.40625,0.40625,0.0,0.0,0.23991035347893544,0.457832314832683,0.36385098689208545,0.7412330245036477,0.3047710342798382,1.6209584864554927,240.62935668856275,12.840104493079707,599.5940732536837,611.3073847896885,241.37058971306638,13.20787551230751,604.0250730002299,611.5823883796111,18.0625,43.0,18.0625,43.0
assured,solar_surge,1919,96,1.0,0.0,0.0,0.9683956636496168,0.949999999009264,99.99999868119174,1.2816397551985403,1.58274965292834,5.702989878179972,1.0,0.4166666666666667,0.4166666666666667,0.4166666666666667,0.0,0.0,0.24442017956321802,0.44830439834872754,0.3612709532759104,0.7139717145037139,0.30289648566395044,1.6034589934861287,246.51335550151998,12.491145986132324,596.7947085009655,613.8539750128984,247.2273272160237,12.7896040212363,598.0660417699255,614.4132520625135,18.5,43.0,18.5,43.0
assured,solar_surge,2020,96,1.0,0.0,0.0,0.9683450182702998,0.9499999990061505,99.99999870457573,1.284366226012681,1.5931126518916456,5.607958710544102,1.0,0.4166666666666667,0.4166666666666667,0.4166666666666667,0.0,0.0,0.24138693656952862,0.45413828560447783,0.362096727957465,0.827940119052073,0.30370798776857555,1.6012702835723758,246.02425824014063,12.63268751790747,605.1639164943481,617.8648225934012,246.8521983591927,12.93477151193656,608.9948952430859,618.178841957706,18.5,43.0,18.5,43.0
assured,renewable_drop,101,96,1.0,0.0,0.0,0.9654599658714061,0.949999999002002,99.99999896950553,1.4637889687075816,1.2606449669509523,0.003953974931737718,1.0,0.1875,0.1875,0.1875,0.0,0.0,0.0484998475985596,0.44881371723642444,0.36160911594127176,0.34356379849972046,0.28164649847894907,0.32762497721705586,119.84880645589631,12.340041488641873,595.6717187655158,616.2049392994959,120.19237025439604,12.622041977010667,595.9616974723758,616.7686556698753,8.875,43.0,8.875,43.0
assured,renewable_drop,202,96,1.0,0.0,0.0,0.9656752406567408,0.9499999990044877,99.99999999617953,1.461466311031782,1.2672339474788359,0.00344885722924381,1.0,0.21875,0.21875,0.21875,0.0,0.0,0.05097298273639408,0.43627280361122683,0.3587338734087848,0.2956258661773366,0.28529149130918086,0.3313852794235572,137.64231286162007,12.311353988479823,595.4617497482104,618.3172437478788,137.9379387277974,12.595291511388496,595.7442179642385,618.6454041453544,10.1875,43.0,10.1875,43.0
assured,renewable_drop,303,96,1.0,0.0,0.0,0.9654891395760231,0.9499999990174659,99.99999983753631,1.4607508261177227,1.2560543853136432,0.137606435287161,1.0,0.19791666666666666,0.19791666666666666,0.19791666666666666,0.0,0.0,0.04713110527048531,0.45341225187485557,0.3630859195233594,0.3638832301173049,0.2826665004249662,0.32446849218104035,125.51724044351431,12.29454152053222,591.8427812721347,616.8290333531331,125.88112367363162,12.586353957885876,597.3829692666186,617.1412458876148,9.3125,43.0,9.3125,43.0
assured,renewable_drop,404,96,1.0,0.0,0.0,0.9655819482513971,0.9499999990864074,99.99999998671055,1.4654935961669668,1.2642523481619505,0.003873608945371748,1.0,0.21875,0.21875,0.21875,0.0,0.0,0.04825231065976849,0.4376364474080729,0.3588187154797661,0.2953870959269504,0.2876039652619511,0.3302499826531857,136.97055428140933,12.349791475571692,582.6973857474513,615.0361163803609,137.26594137733628,12.639854510780424,583.0125840147957,615.356097673066,10.1875,43.0,10.1875,43.0
assured,renewable_drop,505,96,1.0,0.0,0.0,0.9656352117449893,0.9499999990151703,99.99999971025723,1.4617012648321175,1.2684960310130102,0.014023728685453945,1.0,0.20833333333333334,0.20833333333333334,0.20833333333333334,0.0,0.0,0.04906746482202954,0.44487824600178033,0.36045548478473993,0.35341283425320097,0.281771004665643,0.3358955291332677,131.38361804097562,12.311687460169196,582.4649682617746,620.747295577894,131.7370308752288,12.607479962753132,582.7735105267493,621.3574271212565,9.75,43.0,9.75,43.0
assured,renewable_drop,606,96,1.0,0.0,0.0,0.9655769124929208,0.9499999990292493,99.99999885576592,1.466779404901608,1.2559353122732395,0.08921853198455719,1.0,0.1875,0.1875,0.1875,0.0,0.0,0.04651594991418099,0.4490873917284676,0.36173427726261376,0.3317117310264924,0.2814579929690808,0.3297392831882462,119.95958330529295,12.302833027206361,583.1618750089547,614.8837163520511,120.29129503631945,12.583041505422443,586.2970520392992,615.2026851166738,8.875,43.0,8.875,43.0
assured,renewable_drop,707,96,1.0,0.0,0.0,0.9655489367233846,0.9499999993239195,98.79744877237327,1.4623911565444736,1.260963575152046,0.10067282864261856,1.0,0.17708333333333334,0.17708333333333334,0.17708333333333334,0.0,0.0,0.044006058048690476,0.45542198186774313,0.36360726403853993,0.35678689285608317,0.28208299772813916,0.32299975282512605,113.34501299825206,12.345478986389935,582.5815625139512,611.6128603636753,113.70179989110814,12.623104499652982,584.1312189877499,611.8842543917708,8.4375,43.0,8.4375,43.0
assured,renewable_drop,808,96,1.0,0.0,0.0,0.9658053661459857,0.9499999990259238,99.99999858898899,1.445515933607305,1.2713582997798418,0.0012584271309533548,1.0,0.20833333333333334,0.20833333333333334,0.20833333333333334,0.0,0.0,0.04597150715152492,0.4499510515377125,0.36216553063649615,0.34228125756878097,0.2822919632308185,0.3306559956399724,131.53543969625994,12.281521019758657,596.9707292679232,613.3723312465008,131.87772095382874,12.567187019158155,600.0181145063834,613.6545142042451,9.75,43.0,9.75,43.0
assured,renewable_drop,909,96,1.0,0.0,0.0,0.9659354803106286,0.9499999990087638,99.99999912882191,1.4463774282513775,1.251811939212103,0.13129069150982667,1.0,0.19791666666666666,0.19791666666666666,0.19791666666666666,0.0,0.0,0.048423080412129414,0.44583149073999956,0.36067634770314094,0.3053654278725541,0.2841039968188852,0.32739603193476796,125.28306040561195,12.28258348419331,578.1717502395622,613.1662895699264,125.58842583348451,12.556854519061744,578.4929587243823,613.4856729622697,9.3125,43.0,9.3125,43.0
assured,renewable_drop,1010,96,1.0,0.0,0.0,0.9657934999872942,0.9499999990728535,99.99999889080094,1.4517219101583863,1.249946743939196,0.013170214879624139,1.0,0.20833333333333334,0.20833333333333334,0.20833333333333334,0.0,0.0,0.047858113365602674,0.44589678332588933,0.3606547377265327,0.35144960080894333,0.28404148179106414,0.33047898614313453,131.1454643637262,12.308291508816183,585.3544277488254,622.2769565501949,131.49691396453514,12.601749476743862,585.6527614814695,622.8486232052092,9.75,43.0,9.75,43.0
assured,renewable_drop,1111,96,1.0,0.0,0.0,0.965617719678676,0.9499999990096544,99.99999998360984,1.4612704321485144,1.2619009278391053,0.0,1.0,0.1875,0.1875,0.1875,0.0,0.0,0.04571205702680176,0.4488627674856988,0.36151903017592524,0.34923046769108623,0.2851454773917794,0.3280627424828708,119.78054857172538,12.307166965911165,582.5391977850813,614.2865350935608,120.12977903941646,12.590645492309704,584.22939555021,614.6136958297575,8.875,43.0,8.875,43.0
assured,renewable_drop,1212,96,1.0,0.0,0.0,0.9656592200267609,0.9499999990295164,99.99999948422844,1.452896999801645,1.2592166750825369,0.0016328533180902899,1.0,0.1875,0.1875,0.1875,0.0,0.0,0.04580797212744828,0.44614467477610414,0.3606614829231454,0.32643619063795387,0.28164550894871354,0.32811524579301476,119.77872871587654,12.290624988963827,590.9354377508862,611.8933660472976,120.1051649065145,12.579832982737571,592.0650944899535,612.2116371640004,8.875,43.0,8.875,43.0
assured,renewable_drop,1313,96,1.0,0.0,0.0,0.96565964880921,0.9499999990017374,99.99999962721012,1.4569476500736123,1.2540699190974018,0.12817077066577692,1.0,0.17708333333333334,0.17708333333333334,0.17708333333333334,0.0,0.0,0.044719259910367924,0.44994960699437386,0.3619288773831779,0.29216668735898566,0.2818540087901056,0.3333850036142394,113.05420663423622,12.286520504858345,577.9575002525235,613.2763374625938,113.34637332159521,12.568416976137087,578.2772709935671,613.6003609950421,8.4375,43.0,8.4375,43.0
assured,renewable_drop,1414,96,1.0,0.0,0.0,0.9656888762255175,0.949999999024761,98.48113010645241,1.4532524932974973,1.2607841088671474,0.0,1.0,0.1875,0.1875,0.1875,0.0,0.0,0.04523626850011576,0.45126291717451367,0.36252711232473805,0.34697013021893025,0.2831874880939722,0.32880197977647185,120.65695394509628,12.253832974238321,600.2558017498814,614.8795146262273,121.0039240753152,12.53156244638376,602.0569797983626,615.1999461842934,8.875,43.0,8.875,43.0
assured,renewable_drop,1515,96,1.0,0.0,0.0,0.9657265334799336,0.9499999990239917,99.99999850339458,1.458742825950748,1.262478291622339,0.001418560474264537,1.0,0.19791666666666666,0.19791666666666666,0.19791666666666666,0.0,0.0,0.04630218411048659,0.4440607797734913,0.36056485756909346,0.3329808860144112,0.2839375229086727,0.32805225055199116,125.67473822067161,12.31931202346459,597.503270721063,614.9393919971772,126.00771910668603,12.602896051248536,600.7320102362428,615.258607204305,9.3125,43.0,9.3125,43.0
assured,renewable_drop,1616,96,1.0,0.0,0.0,0.9653643144339604,0.9499999990325094,99.99999905719893,1.4683919658098166,1.260454645383113,0.017906066810798274,1.0,0.21875,0.21875,0.21875,0.0,0.0,0.05036114838826885,0.45289788936113434,0.3631966595073768,0.2946336771856295,0.2838960208464414,0.3337710368214175,137.3223242256548,12.328395998338237,597.6426667475607,622.3280628648354,137.61695790284043,12.629771023057401,597.9887500143377,622.642087819986,10.1875,43.0,10.1875,43.0
assured,renewable_drop,1717,96,1.0,0.0,0.0,0.965258483160763,0.9499999990203858,99.99999839865528,1.475355865343812,1.2669836227409732,0.0014332581629135249,1.0,0.20833333333333334,0.20833333333333334,0.20833333333333334,0.0,0.0,0.04625340385181904,0.44701090757065504,0.3612285006736944,0.3605429592425935,0.28239600942470133,0.33733301097527146,131.72735065685023,12.348750024102628,599.5911460049683,615.9464562748326,132.08789361609283,12.627666525077075,603.7947082804749,616.2465437984793,9.75,43.0,9.75,43.0
assured,renewable_drop,1818,96,1.0,0.0,0.0,0.9658719463136576,0.9499999990255972,99.99999990423153,1.4486884050252897,1.2658398455650866,0.036326996574881254,1.0,0.19791666666666666,0.19791666666666666,0.19791666666666666,0.0,0.0,0.046986438809982815,0.4487316624333603,0.36182935405383104,0.3058081880832712,0.2833124890457839,0.3349370090290904,125.33063500995922,12.350104021606967,593.2363649917534,611.386274342658,125.6364431980425,12.640520493732765,593.8384897308424,611.7347163381055,9.3125,43.0,9.3125,43.0
assured,renewable_drop,1919,96,1.0,0.0,0.0,0.9656734535550702,0.949999999009264,99.99999868119174,1.4573536840516255,1.2546529556840271,0.08771513434738938,1.0,0.20833333333333334,0.20833333333333334,0.20833333333333334,0.0,0.0,0.04691414214242149,0.44578775647112295,0.36076777961497336,0.3443653931753943,0.28547897818498313,0.33508375054225326,131.7396831473161,12.315395521000028,590.6093122757738,615.684120520018,132.0840485404915,12.594771018484607,590.9567812632304,616.0008532140637,9.75,43.0,9.75,43.0
assured,renewable_drop,2020,96,1.0,0.0,0.0,0.965597551725977,0.9499999990061505,99.99999870457573,1.4608077991556219,1.260763066493535,0.020341219637292907,1.0,0.19791666666666666,0.19791666666666666,0.19791666666666666,0.0,0.0,0.04608261145776126,0.44348197871222045,0.3600367172127017,0.43828909474541433,0.2827289863489568,0.3322400152683258,125.3055672411089,12.347791489446536,581.3878330081934,615.6902396323858,125.74385633585432,12.628895492525771,584.369698233786,616.0069872741587,9.3125,43.0,9.3125,43.0
assured,demand_spike,101,96,0.9479166666666666,0.010416666666666666,0.052083333333333336,0.965358915151289,0.949999999002002,107.15514682097313,1.420144507961334,1.8569101187569357,2.1557809538315946,1.0,0.375,0.375,0.3229166666666667,0.0,0.052083333333333336,0.15643005357874598,0.4553190361407447,0.3628518023899314,1.1543341430903336,0.3026034974027425,6.767927523469552,213.46154771830092,12.384271016344428,605.2780627360335,639.1995232144836,214.61588186139124,12.682333996053785,609.8919477080926,640.6293893553084,15.5,43.0,15.5,43.0
assured,demand_spike,202,96,0.9270833333333334,0.010416666666666666,0.0625,0.9655935542546867,0.9499999990384137,103.14906928380402,1.4173918755992194,1.8764288806746299,2.139216968293962,1.0,0.4270833333333333,0.4270833333333333,0.3541666666666667,0.0,0.07291666666666667,0.17628366244457572,0.4455948289778388,0.36052823534116346,1.0087101048460074,0.30754198087379336,6.290072997217067,236.34877128400453,12.952999997651204,610.3085522772744,634.2780832666904,237.35748138885052,13.25387496035546,612.9136562667554,635.1216814888176,17.1875,43.0,17.1875,43.0
assured,demand_spike,303,96,0.96875,0.0,0.03125,0.9654198308224098,0.9499999990194813,102.84494760127743,1.412165731748895,1.8640668022956197,2.327843136862491,1.0,0.40625,0.40625,0.375,0.0,0.03125,0.1530359710567076,0.453040574411032,0.3622715628177436,0.9778202826661678,0.3041040035896003,5.659760005073622,237.33387679931184,12.388708477374166,611.3202295091469,633.2276083208853,238.311697081978,12.757479009451345,611.6377290309174,638.1588562333491,17.3125,43.0,17.3125,43.0
assured,demand_spike,404,96,0.9895833333333334,0.0,0.010416666666666666,0.9655913037661513,0.9499999990864074,104.10459025504981,1.4151213429400045,1.8780083739903353,2.082001119033163,1.0,0.4166666666666667,0.4166666666666667,0.40625,0.0,0.010416666666666666,0.1603310848140108,0.43962994913560577,0.3592681478795537,0.6845164850043753,0.3077079891227186,4.750593259814195,251.02464244082512,12.613083003088832,618.4427290281747,634.4643270771485,251.70915892582948,12.899291497888044,620.1753227505833,636.0401231911965,18.25,43.0,18.25,43.0
assured,demand_spike,505,96,0.9479166666666666,0.0,0.052083333333333336,0.9655709285805268,0.9499999990151703,103.81824289028177,1.417452630761164,1.8805203372594574,2.2366342371915846,1.0,0.40625,0.40625,0.3541666666666667,0.0,0.052083333333333336,0.168597504631814,0.4544537309138124,0.3623334161762495,1.1810360301751643,0.30264552333392203,6.585323280887678,229.5730056642545,12.689603987382725,615.4362187517108,633.4650333039463,230.75404169442967,12.981937499716878,615.7539482519496,638.6890686990228,16.8125,43.0,16.8125,43.0
assured,demand_spike,606,96,0.96875,0.0,0.03125,0.9655666166575848,0.9499999990292493,101.85073804889223,1.418309730199594,1.8574938331100923,2.234563051713425,1.0,0.3854166666666667,0.3854166666666667,0.3541666666666667,0.0,0.03125,0.14778303465506962,0.45367206642333047,0.3627306172844773,1.0118350328411907,0.3023750032298267,5.960135997156613,225.59863803386784,12.365333532216027,610.6405310274567,636.7289381945739,226.61047306670903,12.648812029510736,610.9639477799647,640.4830876097549,16.4375,43.0,16.4375,43.0
assured,demand_spike,707,96,0.9479166666666666,0.010416666666666666,0.041666666666666664,0.9654110963248835,0.9499999990157613,103.35187685081779,1.4209651574889914,1.8560497947083614,2.413245297479232,1.0,0.375,0.375,0.3229166666666667,0.0,0.052083333333333336,0.15842897214258767,0.4626124732876322,0.3649770581805647,0.8786424247470374,0.2977914991788566,5.319103715009987,212.44669223779056,12.36695802072063,626.4789687556913,636.7929750267649,213.32533466253759,12.657875020522624,627.4233340227511,637.3391069268109,15.5,43.0,15.5,43.0
assured,demand_spike,808,96,0.9479166666666666,0.0,0.052083333333333336,0.9657644961586084,0.9499999990259238,103.96707733683228,1.3986510084606252,1.8812038458412463,2.1548000505903318,1.0,0.4166666666666667,0.4166666666666667,0.3645833333333333,0.0,0.052083333333333336,0.16429129531216305,0.46143801314719246,0.3641165100086992,1.3430637839822641,0.3035210247617215,6.762603981769644,236.2158272377807,12.720583501504734,609.4432392419549,616.8045666650868,237.55889102176297,12.999312486499548,609.9070617638063,617.3571087041636,17.25,43.0,17.25,43.0
assured,demand_spike,909,96,0.9583333333333334,0.010416666666666666,0.041666666666666664,0.9659357319196061,0.9499999990087638,104.9903517136404,1.3958110810241504,1.8528859973101854,2.161872925539745,1.0,0.3854166666666667,0.3854166666666667,0.34375,0.0,0.041666666666666664,0.14925079200796817,0.4511717401206628,0.3617610260864585,1.009462240593469,0.3029584768228233,6.706655753077939,221.8711085109438,12.446375010767952,610.4741147719324,632.6470354135381,222.88057075153725,12.73504103301093,610.7831567642279,638.9696252881549,16.1875,43.0,16.1875,43.0
assured,demand_spike,1010,96,0.9583333333333334,0.010416666666666666,0.041666666666666664,0.9658288460922178,0.9499999990003676,103.38038730916301,1.4004926031027025,1.8701663663479224,2.0848313726047962,1.0,0.4166666666666667,0.4166666666666667,0.375,0.0,0.041666666666666664,0.16071948099514696,0.4622665443175486,0.36265602026933136,1.3006180785547865,0.306208006804809,7.407312965369783,239.55098696812152,12.753207993227988,615.316009731032,636.1446836584946,240.85160504667633,13.042145496001467,615.6355404673377,642.6666479179403,17.5,43.0,17.5,43.0
assured,demand_spike,1111,96,0.9583333333333334,0.0,0.041666666666666664,0.9655690414953728,0.9499999990096544,103.12784379248177,1.4149622568745457,1.8597631380597943,2.102071523709791,1.0,0.3854166666666667,0.3854166666666667,0.34375,0.0,0.041666666666666664,0.15548091717898652,0.45375707445476404,0.3625702081959692,0.8152217712146618,0.3044164914172143,5.036479225964285,221.90934678110352,12.44633347960189,610.6181252689566,636.9889020221308,222.72456855231817,12.767562497174367,610.9379377885489,642.129243988893,16.1875,43.0,16.1875,43.0
assured,demand_spike,1212,96,0.9375,0.0,0.0625,0.9656445690054296,0.9499999990295164,104.49843892023729,1.404020081351985,1.877694300351427,1.9214118368124637,1.0,0.3854166666666667,0.3854166666666667,0.3229166666666667,0.0,0.0625,0.15162845264951502,0.4587740985012982,0.3631418333769601,1.358012141887836,0.30497898114845157,7.227249734569341,214.77848653497253,12.437562487320974,610.8325520181097,638.4777771076187,216.13649867686036,12.732750474242494,611.1499795224518,639.6353541553253,15.6875,43.0,15.6875,43.0
assured,demand_spike,1313,96,0.9479166666666666,0.0,0.052083333333333336,0.9657131777943228,0.9499999990306659,103.2845565992125,1.4036503691959783,1.8518100645543896,2.304454491943756,1.0,0.3854166666666667,0.3854166666666667,0.3333333333333333,0.0,0.052083333333333336,0.15772454112456133,0.4376990916523529,0.35917662141039103,0.610081126675747,0.30043747392483056,3.1139164930209517,217.4093442317826,12.417604477377608,609.42410476855,633.2545232988195,218.01942535845834,12.710833485471085,609.7362917498685,633.5522622743156,15.9375,43.0,15.9375,43.0
assured,demand_spike,1414,96,0.96875,0.010416666666666666,0.020833333333333332,0.9656988931657621,0.949999999024761,102.2117560459012,1.402420439909579,1.8766294189624524,2.079818167267839,1.0,0.3854166666666667,0.3854166666666667,0.3541666666666667,0.0,0.03125,0.15544649224127668,0.4628869335021732,0.3645935988099864,1.1974787072783026,0.30616650474257767,7.120530994143337,226.73402955236574,12.403291504597291,619.3026872642804,639.4773416570388,227.93150825964403,12.686563015449792,619.6050420112442,643.44954789849,16.4375,43.0,16.4375,43.0
assured,demand_spike,1515,96,0.9479166666666666,0.0,0.052083333333333336,0.9656639029312007,0.9499999990239917,106.29887462308274,1.4124280028588714,1.8672769923276356,2.1237548494930563,1.0,0.3958333333333333,0.3958333333333333,0.34375,0.0,0.052083333333333336,0.15504145448259887,0.45014845440210766,0.3617857375663833,0.9719700865389314,0.30191699624992907,5.89841695909854,223.78554168547757,12.377082981402054,614.5363752439152,633.0010645702714,224.7575117720165,12.697999976808205,614.8422812693752,633.6237149167573,16.375,43.0,16.375,43.0
assured,demand_spike,1616,96,0.9583333333333334,0.010416666666666666,0.041666666666666664,0.9652425619923627,0.9499999990325094,101.82555641473878,1.421972896733929,1.8732404798267903,2.099956565418725,1.0,0.4166666666666667,0.4166666666666667,0.375,0.0,0.041666666666666664,0.16124054074786023,0.45886663246687415,0.36440090772234274,0.9466606128019824,0.3014584945049137,6.026260773069225,239.58193758395888,12.630583514692262,617.8393022564705,638.6763020505896,240.52859819676087,12.931187491631135,618.1625002354849,644.5013934280723,17.5,43.0,17.5,43.0
assured,demand_spike,1717,96,0.9583333333333334,0.020833333333333332,0.041666666666666664,0.965353157886069,0.9499999990101852,102.30859784028465,1.4220099099357302,1.8905190008148622,1.9019026919616098,1.0,0.4166666666666667,0.4166666666666667,0.375,0.0,0.041666666666666664,0.15240374576974838,0.46000326633579774,0.3627449175003223,1.2383255410289469,0.3055830020457506,5.861218523932621,240.84961768676294,12.519833020633087,613.8244895264506,637.0419874670915,242.0879432277919,12.802874553017318,614.1363745118724,643.2751211192226,17.5,43.0,17.5,43.0
assured,demand_spike,1818,96,0.9270833333333334,0.0,0.07291666666666667,0.9655360340742769,0.9499999990255972,105.73299761755254,1.4163292724091054,1.8496791678252231,2.4586141361960494,1.0,0.3958333333333333,0.3958333333333333,0.3229166666666667,0.0,0.07291666666666667,0.16295864180713654,0.45652183928417495,0.36175598073368304,1.2487565521344852,0.29854150488972664,6.312437486485578,216.99089756233056,12.42445851676166,609.528927016072,633.7776860833401,218.23965411446503,12.71558302687481,611.862458041287,640.2066485781688,15.875,43.0,15.875,43.0
assured,demand_spike,1919,96,0.9479166666666666,0.0,0.052083333333333336,0.9655651539309028,0.9499999990223829,103.27126724426132,1.4118560095043857,1.8671587845323905,2.240671539732585,1.0,0.4166666666666667,0.4166666666666667,0.3645833333333333,0.0,0.052083333333333336,0.18338523170513765,0.45975898497084583,0.3631827666203719,1.1398115827129611,0.3044164914172143,5.624323253869079,236.7479245034095,12.903666502097622,612.4075100233313,636.0278190579265,237.88773608612246,13.19024950498715,612.7257288026158,640.7450375292683,17.25,43.0,17.25,43.0
assured,demand_spike,2020,96,0.96875,0.010416666666666666,0.020833333333333332,0.9656805000563908,0.9499999990061505,102.89862270307171,1.40831578694861,1.8734478933070324,1.976204109121042,1.0,0.3958333333333333,0.3958333333333333,0.3645833333333333,0.0,0.03125,0.15930890726573102,0.45300857133430267,0.3619468996553235,1.0815845641142612,0.30458351830020547,5.721135210478678,231.83097872727862,12.45687500340864,611.55495850835,636.4739711629227,232.91256329139287,12.74124949122779,611.8854892702075,642.181570827961,16.875,43.0,16.875,43.0
assured,ev_coincidence,101,96,1.0,0.0,0.0,0.9673163022653947,0.949999999002002,99.99999896950553,1.332524553808856,1.7081028708151158,2.92789409843901,1.0,0.375,0.375,0.375,0.0,0.0,0.1538466515354814,0.46111950601176926,0.36838840183117866,1.1528120394359576,0.30533349490724504,5.384166754083708,227.79141019054805,12.410625029588118,610.4706775222439,635.79386943602,228.944222229984,12.693832977674901,611.1156772531103,639.2305822024355,16.75,43.0,16.75,43.0
assured,ev_coincidence,202,96,1.0,0.0,0.0,0.9675042954749422,0.9499999990014907,99.99999999617953,1.3306341473665828,1.705989314176659,3.1480967910904125,1.0,0.4166666666666667,0.4166666666666667,0.4166666666666667,0.0,0.0,0.1721310001679115,0.44133855492859625,0.3583813030151102,1.0624101851135492,0.3038544673472643,7.053364999592304,252.571779939899,12.489479500800371,611.876541734091,640.0949021161068,253.63419012501254,12.766520958393812,612.2293124935823,646.6752205538796,18.5,43.0,18.5,43.0
assured,ev_coincidence,303,96,1.0,0.0,0.0,0.9673009584015126,0.9499999990174659,99.99999983753631,1.3300277121939026,1.712333266586251,3.1134952421867754,1.0,0.4166666666666667,0.4166666666666667,0.4166666666666667,0.0,0.0,0.16627189339346368,0.4640034778803476,0.37242248022836194,1.0735173630867696,0.3066039935220033,6.174906011437997,252.3925533690393,12.617937027243897,614.1788750101114,638.7602076894837,253.46607073212604,12.920436536660418,614.4921142695239,644.0381014544982,18.5,43.0,18.5,43.0
assured,ev_coincidence,404,96,1.0,0.0,0.0,0.967571883622297,0.9499999990864074,99.99999998671055,1.3265728265048053,1.7252352940334474,2.851110809870889,1.0,0.4166666666666667,0.4166666666666667,0.4166666666666667,0.0,0.0,0.15410209196952615,0.4583775960498994,0.37671224493185146,1.2902560107856214,0.3079790039919317,6.809562284615822,252.91098523060404,12.957541475770995,612.2761042352067,640.1637541275704,254.20124124138965,13.257645478006452,612.5876667065313,648.498199347523,18.5,43.0,18.5,43.0
assured,ev_coincidence,505,96,1.0,0.0,0.0,0.9675861651133691,0.9499999990151703,99.99999971025723,1.3251787908074981,1.7315968904253518,3.031850747393706,1.0,0.4166666666666667,0.4166666666666667,0.4166666666666667,0.0,0.0,0.1622438103012083,0.4686102767040623,0.37393905352154916,1.3351445953351988,0.3052704851143062,7.460593726136722,252.38950000796953,12.73379151825793,615.0294794642832,634.811779478332,253.7246446033047,13.036750024184585,615.3338337026071,642.1830356906867,18.5,43.0,18.5,43.0
assured,ev_coincidence,606,96,1.0,0.0,0.0,0.9674772563485489,0.9499999990292493,99.99999885576592,1.3342613616061556,1.7076120819206175,3.016013347541576,1.0,0.3854166666666667,0.3854166666666667,0.3854166666666667,0.0,0.0,0.15823715190024165,0.4562545311766999,0.3669125121268286,1.101941459031271,0.3048329963348806,5.760281550465152,233.74622958241767,12.682395987212658,617.0471454970539,641.1972562549636,234.84817104144895,12.975146528333426,617.3794057685882,645.1315274025546,17.1875,43.0,17.1875,43.0
assured,ev_coincidence,707,96,1.0,0.0,0.0,0.9674578460180685,0.9499999993239195,98.79744877237327,1.3281986342169223,1.7136581051274868,3.1107756537268267,1.0,0.3854166666666667,0.3854166666666667,0.3854166666666667,0.0,0.0,0.16560383471587492,0.46879978377405673,0.37245882924416085,1.2455512496671872,0.3025625192094594,5.678530767909251,235.75360665442227,12.75787502527237,615.6713647214929,635.8381836646004,236.99915790408946,13.055041519692168,615.9925317188026,640.5305446853163,17.1875,43.0,17.1875,43.0
assured,ev_coincidence,808,96,1.0,0.0,0.0,0.9676230228276713,0.9499999990259238,99.99999858898899,1.3148006425912762,1.7150250351000902,3.135763906539019,1.0,0.4166666666666667,0.4166666666666667,0.4166666666666667,0.0,0.0,0.1614929030361816,0.4670103519043904,0.3684920765052966,1.20504296864965,0.3079375019297004,6.023395471856929,253.17805593537437,12.905937008326873,615.1515627570916,645.0117437780136,254.38309890402402,13.208895485149696,615.4629164811922,650.5367104138713,18.5,43.0,18.5,43.0
assured,ev_coincidence,909,96,1.0,0.0,0.0,0.9679457212011832,0.9499999990087638,99.99999912882191,1.3062260815605982,1.7179022794371164,2.788251119518277,1.0,0.4270833333333333,0.4270833333333333,0.4270833333333333,0.0,0.0,0.15422584961273797,0.46202008751259543,0.37577981643948655,1.083671095329919,0.308895978378132,6.236499786609784,259.117516888485,12.754708528518677,617.6486560434569,636.13232258067,260.2011879838149,13.0515624769032,621.8025735142874,640.9547315939562,18.9375,43.0,18.9375,43.0
assured,ev_coincidence,1010,96,1.0,0.0,0.0,0.9676376329013184,0.9499999990728535,99.99999889080094,1.321518652045152,1.7072458965432016,3.0295492417172385,1.0,0.4375,0.4375,0.4375,0.0,0.0,0.1699600052637634,0.4582719564540998,0.36871843187866027,1.0615226468265366,0.30591650283895433,5.207958514802158,262.7081133014144,12.877749977633357,618.2268857519375,635.5202253558673,263.76963594824093,13.167646015062928,622.3875839932589,639.0047688037157,19.375,43.0,19.375,43.0
assured,ev_coincidence,1111,96,1.0,0.0,0.0,0.9675532643719946,0.9499999990096544,99.99999998360984,1.3258611496145623,1.7159495969037777,2.8422833648864656,1.0,0.40625,0.40625,0.40625,0.0,0.0,0.16261093236980126,0.458353611229329,0.3693350813387024,1.1894922384575086,0.3015624824911356,6.449666499975137,247.57808945772317,12.488042004406452,613.5729477391578,636.6828521218849,248.76758169618066,12.795271002687514,615.8450627845014,638.3589524164563,18.0625,43.0,18.0625,43.0
assured,ev_coincidence,1212,96,1.0,0.0,0.0,0.9676100268333273,0.9499999990295164,99.99999948422844,1.3159102285279871,1.7210549405447577,2.7137723641306186,1.0,0.3854166666666667,0.3854166666666667,0.3854166666666667,0.0,0.0,0.1502731458268939,0.4662068873516872,0.37621144798815526,1.2672030843532411,0.3068329824600369,6.170760505483486,237.2461206772035,13.463499984936789,624.2983025003923,642.2802743356442,238.51332376155673,13.804500020341948,625.8898545056581,644.1279055783525,17.1875,43.0,17.1875,43.0
assured,ev_coincidence,1313,96,1.0,0.0,0.0,0.9676902464888885,0.9499999990017374,99.99999962721012,1.316247955577164,1.7085671965208535,2.97615766569031,1.0,0.375,0.375,0.375,0.0,0.0,0.15367125324471706,0.45960615451338277,0.37095713687820037,1.2359505017229822,0.30747902928851545,7.329197760554962,228.71329557165154,12.564145523356274,613.5441562364576,640.3592684364412,229.94924607337452,12.858062546001747,615.4279057518579,646.9240475940751,16.75,43.0,16.75,43.0
assured,ev_coincidence,1414,96,1.0,0.0,0.0,0.9676310772566253,0.949999999024761,98.48113010645241,1.3173449244315953,1.7259286074240254,2.8279996388582207,1.0,0.3958333333333333,0.3958333333333333,0.3958333333333333,0.0,0.0,0.15792350840308395,0.47653340826925444,0.38263846198916024,1.314373746329996,0.3098960150964558,6.584229224245064,243.83664147899253,12.870520498836413,620.6358227500459,644.8143985588104,245.15101522532254,13.173874496715143,620.9508120373357,650.1239023753442,17.625,43.0,17.625,43.0
assured,ev_coincidence,1515,96,1.0,0.0,0.0,0.9676085445882933,0.9499999990239917,99.99999850339458,1.3255938308474964,1.7204654082936008,2.851936345601356,1.0,0.3958333333333333,0.3958333333333333,0.3958333333333333,0.0,0.0,0.15485529930021227,0.45624259615844026,0.36776396828622376,1.2396024436990654,0.3095629799645394,5.8776567748282105,241.85204953028006,13.003541476791725,618.3973022561986,640.1537521043792,243.0916519739791,13.307790970429778,618.7283642648254,645.1766902900999,17.625,43.0,17.625,43.0
assured,ev_coincidence,1616,96,1.0,0.0,0.0,0.967208411174035,0.9499999990325094,99.99999905719893,1.3352188675477243,1.7198327007514416,2.8763251335427107,1.0,0.4270833333333333,0.4270833333333333,0.4270833333333333,0.0,0.0,0.16277819873913138,0.46810265235178355,0.37298465040484946,1.2921015713800443,0.3072500112466514,6.682229228317738,259.7559478848173,12.999646016396582,615.5043547187233,623.718494339846,261.04804945619736,13.300813036039472,615.824896711274,624.9668580217984,18.9375,43.0,18.9375,43.0
assured,ev_coincidence,1717,96,1.0,0.0,0.0,0.9671651554277477,0.9499999990203858,99.99999839865528,1.341990732884642,1.7230109072169817,2.8738913018633854,1.0,0.4270833333333333,0.4270833333333333,0.4270833333333333,0.0,0.0,0.15948631856334752,0.4656100929588307,0.3694258562693808,1.30654388461456,0.3076454740948975,6.868000244139694,260.1135400097216,13.078291493002325,614.7254895040533,641.2088413489982,261.42008389433613,13.379249983699992,616.1324894928839,643.3043398836162,18.9375,43.0,18.9375,43.0
assured,ev_coincidence,1818,96,1.0,0.0,0.0,0.9677698722967815,0.9499999990255972,99.99999990423153,1.3143754119632067,1.7275710699041835,2.888650085069118,1.0,0.40625,0.40625,0.40625,0.0,0.0,0.15533496725184534,0.4684128965383422,0.37330631693786165,1.2842608957726043,0.3073749830946326,6.53788550698664,248.1619648836689,13.058125507086515,619.5654474868206,641.5165410202462,249.4462257794415,13.36395851103589,620.7721665268764,650.0183770636795,18.0625,43.0,18.0625,43.0
assured,ev_coincidence,1919,96,1.0,0.0,0.0,0.9674889561663642,0.9499999990223829,99.99999868119174,1.3254444247382018,1.7081254910865353,3.1369634244669364,1.0,0.4270833333333333,0.4270833333333333,0.4270833333333333,0.0,0.0,0.16925858863724197,0.4571889378674112,0.37018700326459014,1.2420225715080353,0.30737504130229354,7.2334064898313954,261.08030341432215,13.004624983295798,616.4748955197865,627.9589458426926,262.3223259858302,13.313832983840257,617.7384892653208,633.2392065873137,18.9375,43.0,18.9375,43.0
assured,ev_coincidence,2020,96,1.0,0.0,0.0,0.9674472199061848,0.9499999990061505,99.99999870457573,1.3299605888413257,1.697998786660702,3.069516620908341,1.0,0.40625,0.40625,0.40625,0.0,0.0,0.16309330232112784,0.45351281692009165,0.3646788949337875,1.3162638715584762,0.30668749241158366,6.379218713846058,247.3488684554468,12.565604003611952,620.8877705357736,643.6752693582093,248.66513232700527,12.860291491961107,622.185302010621,651.996637810953,18.0625,43.0,18.0625,43.0
assured,compound,101,96,1.0,0.0,0.0,0.9656781242849416,0.949999999002002,99.99999896950553,1.4275566047993256,1.4944882542898053,0.003953974931737718,1.0,0.1875,0.1875,0.1875,0.0,0.0,0.0484998475985596,0.44881371723642444,0.36160911594127176,0.3469935024137764,0.28477050364017487,0.3284689737483859,120.7379783087769,12.408333481289446,596.81838551478,619.6808235807111,121.08497181119067,12.707874964689836,598.3695937466109,619.9986634979723,8.875,43.0,8.875,43.0
assured,compound,202,96,1.0,0.0,0.0,0.9659466583452812,0.9499999990044877,99.99999999617953,1.4221785973002987,1.509958263481997,0.00344885722924381,1.0,0.21875,0.21875,0.21875,0.0,0.0,0.05097298273639408,0.43627280361122683,0.3587338734087848,0.2980894278152846,0.2853540063370019,0.33649001852609217,138.5726953152092,12.434708536602557,604.4735624891473,622.4631294433493,138.87078474302447,12.724916508886963,604.9633439979516,622.7478940418223,10.1875,43.0,10.1875,43.0
assured,compound,303,96,1.0,0.0,0.0,0.965724144707702,0.9499999990174659,99.99999983753631,1.4222761608813645,1.491990824658326,0.137606435287161,1.0,0.19791666666666666,0.19791666666666666,0.19791666666666666,0.0,0.0,0.04713110527048531,0.45341225187485557,0.3630859195233594,0.3692256771804144,0.287041999399662,0.3303539997432381,126.64272655153279,12.39433346199803,586.1769170296611,621.8450356507674,127.0119522287132,12.682041473453864,587.8704480419401,622.1655151923187,9.3125,43.0,9.3125,43.0
assured,compound,404,96,1.0,0.0,0.0,0.965839095653591,0.9499999990864074,99.99999998671055,1.4272244721110845,1.499553756835303,0.003873608945371748,1.0,0.21875,0.21875,0.21875,0.0,0.0,0.04825231065976849,0.4376364474080729,0.3588187154797661,0.2976506348204566,0.2876459911931306,0.3454375109868124,138.1280958479086,12.37758350907825,585.2136045141378,619.7253103862749,138.42574648272907,12.661604007007554,585.5714897479629,620.0068793812534,10.1875,43.0,10.1875,43.0
assured,compound,505,96,1.0,0.0,0.0,0.9659196877234341,0.9499999990151703,99.99999971025723,1.4224919813042962,1.5079213484221963,0.014023728685453945,1.0,0.20833333333333334,0.20833333333333334,0.20833333333333334,0.0,0.0,0.04906746482202954,0.44487824600178033,0.36045548478473993,0.35599826333054807,0.2849790034815669,0.33706297108437866,132.3382304478097,12.387020979076624,583.996541245142,628.6615229124436,132.69422871114025,12.66493700677529,584.3182807293488,629.2666586406995,9.75,43.0,9.75,43.0
assured,compound,606,96,1.0,0.0,0.0,0.9658541889232447,0.9499999990292493,99.99999885576592,1.427772258988312,1.4902816554101128,0.08921853198455719,1.0,0.1875,0.1875,0.1875,0.0,0.0,0.04651594991418099,0.4490873917284676,0.36173427726261376,0.3348541570934079,0.28339598793536425,0.3425419854465872,120.79237890854226,12.36856251489371,589.1430000192486,620.6972881569527,121.12723306563566,12.658292049309239,589.4657294993522,620.9807375329547,8.875,43.0,8.875,43.0
assured,compound,707,96,1.0,0.0,0.0,0.9658190728452624,0.9499999993239195,98.79744877237327,1.4236774572423538,1.4967067277293917,0.10067282864261856,1.0,0.17708333333333334,0.17708333333333334,0.17708333333333334,0.0,0.0,0.044006058048690476,0.45542198186774313,0.36360726403853993,0.35961283356300555,0.2834790211636573,0.33541677112225443,114.33457159546379,12.357479514321312,583.647010527784,627.1530502737733,114.69418442902679,12.639854510780424,583.9708545390749,627.7261002775049,8.4375,43.0,8.4375,43.0
assured,compound,808,96,1.0,0.0,0.0,0.966065539836429,0.9499999990259238,99.99999858898899,1.406831535948599,1.511957014130949,0.0012584271309533548,1.0,0.20833333333333334,0.20833333333333334,0.20833333333333334,0.0,0.0,0.04597150715152492,0.4499510515377125,0.36216553063649615,0.3503307052596938,0.28649999876506627,0.34855195553973317,132.65056682272794,12.395249999826774,585.0298019795446,630.0127187831094,133.00089752798763,12.689999479334801,586.2766872451175,630.3965597995557,9.75,43.0,9.75,43.0
assured,compound,909,96,1.0,0.0,0.0,0.9661547397293706,0.9499999990087638,99.99999912882191,1.4097408246328265,1.4804894101347332,0.13129069150982667,1.0,0.19791666666666666,0.19791666666666666,0.19791666666666666,0.0,0.0,0.048423080412129414,0.44583149073999956,0.36067634770314094,0.3073768075410044,0.2846040006261319,0.3313229972263798,126.13076911535852,12.401457992382348,580.8953127125278,622.7474187471671,126.43814592289952,12.681624997640029,581.1857191874878,623.0481690581655,9.3125,43.0,9.3125,43.0
assured,compound,1010,96,1.0,0.0,0.0,0.9660895914468967,0.9499999990728535,99.99999889080094,1.4106331128570382,1.4939869031015731,0.013170214879624139,1.0,0.20833333333333334,0.20833333333333334,0.20833333333333334,0.0,0.0,0.047858113365602674,0.44589678332588933,0.3606547377265327,0.3566688665159745,0.2868124865926802,0.335552278556861,131.8695446674004,12.372187484288588,583.362708290224,620.4181600565789,132.22621353391636,12.667562492424622,583.6827188177267,620.7306815427728,9.75,43.0,9.75,43.0
assured,compound,1111,96,1.0,0.0,0.0,0.9658665218530779,0.9499999990096544,99.99999998360984,1.4234105678872162,1.4953971012102845,0.0,1.0,0.1875,0.1875,0.1875,0.0,0.0,0.04571205702680176,0.4488627674856988,0.36151903017592524,0.35177204517822247,0.2837289939634502,0.3317079972475767,120.29162846799106,12.39112499752082,581.1500524869189,627.1118455071701,120.64340051316928,12.675520993070677,581.4787919807713,627.7168707951205,8.875,43.0,8.875,43.0
assured,compound,1212,96,1.0,0.0,0.0,0.9658529349083702,0.9499999990295164,99.99999948422844,1.4170610481904629,1.493228568110518,0.0016328533180902899,1.0,0.1875,0.1875,0.1875,0.0,0.0,0.04580797212744828,0.44614467477610414,0.3606614829231454,0.32960111760379124,0.2837499778252095,0.33537522540427744,120.77139668629873,12.39191647619009,596.4196457643993,624.010658627958,121.10099780390253,12.685083522228524,597.5507707480574,624.3392374832183,8.875,43.0,8.875,43.0
assured,compound,1313,96,1.0,0.0,0.0,0.9659170480130196,0.9499999990017374,99.99999962721012,1.4195166361843874,1.483416679175599,0.12817077066577692,1.0,0.17708333333333334,0.17708333333333334,0.17708333333333334,0.0,0.0,0.044719259910367924,0.44994960699437386,0.3619288773831779,0.29637582277549274,0.286166527075693,0.3395732637727633,113.35903214361072,12.421499995980412,580.2507394837448,619.9451472668443,113.65540796638622,12.716083991108462,580.5778117210139,620.2727142575895,8.4375,43.0,8.4375,43.0
assured,compound,1414,96,1.0,0.0,0.0,0.9659331618701049,0.949999999024761,98.48113010645241,1.4150714061729985,1.4967911745853226,0.0,1.0,0.1875,0.1875,0.1875,0.0,0.0,0.04523626850011576,0.45126291717451367,0.36252711232473805,0.35220011523051653,0.2863334957510233,0.3331975167384371,121.01949828199092,12.361458502709866,585.3707392525394,623.5992268164409,121.37169839722144,12.645104492548853,585.67398924788,624.1850566380889,8.875,43.0,8.875,43.0
assured,compound,1515,96,1.0,0.0,0.0,0.9659477777998268,0.9499999990239917,99.99999850339458,1.4219629946936478,1.4955931371490725,0.001418560474264537,1.0,0.19791666666666666,0.19791666666666666,0.19791666666666666,0.0,0.0,0.04630218411048659,0.4440607797734913,0.36056485756909346,0.33553691355336923,0.2843959955498576,0.3333547501824796,126.74607989174547,12.387000519083813,588.4664479963249,623.7506579927867,127.08161680529884,12.67264544731006,589.7470727359178,624.0652100939769,9.3125,43.0,9.3125,43.0
assured,compound,1616,96,1.0,0.0,0.0,0.9655572756031449,0.9499999990325094,99.99999905719893,1.4316904125224283,1.497283874640961,0.017906066810798274,1.0,0.21875,0.21875,0.21875,0.0,0.0,0.05036114838826885,0.45289788936113434,0.3631966595073768,0.297354540938007,0.2847505093086511,0.342562489095144,137.9697182807528,12.405603978550062,597.0599894935731,623.9619787986157,138.26707282169082,12.683708482654765,597.4052502715494,624.2225413065171,10.1875,43.0,10.1875,43.0
assured,compound,1717,96,1.0,0.0,0.0,0.9655024098932965,0.9499999990203858,99.99999839865528,1.4381794834962136,1.4989395073119047,0.0014332581629135249,1.0,0.20833333333333334,0.20833333333333334,0.20833333333333334,0.0,0.0,0.04625340385181904,0.4472907926798288,0.3613205865010045,0.461771648285018,0.3274375048931688,0.4556880157906562,138.51141104108441,14.002562500536442,625.2603332832223,689.5722583314637,138.97318268936942,14.352521044202149,625.6070727540646,689.9782024236629,9.75,43.0,9.75,43.0
assured,compound,1818,96,1.0,0.0,0.0,0.9660986303180484,0.9499999990255972,99.99999990423153,1.4115201320699662,1.5025243325020288,0.036326996574881254,1.0,0.19791666666666666,0.19791666666666666,0.19791666666666666,0.0,0.0,0.046986438809982815,0.4487316624333603,0.36182935405383104,0.30912680085748434,0.28700000257231295,0.3433235106058419,126.67122269522224,12.402166496030986,587.3243019741494,627.9409690643661,126.98034949607973,12.697833532001823,587.9468752391404,628.2789134944323,9.3125,43.0,9.3125,43.0
assured,compound,1919,96,1.0,0.0,0.0,0.9659097659951673,0.949999999009264,99.99999868119174,1.4186893667008604,1.4912415078739243,0.08771513434738938,1.0,0.20833333333333334,0.20833333333333334,0.20833333333333334,0.0,0.0,0.04691414214242149,0.44578775647112295,0.36076777961497336,0.348181375253868,0.28522900538519025,0.34719775430858135,131.968429303015,12.389917013933882,583.56913550233,616.6186273854692,132.31661067826886,12.668645504163578,585.0968857412226,616.9441565143643,9.75,43.0,9.75,43.0
assured,compound,2020,96,1.0,0.0,0.0,0.9658594373768649,0.9499999990061505,99.99999870457573,1.4223595210873263,1.4986578176638117,0.020341219637292907,1.0,0.19791666666666666,0.19791666666666666,0.19791666666666666,0.0,0.0,0.04608261145776126,0.44348197871222045,0.3600367172127017,0.4388489154128668,0.28518802719190717,0.3411565121496096,126.38641403464135,12.40241652703844,587.9409162589582,617.3102943605045,126.82526295005421,12.687791546341032,588.2358847593423,617.6305812870851,9.3125,43.0,9.3125,43.0
assured,extreme_compound,101,96,0.6354166666666666,0.23958333333333334,0.20833333333333334,0.9602866406314848,0.9358271823624887,122.29557208888735,1.6532069993879972,1.5675010052954086,0.003953974931737718,1.0,0.3958333333333333,0.3958333333333333,0.03125,0.0,0.3645833333333333,0.0440187023099922,0.3035368141357015,0.2867519277030424,0.35203689670500654,0.30110450461506844,0.3306252328911796,117.87682432986912,12.551291496492922,287.5610520131886,594.0385312831495,118.22886122657412,12.842249998357147,287.8547709842678,594.572174717905,8.875,43.0,8.875,43.0
assured,extreme_compound,202,96,0.6354166666666666,0.25,0.1875,0.9603763371161823,0.9352062982968796,119.50815098842027,1.6533577859693043,1.5778865707100969,0.00344885722924381,1.0,0.40625,0.40625,0.041666666666666664,0.0,0.3645833333333333,0.04588726343313845,0.29534168696216145,0.2851935979424726,0.3003458750754362,0.2996459661517292,0.32411498250439763,122.87917311368801,12.375083519145846,288.08237497287337,599.3559875176287,123.17951898876345,12.673917051870376,288.3947807713412,599.8881847684969,9.3125,43.0,9.3125,43.0
assured,extreme_compound,303,96,0.6458333333333334,0.22916666666666666,0.1875,0.9604938690986059,0.9356880261752536,117.1152512913873,1.6447485847650878,1.5544305998022376,0.137606435287161,1.0,0.3854166666666667,0.3854166666666667,0.03125,0.0,0.3541666666666667,0.04640236977612536,0.3024795062898908,0.28666099734636186,0.37084592258906923,0.2997709671035409,0.329635469825007,114.79189196506923,12.487729458371177,286.6302502225153,588.5885830532061,115.1627378876583,12.77843746356666,286.9353124551708,595.6055990507593,8.6875,43.0,8.6875,43.0
assured,extreme_compound,404,96,0.625,0.2708333333333333,0.19791666666666666,0.9602990744999346,0.9347473084916595,115.59749138666302,1.65732169821536,1.5745932684452288,0.003873608945371748,1.0,0.4166666666666667,0.4166666666666667,0.041666666666666664,0.0,0.375,0.04750446437759794,0.2958912572035108,0.2853841690547983,0.3024948412833813,0.3037915157619864,0.334614742314443,124.87165889797325,12.594437517691404,289.64894797536545,587.7712621469982,125.17415373925662,12.888979021226987,289.95015646796674,588.0502781597897,9.5,43.0,9.5,43.0
assured,extreme_compound,505,96,0.65625,0.2604166666666667,0.17708333333333334,0.9603573523978062,0.9346148924602388,118.23308607426692,1.6534773940542753,1.5793811802551165,0.014023728685453945,1.0,0.3854166666666667,0.3854166666666667,0.041666666666666664,0.0,0.34375,0.0472024660360335,0.3040368887262385,0.28678858779242455,0.36056817892434384,0.29997900128364563,0.34166649857070297,118.50570699971286,12.441958009731025,289.5625937235309,597.9241392895345,118.8662751786372,12.755332980304956,289.84903122182004,598.4938344394321,8.9375,43.0,8.9375,43.0
assured,extreme_compound,606,96,0.6458333333333334,0.23958333333333334,0.19791666666666666,0.9604745788914187,0.9371287293038529,118.21479339196286,1.653628851320894,1.5569396068299475,0.08921853198455719,1.0,0.3854166666666667,0.3854166666666667,0.03125,0.0,0.3541666666666667,0.04346001647001687,0.30184854974824754,0.28661527047622165,0.3390225186497749,0.30158349545672536,0.3307917795609683,114.80170406321122,12.43804200203158,285.1705002540257,597.61333190836,115.14072658186099,12.734895950416103,285.4733547428623,598.0829378589987,8.6875,43.0,8.6875,43.0
assured,extreme_compound,707,96,0.6666666666666666,0.22916666666666666,0.1875,0.9605752262443166,0.9378747251439797,114.0989915494679,1.6471941859339918,1.5612450089859016,0.10067282864261856,1.0,0.3645833333333333,0.3645833333333333,0.03125,0.0,0.3333333333333333,0.048448762280395075,0.3024504807177925,0.2866627884027755,0.3638124508142937,0.29829199775122106,0.3238852368667722,109.29830421749405,12.428791495040059,284.3983957427554,555.4295583337077,109.66211666830834,12.725563021376729,284.697499970207,557.2298124840015,8.3125,43.0,8.3125,43.0
assured,extreme_compound,808,96,0.65625,0.22916666666666666,0.17708333333333334,0.9606684671280213,0.9371309973421287,118.27536709643705,1.6332875949879948,1.5732381005018121,0.0012584271309533548,1.0,0.3958333333333333,0.3958333333333333,0.052083333333333336,0.0,0.34375,0.04706198486603085,0.30547599190655644,0.28693136026653765,0.3516966450357965,0.3004790050908923,0.3388754848856479,124.08643446966987,12.450187496142462,354.6996459917864,596.0139000148047,124.43813111470566,12.752291513606906,355.0090829812689,597.7247152273776,9.375,43.0,9.375,43.0
assured,extreme_compound,909,96,0.625,0.2604166666666667,0.20833333333333334,0.9607324596508215,0.9331567183842621,118.86563903270384,1.6357490827525052,1.5574892066076287,0.13129069150982667,1.0,0.40625,0.40625,0.03125,0.0,0.375,0.04329662840524884,0.3019356915942388,0.28660957250977875,0.3141210612132757,0.30310399597510695,0.32836449099704623,119.61794578382978,12.448916531866416,286.64633372682147,566.3612919452133,119.93206684504305,12.741646496579051,286.9569169706665,567.9140648688189,9.0625,43.0,9.0625,43.0
assured,extreme_compound,1010,96,0.65625,0.22916666666666666,0.1875,0.9606520448507121,0.9360933640453626,115.10916108775528,1.6380544831535193,1.549076244757912,0.013170214879624139,1.0,0.3958333333333333,0.3958333333333333,0.052083333333333336,0.0,0.34375,0.0448339071212697,0.30342680533755667,0.28673046598912294,0.3617053850272593,0.3020839940290898,0.346156710293144,123.54452000909077,12.520145974121988,354.7092494845856,600.4422505880938,123.90622539411804,12.815666967071593,355.0109269999666,606.3985946180763,9.375,43.0,9.375,43.0
assured,extreme_compound,1111,96,0.6354166666666666,0.23958333333333334,0.20833333333333334,0.9605598724505623,0.9369873813824331,121.04367539549618,1.6468349696297135,1.5648995145619913,0.0,1.0,0.3958333333333333,0.3958333333333333,0.03125,0.0,0.3645833333333333,0.04458766464896127,0.30114180474614927,0.2864233961145555,0.35929084090942826,0.30337501084432006,0.3334994544275105,117.2733028967438,12.477874988690019,287.92239526228514,595.2288667234825,117.63259373765322,12.771666515618563,288.2218019803986,600.8586664625909,8.875,43.0,8.875,43.0
assured,extreme_compound,1212,96,0.6458333333333334,0.23958333333333334,0.19791666666666666,0.9604237959621358,0.9324244476948792,119.91609765147635,1.6438725160427243,1.567336645037904,0.0016328533180902899,1.0,0.3854166666666667,0.3854166666666667,0.03125,0.0,0.3541666666666667,0.043425049779883755,0.3034387377662265,0.28673885087242756,0.33395705819809035,0.3003744932357222,0.32316699798684567,114.51347215673498,12.425354041624814,284.1013017750811,594.4303145515731,114.84742921493307,12.724875006824732,284.41214526537806,594.865103487973,8.6875,43.0,8.6875,43.0
assured,extreme_compound,1313,96,0.6458333333333334,0.21875,0.20833333333333334,0.960543590919183,0.9347044360942567,121.92105456588402,1.6450500824704346,1.5590950841289088,0.12817077066577692,1.0,0.3854166666666667,0.3854166666666667,0.03125,0.0,0.3541666666666667,0.04176145315124644,0.3012883771929824,0.286541712353753,0.29994920987519436,0.3005415201187134,0.34694776695687324,113.69288370284873,12.443000014172867,285.4005107510602,545.3613839898026,113.99283291272393,12.761770485667512,285.70846949878614,545.6781253538793,8.6875,43.0,8.6875,43.0
assured,extreme_compound,1414,96,0.6354166666666666,0.23958333333333334,0.19791666666666666,0.9606075511139346,0.9366756839565092,117.7656978800115,1.6396745003474649,1.5623258885893088,0.0,1.0,0.3854166666666667,0.3854166666666667,0.020833333333333332,0.0,0.3645833333333333,0.0463042073054706,0.30385093251187295,0.28678016345886687,0.3534817145312748,0.29881251975893974,0.3266869898652658,111.45409984480163,12.370624986942858,285.87393726047594,593.7884201935958,111.8075815593329,12.660249514738098,286.1755314806942,594.341651420109,8.4375,43.0,8.4375,43.0
assured,extreme_compound,1515,96,0.625,0.2604166666666667,0.20833333333333334,0.9604345320551881,0.9341922600744532,116.94394231181775,1.6506732195568603,1.5731109109281023,0.001418560474264537,1.0,0.40625,0.40625,0.03125,0.0,0.375,0.0415728629994514,0.30298448013423046,0.28669076559334244,0.33833903216873296,0.2991250075865537,0.32869774440769106,119.20903642688548,12.43649999378249,286.56567726284266,583.6155243596293,119.54737545905421,12.73820799542591,286.8489692773437,584.0986142808104,9.0625,43.0,9.0625,43.0
assured,extreme_compound,1616,96,0.625,0.2604166666666667,0.20833333333333334,0.9602582845000006,0.938081348968715,117.0170002016036,1.6561093760047967,1.5670292852236818,0.017906066810798274,1.0,0.4270833333333333,0.4270833333333333,0.052083333333333336,0.0,0.375,0.04799901451616956,0.30327113052271976,0.2867268227285684,0.3016367093853963,0.3037290007341653,0.32992726482916623,130.85603431682102,12.712791009107605,354.43496928201057,596.6123735415748,131.15767102620643,13.016437005717307,354.7415425127838,596.9741631241048,9.9375,43.0,9.9375,43.0
assured,extreme_compound,1717,96,0.6354166666666666,0.25,0.19791666666666666,0.9600674582125096,0.9350584385003804,118.4770903784723,1.6643550495519903,1.5725253054101358,0.0014332581629135249,1.0,0.40625,0.40625,0.041666666666666664,0.0,0.3645833333333333,0.04567201511807608,0.3048515059159495,0.28687386433875556,0.3684270959638525,0.30081297154538333,0.3329370083520189,123.42520140858444,12.453354021999985,291.8183857400436,599.4783330126664,123.7936285045483,12.755979551002383,292.13249975873623,604.792558006011,9.3125,43.0,9.3125,43.0
assured,extreme_compound,1818,96,0.6458333333333334,0.2604166666666667,0.19791666666666666,0.9606804855335082,0.9333355039297216,118.46347462329034,1.6385504432693427,1.5756912793306106,0.036326996574881254,1.0,0.3958333333333333,0.3958333333333333,0.041666666666666664,0.0,0.3541666666666667,0.04550206010254293,0.30339359518273984,0.2867317077675355,0.3123502907934987,0.2994794922415167,0.33636402804404497,120.46335026207089,12.495208502514288,290.25802077376284,596.7205479217226,120.7757005528644,12.806707993149757,290.5679270188557,597.0589297969126,9.125,43.0,9.125,43.0
assured,extreme_compound,1919,96,0.6354166666666666,0.25,0.19791666666666666,0.9604776458203411,0.9333558771952969,114.26431181757049,1.6461212773148937,1.560819175302807,0.08771513434738938,1.0,0.40625,0.40625,0.041666666666666664,0.0,0.3645833333333333,0.04530639106432918,0.3020464653488755,0.28661969438854795,0.35014580013618496,0.3009164647664875,0.33350050216540694,122.79221738511599,12.414936994900927,290.94764577166643,587.1404080069624,123.14236318525218,12.709895992884412,291.262260536314,589.9098273541313,9.3125,43.0,9.3125,43.0
assured,extreme_compound,2020,96,0.65625,0.23958333333333334,0.1875,0.9603654030368037,0.9351321431343448,119.73452875564132,1.6503267082863686,1.5648381311979738,0.020341219637292907,1.0,0.3854166666666667,0.3854166666666667,0.041666666666666664,0.0,0.34375,0.04697688068253864,0.3040304412850701,0.28679371410868043,0.4424617994421472,0.29987498419359326,0.34059346944559366,117.61814404114072,12.405333487549797,288.723323479644,598.2056437438586,118.06060584058287,12.717500008875504,289.0248134790454,611.5447434392989,8.9375,43.0,8.9375,43.0
