controller,scenario,seed,steps,grid_safe_rate,voltage_violation_rate,thermal_violation_rate,mean_min_voltage_pu,worst_min_voltage_pu,max_line_loading_pct,mean_grid_import_mw,total_losses_mwh,renewable_curtailment_mwh,proposal_feasible_rate,runtime_intervention_rate,intervention_rate,modify_rate,override_rate,reject_rate,mean_action_distance,mean_battery_soc,mean_ev_soc
passive,normal,101,96,0.59375,0.3958333333333333,0.010416666666666666,0.9662758543987766,0.9321206841358514,102.23743235509647,1.2924688680717573,2.2026348717205946,0.0,1.0,0.0,0.0,0.0,0.0,0.0,0.0,0.5499999999999999,0.5
passive,normal,202,96,0.5625,0.4166666666666667,0.020833333333333332,0.966173507951741,0.9314445912989446,101.96389820237333,1.2914921748735637,2.2415781012030807,0.0,1.0,0.0,0.0,0.0,0.0,0.0,0.0,0.5499999999999999,0.5
passive,normal,303,96,0.5729166666666666,0.4166666666666667,0.010416666666666666,0.9664045345689377,0.9319656574158706,104.74032277242287,1.2793861083703313,2.2327578874354623,0.0,1.0,0.0,0.0,0.0,0.0,0.0,0.0,0.5499999999999999,0.5
passive,normal,404,96,0.5833333333333334,0.3958333333333333,0.020833333333333332,0.9661490574189274,0.931017010377153,102.22078417635868,1.295882368731475,2.2326393484590037,0.0,1.0,0.0,0.0,0.0,0.0,0.0,0.0,0.5499999999999999,0.5
passive,normal,505,96,0.5520833333333334,0.4270833333333333,0.020833333333333332,0.9662901338898017,0.9308288330903908,105.46357907145219,1.2869116692426275,2.249981784877965,0.0,1.0,0.0,0.0,0.0,0.0,0.0,0.0,0.5499999999999999,0.5
passive,normal,606,96,0.5729166666666666,0.4166666666666667,0.010416666666666666,0.9663799159396836,0.9335439917314337,102.88132394444051,1.2910605634168466,2.2145792773525175,0.0,1.0,0.0,0.0,0.0,0.0,0.0,0.0,0.5499999999999999,0.5
passive,normal,707,96,0.5729166666666666,0.4270833333333333,0.0,0.9665541747559349,0.9342597331956043,98.96013514081962,1.2774336679872444,2.230202644030472,0.0,1.0,0.0,0.0,0.0,0.0,0.0,0.0,0.5499999999999999,0.5
passive,normal,808,96,0.5729166666666666,0.4166666666666667,0.010416666666666666,0.9665433896970574,0.9335005308769666,100.8195574347393,1.2716895329020665,2.2423870366672234,0.0,1.0,0.0,0.0,0.0,0.0,0.0,0.0,0.5499999999999999,0.5
passive,normal,909,96,0.5833333333333334,0.3958333333333333,0.020833333333333332,0.9667819020476976,0.9292398230247565,102.72443520723391,1.2733590071735297,2.1961189703789046,0.0,1.0,0.0,0.0,0.0,0.0,0.0,0.0,0.5499999999999999,0.5
passive,normal,1010,96,0.5520833333333334,0.4166666666666667,0.03125,0.9664310899542308,0.932423075511266,104.8219890151429,1.2796682373886743,2.229059762985321,0.0,1.0,0.0,0.0,0.0,0.0,0.0,0.0,0.5499999999999999,0.5
passive,normal,1111,96,0.6041666666666666,0.3854166666666667,0.010416666666666666,0.9664699068749592,0.9333531641245468,100.21582326850866,1.2881273820346955,2.2016871398740685,0.0,1.0,0.0,0.0,0.0,0.0,0.0,0.0,0.5499999999999999,0.5
passive,normal,1212,96,0.5729166666666666,0.4166666666666667,0.010416666666666666,0.9664541675873756,0.9284768193087964,101.03218135241798,1.2846829001051348,2.205518547809403,0.0,1.0,0.0,0.0,0.0,0.0,0.0,0.0,0.5499999999999999,0.5
passive,normal,1313,96,0.59375,0.3854166666666667,0.020833333333333332,0.9665573719320544,0.9309038307957456,102.89213183434963,1.2788866881298617,2.202341145250815,0.0,1.0,0.0,0.0,0.0,0.0,0.0,0.0,0.5499999999999999,0.5
passive,normal,1414,96,0.59375,0.40625,0.0,0.9665344016281048,0.9329674823898552,98.63575284406141,1.2795990464123097,2.2236216258824344,0.0,1.0,0.0,0.0,0.0,0.0,0.0,0.0,0.5499999999999999,0.5
passive,normal,1515,96,0.59375,0.3958333333333333,0.010416666666666666,0.9664419565774404,0.9303904318977322,100.90259460056919,1.2903762315323835,2.2158367022316754,0.0,1.0,0.0,0.0,0.0,0.0,0.0,0.0,0.5499999999999999,0.5
passive,normal,1616,96,0.5625,0.3958333333333333,0.041666666666666664,0.9663268626049094,0.9344556402109786,105.88404052397384,1.2961417179919454,2.2100641444366067,0.0,1.0,0.0,0.0,0.0,0.0,0.0,0.0,0.5499999999999999,0.5
passive,normal,1717,96,0.5729166666666666,0.4166666666666667,0.010416666666666666,0.966005569864576,0.9313018446563817,100.91345414646014,1.303699976818861,2.2157083275657974,0.0,1.0,0.0,0.0,0.0,0.0,0.0,0.0,0.5499999999999999,0.5
passive,normal,1818,96,0.5833333333333334,0.3958333333333333,0.020833333333333332,0.9666574913448366,0.9294851284423788,113.41739097092885,1.2748276071602909,2.2210092430639437,0.0,1.0,0.0,0.0,0.0,0.0,0.0,0.0,0.5499999999999999,0.5
passive,normal,1919,96,0.5833333333333334,0.40625,0.010416666666666666,0.9664115091966284,0.929512534552921,102.76479697995117,1.2821322614379522,2.235925098737311,0.0,1.0,0.0,0.0,0.0,0.0,0.0,0.0,0.5499999999999999,0.5
passive,normal,2020,96,0.5520833333333334,0.4166666666666667,0.03125,0.9662361829580313,0.9314047413136027,106.37713535154967,1.2923581032735438,2.2169899572454446,0.0,1.0,0.0,0.0,0.0,0.0,0.0,0.0,0.5499999999999999,0.5
passive,solar_surge,101,96,0.5833333333333334,0.40625,0.010416666666666666,0.9664838053229773,0.9321206841358514,102.23743235509647,1.2403983847764148,2.475518965432429,0.0,1.0,0.0,0.0,0.0,0.0,0.0,0.0,0.5499999999999999,0.5
passive,solar_surge,202,96,0.5520833333333334,0.4270833333333333,0.020833333333333332,0.9664255970812293,0.9314445912989446,101.96389820237333,1.2414634200956993,2.5039698826017505,0.0,1.0,0.0,0.0,0.0,0.0,0.0,0.0,0.5499999999999999,0.5
passive,solar_surge,303,96,0.5729166666666666,0.4166666666666667,0.010416666666666666,0.9666260945698709,0.9319656574158706,104.74032277242287,1.229654086351572,2.5007509626356965,0.0,1.0,0.0,0.0,0.0,0.0,0.0,0.0,0.5499999999999999,0.5
passive,solar_surge,404,96,0.5729166666666666,0.40625,0.020833333333333332,0.9663524292601063,0.931017010377153,102.22078417635868,1.2463427575991777,2.4962551112732583,0.0,1.0,0.0,0.0,0.0,0.0,0.0,0.0,0.5499999999999999,0.5
passive,solar_surge,505,96,0.5520833333333334,0.4270833333333333,0.020833333333333332,0.9664538133418649,0.9308288330903908,105.46357907145219,1.2378635751504152,2.5175998347625534,0.0,1.0,0.0,0.0,0.0,0.0,0.0,0.0,0.5499999999999999,0.5
passive,solar_surge,606,96,0.5729166666666666,0.4166666666666667,0.010416666666666666,0.966556588963995,0.9335439917314337,102.88132394444051,1.2391890031582904,2.493299709757286,0.0,1.0,0.0,0.0,0.0,0.0,0.0,0.0,0.5499999999999999,0.5
passive,solar_surge,707,96,0.5729166666666666,0.4270833333333333,0.0,0.9667256596157459,0.9342597331956043,98.96013514081962,1.2273439499522738,2.4994189888819345,0.0,1.0,0.0,0.0,0.0,0.0,0.0,0.0,0.5499999999999999,0.5
passive,solar_surge,808,96,0.5625,0.4270833333333333,0.010416666666666666,0.9667337823138383,0.9335005308769666,100.8195574347393,1.2215402471015668,2.508862447289425,0.0,1.0,0.0,0.0,0.0,0.0,0.0,0.0,0.5499999999999999,0.5
passive,solar_surge,909,96,0.5833333333333334,0.3958333333333333,0.020833333333333332,0.9669668400559436,0.9292398230247565,102.72443520723391,1.2179852271074942,2.4949008446025855,0.0,1.0,0.0,0.0,0.0,0.0,0.0,0.0,0.5499999999999999,0.5
passive,solar_surge,1010,96,0.5520833333333334,0.4166666666666667,0.03125,0.9665963206161964,0.932423075511266,104.8219890151429,1.2301925534931968,2.49605133563789,0.0,1.0,0.0,0.0,0.0,0.0,0.0,0.0,0.5499999999999999,0.5
passive,solar_surge,1111,96,0.59375,0.3958333333333333,0.010416666666666666,0.9666656051277326,0.9333531641245468,100.21582326850866,1.234765296223473,2.4867570303286426,0.0,1.0,0.0,0.0,0.0,0.0,0.0,0.0,0.5499999999999999,0.5
passive,solar_surge,1212,96,0.5625,0.4270833333333333,0.010416666666666666,0.9666841540467379,0.9284768193087964,101.03218135241798,1.2316161748208583,2.4862604078243455,0.0,1.0,0.0,0.0,0.0,0.0,0.0,0.0,0.5499999999999999,0.5
passive,solar_surge,1313,96,0.5833333333333334,0.3958333333333333,0.020833333333333332,0.9667606875201509,0.9309038307957456,102.89213183434963,1.2254980037088832,2.4887281205003724,0.0,1.0,0.0,0.0,0.0,0.0,0.0,0.0,0.5499999999999999,0.5
passive,solar_surge,1414,96,0.59375,0.40625,0.0,0.9667088464982924,0.9329674823898552,98.63575284406141,1.228447112766246,2.50016835149997,0.0,1.0,0.0,0.0,0.0,0.0,0.0,0.0,0.5499999999999999,0.5
passive,solar_surge,1515,96,0.5833333333333334,0.40625,0.010416666666666666,0.9666382652918687,0.9303904318977322,100.90259460056919,1.2391132821071398,2.4914528570377223,0.0,1.0,0.0,0.0,0.0,0.0,0.0,0.0,0.5499999999999999,0.5
passive,solar_surge,1616,96,0.5520833333333334,0.40625,0.041666666666666664,0.9665152361998142,0.9344556402109786,105.88404052397384,1.245170412258112,2.4832273545090477,0.0,1.0,0.0,0.0,0.0,0.0,0.0,0.0,0.5499999999999999,0.5
passive,solar_surge,1717,96,0.5625,0.4270833333333333,0.010416666666666666,0.966184086863057,0.9313018446563817,100.91345414646014,1.2502545585033846,2.5039752629247864,0.0,1.0,0.0,0.0,0.0,0.0,0.0,0.0,0.5499999999999999,0.5
passive,solar_surge,1818,96,0.5729166666666666,0.40625,0.020833333333333332,0.9668876647220336,0.9294851284423788,113.41739097092885,1.2243215485888352,2.4902578196377867,0.0,1.0,0.0,0.0,0.0,0.0,0.0,0.0,0.5499999999999999,0.5
passive,solar_surge,1919,96,0.5833333333333334,0.40625,0.010416666666666666,0.9666123113611018,0.929512534552921,102.76479697995117,1.2336591887468125,2.4980078226727054,0.0,1.0,0.0,0.0,0.0,0.0,0.0,0.0,0.5499999999999999,0.5
passive,solar_surge,2020,96,0.5520833333333334,0.4166666666666667,0.03125,0.966413880071968,0.9314047413136027,106.37713535154967,1.2393012309699092,2.4955731525104805,0.0,1.0,0.0,0.0,0.0,0.0,0.0,0.0,0.5499999999999999,0.5
passive,renewable_drop,101,96,0.7916666666666666,0.19791666666666666,0.010416666666666666,0.9615337671819022,0.9321206841358514,102.23743235509647,1.6431227584633075,1.4007884807660909,0.0,1.0,0.0,0.0,0.0,0.0,0.0,0.0,0.5499999999999999,0.5
passive,renewable_drop,202,96,0.7604166666666666,0.21875,0.020833333333333332,0.9615371686120716,0.9314445912989446,101.96389820237333,1.644883414164416,1.4164073953570995,0.0,1.0,0.0,0.0,0.0,0.0,0.0,0.0,0.5499999999999999,0.5
passive,renewable_drop,303,96,0.78125,0.20833333333333334,0.010416666666666666,0.9617202129128536,0.9319656574158706,104.74032277242287,1.631948003655464,1.4029627921524632,0.0,1.0,0.0,0.0,0.0,0.0,0.0,0.0,0.5499999999999999,0.5
passive,renewable_drop,404,96,0.78125,0.19791666666666666,0.020833333333333332,0.9614496560808138,0.931017010377153,102.22078417635868,1.650204941245456,1.4090253423314318,0.0,1.0,0.0,0.0,0.0,0.0,0.0,0.0,0.5499999999999999,0.5
passive,renewable_drop,505,96,0.7604166666666666,0.21875,0.020833333333333332,0.961580765553968,0.9308288330903908,105.46357907145219,1.644660822061154,1.4164455145195518,0.0,1.0,0.0,0.0,0.0,0.0,0.0,0.0,0.5499999999999999,0.5
passive,renewable_drop,606,96,0.78125,0.20833333333333334,0.010416666666666666,0.9616989157563861,0.9335439917314337,102.88132394444051,1.6443006241838927,1.3974436840514453,0.0,1.0,0.0,0.0,0.0,0.0,0.0,0.0,0.5499999999999999,0.5
passive,renewable_drop,707,96,0.78125,0.21875,0.0,0.9618427702982645,0.9342597331956043,98.96013514081962,1.633006572539874,1.402391634587981,0.0,1.0,0.0,0.0,0.0,0.0,0.0,0.0,0.5499999999999999,0.5
passive,renewable_drop,808,96,0.7708333333333334,0.21875,0.010416666666666666,0.9618584390542173,0.9335005308769666,100.8195574347393,1.6253070323294743,1.4157456253759286,0.0,1.0,0.0,0.0,0.0,0.0,0.0,0.0,0.5499999999999999,0.5
passive,renewable_drop,909,96,0.7916666666666666,0.1875,0.020833333333333332,0.9620294953898592,0.9292398230247565,102.72443520723391,1.6224338559907132,1.4014522068950823,0.0,1.0,0.0,0.0,0.0,0.0,0.0,0.0,0.5499999999999999,0.5
passive,renewable_drop,1010,96,0.7604166666666666,0.20833333333333334,0.03125,0.961786503892323,0.932423075511266,104.8219890151429,1.6333294035007622,1.391057265517226,0.0,1.0,0.0,0.0,0.0,0.0,0.0,0.0,0.5499999999999999,0.5
passive,renewable_drop,1111,96,0.8020833333333334,0.1875,0.010416666666666666,0.9617708453616144,0.9333531641245468,100.21582326850866,1.6390308338966026,1.395286776945387,0.0,1.0,0.0,0.0,0.0,0.0,0.0,0.0,0.5499999999999999,0.5
passive,renewable_drop,1212,96,0.7708333333333334,0.21875,0.010416666666666666,0.9616912974550421,0.9284768193087964,101.03218135241798,1.6348842144061908,1.4007022910332858,0.0,1.0,0.0,0.0,0.0,0.0,0.0,0.0,0.5499999999999999,0.5
passive,renewable_drop,1313,96,0.7916666666666666,0.1875,0.020833333333333332,0.96185935317586,0.9309038307957456,102.89213183434963,1.6320292802181828,1.3972383876722385,0.0,1.0,0.0,0.0,0.0,0.0,0.0,0.0,0.5499999999999999,0.5
passive,renewable_drop,1414,96,0.8020833333333334,0.19791666666666666,0.0,0.9618116510769843,0.9329674823898552,98.63575284406141,1.6328285135161142,1.3995878612965953,0.0,1.0,0.0,0.0,0.0,0.0,0.0,0.0,0.5499999999999999,0.5
passive,renewable_drop,1515,96,0.7916666666666666,0.19791666666666666,0.010416666666666666,0.9616873017526467,0.9303904318977322,100.90259460056919,1.6426478515879062,1.4055212694705541,0.0,1.0,0.0,0.0,0.0,0.0,0.0,0.0,0.5499999999999999,0.5
passive,renewable_drop,1616,96,0.7604166666666666,0.19791666666666666,0.041666666666666664,0.9615253415646544,0.9344556402109786,105.88404052397384,1.6461124188645677,1.398294567610726,0.0,1.0,0.0,0.0,0.0,0.0,0.0,0.0,0.5499999999999999,0.5
passive,renewable_drop,1717,96,0.7708333333333334,0.21875,0.010416666666666666,0.9612824036091739,0.9313018446563817,100.91345414646014,1.6553787738325305,1.413432756584342,0.0,1.0,0.0,0.0,0.0,0.0,0.0,0.0,0.5499999999999999,0.5
passive,renewable_drop,1818,96,0.78125,0.19791666666666666,0.020833333333333332,0.9619546276326464,0.9294851284423788,113.41739097092885,1.6274053965964381,1.4058355921544494,0.0,1.0,0.0,0.0,0.0,0.0,0.0,0.0,0.5499999999999999,0.5
passive,renewable_drop,1919,96,0.7916666666666666,0.19791666666666666,0.010416666666666666,0.961696656514419,0.929512534552921,102.76479697995117,1.6357743335012032,1.4011024326114303,0.0,1.0,0.0,0.0,0.0,0.0,0.0,0.0,0.5499999999999999,0.5
passive,renewable_drop,2020,96,0.7604166666666666,0.20833333333333334,0.03125,0.9615602163469111,0.9314047413136027,106.37713535154967,1.6422312265273724,1.4095572762334243,0.0,1.0,0.0,0.0,0.0,0.0,0.0,0.0,0.5499999999999999,0.5
passive,demand_spike,101,96,0.6354166666666666,0.3541666666666667,0.03125,0.9630564639550595,0.9321206841358514,106.05357593108661,1.5064661785911504,2.24510085425047,0.0,1.0,0.0,0.0,0.0,0.0,0.0,0.0,0.5499999999999999,0.5
passive,demand_spike,202,96,0.5729166666666666,0.375,0.052083333333333336,0.9631096810609344,0.9314445912989446,103.98187094486492,1.5051265372630596,2.280502647336107,0.0,1.0,0.0,0.0,0.0,0.0,0.0,0.0,0.5499999999999999,0.5
passive,demand_spike,303,96,0.6041666666666666,0.375,0.020833333333333332,0.9632731337337059,0.9319656574158706,104.74032277242287,1.490178159456,2.269056193673584,0.0,1.0,0.0,0.0,0.0,0.0,0.0,0.0,0.5499999999999999,0.5
passive,demand_spike,404,96,0.6354166666666666,0.34375,0.03125,0.9630446922037471,0.931017010377153,104.03533779565318,1.5093146283819021,2.2706905768126635,0.0,1.0,0.0,0.0,0.0,0.0,0.0,0.0,0.5499999999999999,0.5
passive,demand_spike,505,96,0.5833333333333334,0.3854166666666667,0.03125,0.9632459229978076,0.9308288330903908,105.46357907145219,1.5004599448910927,2.286026279774472,0.0,1.0,0.0,0.0,0.0,0.0,0.0,0.0,0.5499999999999999,0.5
passive,demand_spike,606,96,0.6041666666666666,0.375,0.03125,0.9633251023383815,0.9335439917314337,102.88132394444051,1.5031132524859547,2.2504207509755654,0.0,1.0,0.0,0.0,0.0,0.0,0.0,0.0,0.5499999999999999,0.5
passive,demand_spike,707,96,0.6145833333333334,0.3854166666666667,0.010416666666666666,0.9634805930554279,0.9342597331956043,100.00239324192744,1.4904031422613102,2.266647668951655,0.0,1.0,0.0,0.0,0.0,0.0,0.0,0.0,0.5499999999999999,0.5
passive,demand_spike,808,96,0.5833333333333334,0.375,0.041666666666666664,0.9634640915246274,0.9335005308769666,103.06877423521652,1.483575504745091,2.279447344931399,0.0,1.0,0.0,0.0,0.0,0.0,0.0,0.0,0.5499999999999999,0.5
passive,demand_spike,909,96,0.625,0.3541666666666667,0.03125,0.9635419645302229,0.9292398230247565,102.72443520723391,1.4856042445854338,2.236097825968465,0.0,1.0,0.0,0.0,0.0,0.0,0.0,0.0,0.5499999999999999,0.5
passive,demand_spike,1010,96,0.5833333333333334,0.3854166666666667,0.041666666666666664,0.9634259151135159,0.932423075511266,104.8219890151429,1.4894436931871653,2.2607932184085864,0.0,1.0,0.0,0.0,0.0,0.0,0.0,0.0,0.5499999999999999,0.5
passive,demand_spike,1111,96,0.6145833333333334,0.3645833333333333,0.020833333333333332,0.9633360569444082,0.9333531641245468,103.57428915752635,1.50038264922558,2.2405160324145883,0.0,1.0,0.0,0.0,0.0,0.0,0.0,0.0,0.5499999999999999,0.5
passive,demand_spike,1212,96,0.5833333333333334,0.375,0.052083333333333336,0.9631673397974104,0.9284768193087964,103.6994492178439,1.4985136706182534,2.2489966931588072,0.0,1.0,0.0,0.0,0.0,0.0,0.0,0.0,0.5499999999999999,0.5
passive,demand_spike,1313,96,0.59375,0.3645833333333333,0.041666666666666664,0.9634683471173734,0.9309038307957456,104.1349218473511,1.4925034913016777,2.241652359688149,0.0,1.0,0.0,0.0,0.0,0.0,0.0,0.0,0.5499999999999999,0.5
passive,demand_spike,1414,96,0.625,0.3645833333333333,0.010416666666666666,0.9633958046604398,0.9329674823898552,102.2117560459012,1.4910053221736657,2.259895732314029,0.0,1.0,0.0,0.0,0.0,0.0,0.0,0.0,0.5499999999999999,0.5
passive,demand_spike,1515,96,0.6145833333333334,0.3645833333333333,0.03125,0.9632259959279491,0.9303904318977322,100.90259460056919,1.503906237924495,2.25618705272434,0.0,1.0,0.0,0.0,0.0,0.0,0.0,0.0,0.5499999999999999,0.5
passive,demand_spike,1616,96,0.5833333333333334,0.3645833333333333,0.0625,0.9629805860075326,0.9344556402109786,105.88404052397384,1.5091823891003298,2.251809450453795,0.0,1.0,0.0,0.0,0.0,0.0,0.0,0.0,0.5499999999999999,0.5
passive,demand_spike,1717,96,0.5833333333333334,0.40625,0.03125,0.9628624821035139,0.9313018446563817,102.30859784028465,1.516288116211711,2.2543114596188603,0.0,1.0,0.0,0.0,0.0,0.0,0.0,0.0,0.5499999999999999,0.5
passive,demand_spike,1818,96,0.6041666666666666,0.3645833333333333,0.03125,0.9634952578129058,0.9294851284423788,113.41739097092885,1.4886290800002477,2.2614960194890417,0.0,1.0,0.0,0.0,0.0,0.0,0.0,0.0,0.5499999999999999,0.5
passive,demand_spike,1919,96,0.6145833333333334,0.375,0.020833333333333332,0.9632540378983568,0.929512534552921,102.76479697995117,1.4934892353340985,2.2720720415477347,0.0,1.0,0.0,0.0,0.0,0.0,0.0,0.0,0.5499999999999999,0.5
passive,demand_spike,2020,96,0.59375,0.3645833333333333,0.041666666666666664,0.9631219183984349,0.9314047413136027,106.37713535154967,1.5035392659856495,2.25461336570533,0.0,1.0,0.0,0.0,0.0,0.0,0.0,0.0,0.5499999999999999,0.5
passive,ev_coincidence,101,96,0.6041666666666666,0.3854166666666667,0.010416666666666666,0.9652432230097139,0.9321206841358514,102.23743235509647,1.3868909604476738,2.2050008858562666,0.0,1.0,0.0,0.0,0.0,0.0,0.0,0.0,0.5499999999999999,0.5
passive,ev_coincidence,202,96,0.5729166666666666,0.40625,0.020833333333333332,0.9651260836048569,0.9314445912989446,101.96389820237333,1.3857568194906704,2.242462842937461,0.0,1.0,0.0,0.0,0.0,0.0,0.0,0.0,0.5499999999999999,0.5
passive,ev_coincidence,303,96,0.59375,0.3958333333333333,0.010416666666666666,0.9653953103906044,0.9319656574158706,104.74032277242287,1.3724060375107723,2.232920225331987,0.0,1.0,0.0,0.0,0.0,0.0,0.0,0.0,0.5499999999999999,0.5
passive,ev_coincidence,404,96,0.5833333333333334,0.3958333333333333,0.020833333333333332,0.9651061690067184,0.931017010377153,102.22078417635868,1.3900589622827237,2.233178480160375,0.0,1.0,0.0,0.0,0.0,0.0,0.0,0.0,0.5499999999999999,0.5
passive,ev_coincidence,505,96,0.5625,0.4166666666666667,0.020833333333333332,0.9652917138968804,0.9308288330903908,105.46357907145219,1.3811389191111356,2.2496072916483705,0.0,1.0,0.0,0.0,0.0,0.0,0.0,0.0,0.5499999999999999,0.5
passive,ev_coincidence,606,96,0.59375,0.3958333333333333,0.010416666666666666,0.9653903969957321,0.9335439917314337,102.88132394444051,1.3846330848924489,2.214353980935397,0.0,1.0,0.0,0.0,0.0,0.0,0.0,0.0,0.5499999999999999,0.5
passive,ev_coincidence,707,96,0.59375,0.40625,0.0,0.9655130378691809,0.9342597331956043,98.96013514081962,1.37140778503821,2.230104851721309,0.0,1.0,0.0,0.0,0.0,0.0,0.0,0.0,0.5499999999999999,0.5
passive,ev_coincidence,808,96,0.5729166666666666,0.4166666666666667,0.010416666666666666,0.9655269231202569,0.9335005308769666,100.8195574347393,1.3651873274195598,2.2426883125789976,0.0,1.0,0.0,0.0,0.0,0.0,0.0,0.0,0.5499999999999999,0.5
passive,ev_coincidence,909,96,0.59375,0.3854166666666667,0.020833333333333332,0.9657857611098798,0.9292398230247565,102.72443520723391,1.3670153230514703,2.1976897390304,0.0,1.0,0.0,0.0,0.0,0.0,0.0,0.0,0.5499999999999999,0.5
passive,ev_coincidence,1010,96,0.5625,0.40625,0.03125,0.9655313153929437,0.932423075511266,104.8219890151429,1.3722438309900624,2.227372891930221,0.0,1.0,0.0,0.0,0.0,0.0,0.0,0.0,0.5499999999999999,0.5
passive,ev_coincidence,1111,96,0.6145833333333334,0.375,0.010416666666666666,0.9654156279862551,0.9333531641245468,100.21582326850866,1.3817878692260372,2.202739929355154,0.0,1.0,0.0,0.0,0.0,0.0,0.0,0.0,0.5499999999999999,0.5
passive,ev_coincidence,1212,96,0.5833333333333334,0.40625,0.010416666666666666,0.9653994846399075,0.9284768193087964,101.03218135241798,1.3790317962120084,2.2083541170749528,0.0,1.0,0.0,0.0,0.0,0.0,0.0,0.0,0.5499999999999999,0.5
passive,ev_coincidence,1313,96,0.6041666666666666,0.375,0.020833333333333332,0.9655627156496323,0.9309038307957456,102.89213183434963,1.373143290879802,2.203392035451958,0.0,1.0,0.0,0.0,0.0,0.0,0.0,0.0,0.5499999999999999,0.5
passive,ev_coincidence,1414,96,0.6145833333333334,0.3854166666666667,0.0,0.9655266403469113,0.9329674823898552,98.63575284406141,1.3728883373790701,2.223686145506936,0.0,1.0,0.0,0.0,0.0,0.0,0.0,0.0,0.5499999999999999,0.5
passive,ev_coincidence,1515,96,0.6041666666666666,0.3854166666666667,0.010416666666666666,0.9654393623690453,0.9303904318977322,100.90259460056919,1.384594921085176,2.21736533243044,0.0,1.0,0.0,0.0,0.0,0.0,0.0,0.0,0.5499999999999999,0.5
passive,ev_coincidence,1616,96,0.5625,0.3958333333333333,0.041666666666666664,0.9652221004290151,0.9344556402109786,105.88404052397384,1.3901459815338857,2.212286106936424,0.0,1.0,0.0,0.0,0.0,0.0,0.0,0.0,0.5499999999999999,0.5
passive,ev_coincidence,1717,96,0.5833333333333334,0.40625,0.010416666666666666,0.9650329217794408,0.9313018446563817,100.91345414646014,1.397506081519196,2.2166049762438096,0.0,1.0,0.0,0.0,0.0,0.0,0.0,0.0,0.5499999999999999,0.5
passive,ev_coincidence,1818,96,0.59375,0.3854166666666667,0.020833333333333332,0.9656397681662545,0.9294851284423788,113.41739097092885,1.3691652542362724,2.2225578470140177,0.0,1.0,0.0,0.0,0.0,0.0,0.0,0.0,0.5499999999999999,0.5
passive,ev_coincidence,1919,96,0.6041666666666666,0.3854166666666667,0.010416666666666666,0.9654346834315405,0.929512534552921,102.76479697995117,1.3753999984683112,2.2359417258585648,0.0,1.0,0.0,0.0,0.0,0.0,0.0,0.0,0.5499999999999999,0.5
passive,ev_coincidence,2020,96,0.5729166666666666,0.3958333333333333,0.03125,0.9651824438861251,0.9314047413136027,106.37713535154967,1.385547720231033,2.217663207543511,0.0,1.0,0.0,0.0,0.0,0.0,0.0,0.0,0.5499999999999999,0.5
passive,compound,101,96,0.7916666666666666,0.19791666666666666,0.010416666666666666,0.9616721288024395,0.9321206841358514,102.23743235509647,1.6127757270420802,1.6235402961399745,0.0,1.0,0.0,0.0,0.0,0.0,0.0,0.0,0.5499999999999999,0.5
passive,compound,202,96,0.7604166666666666,0.21875,0.020833333333333332,0.9617279163079407,0.9314445912989446,101.96389820237333,1.6115280523042024,1.6493233117342165,0.0,1.0,0.0,0.0,0.0,0.0,0.0,0.0,0.5499999999999999,0.5
passive,compound,303,96,0.78125,0.20833333333333334,0.010416666666666666,0.9618754623206697,0.9319656574158706,104.74032277242287,1.5993347510167706,1.6293499836832193,0.0,1.0,0.0,0.0,0.0,0.0,0.0,0.0,0.5499999999999999,0.5
passive,compound,404,96,0.78125,0.19791666666666666,0.020833333333333332,0.9616253837330232,0.931017010377153,102.22078417635868,1.6179092671213802,1.635623657763652,0.0,1.0,0.0,0.0,0.0,0.0,0.0,0.0,0.5499999999999999,0.5
passive,compound,505,96,0.7604166666666666,0.21875,0.020833333333333332,0.9617865525913859,0.9308288330903908,105.46357907145219,1.6112792033247796,1.6435255979185803,0.0,1.0,0.0,0.0,0.0,0.0,0.0,0.0,0.5499999999999999,0.5
passive,compound,606,96,0.78125,0.20833333333333334,0.010416666666666666,0.9618954556715599,0.9335439917314337,102.88132394444051,1.6112222363309552,1.6229385081316758,0.0,1.0,0.0,0.0,0.0,0.0,0.0,0.0,0.5499999999999999,0.5
passive,compound,707,96,0.78125,0.21875,0.0,0.962032514595764,0.9342597331956043,98.96013514081962,1.6002086519134373,1.6283317358270462,0.0,1.0,0.0,0.0,0.0,0.0,0.0,0.0,0.5499999999999999,0.5
passive,compound,808,96,0.7708333333333334,0.21875,0.010416666666666666,0.9620411590163771,0.9335005308769666,100.8195574347393,1.5923679230580785,1.6432456723600257,0.0,1.0,0.0,0.0,0.0,0.0,0.0,0.0,0.5499999999999999,0.5
passive,compound,909,96,0.7916666666666666,0.1875,0.020833333333333332,0.9621678671186075,0.9292398230247565,102.72443520723391,1.591731760295992,1.6214016867153853,0.0,1.0,0.0,0.0,0.0,0.0,0.0,0.0,0.5499999999999999,0.5
passive,compound,1010,96,0.7604166666666666,0.20833333333333334,0.03125,0.9620051046394669,0.932423075511266,104.8219890151429,1.5979767592606258,1.6231351393519073,0.0,1.0,0.0,0.0,0.0,0.0,0.0,0.0,0.5499999999999999,0.5
passive,compound,1111,96,0.8020833333333334,0.1875,0.010416666666666666,0.9619391076704886,0.9333531641245468,100.21582326850866,1.6070881164245925,1.6195966978394765,0.0,1.0,0.0,0.0,0.0,0.0,0.0,0.0,0.5499999999999999,0.5
passive,compound,1212,96,0.7708333333333334,0.21875,0.010416666666666666,0.9618051021562749,0.9284768193087964,101.03218135241798,1.6049372912975308,1.6238612334548204,0.0,1.0,0.0,0.0,0.0,0.0,0.0,0.0,0.5499999999999999,0.5
passive,compound,1313,96,0.7916666666666666,0.1875,0.020833333333333332,0.9620347076420513,0.9309038307957456,102.89213183434963,1.6006081490886863,1.6186616600323762,0.0,1.0,0.0,0.0,0.0,0.0,0.0,0.0,0.5499999999999999,0.5
passive,compound,1414,96,0.8020833333333334,0.19791666666666666,0.0,0.96197770353377,0.9329674823898552,98.63575284406141,1.60043204100688,1.6237609060088998,0.0,1.0,0.0,0.0,0.0,0.0,0.0,0.0,0.5499999999999999,0.5
passive,compound,1515,96,0.7916666666666666,0.19791666666666666,0.010416666666666666,0.9618285581011238,0.9303904318977322,100.90259460056919,1.6117628754739854,1.6280453470041856,0.0,1.0,0.0,0.0,0.0,0.0,0.0,0.0,0.5499999999999999,0.5
passive,compound,1616,96,0.7604166666666666,0.19791666666666666,0.041666666666666664,0.9616386337783055,0.9344556402109786,105.88404052397384,1.6152780615070395,1.6242621786763412,0.0,1.0,0.0,0.0,0.0,0.0,0.0,0.0,0.5499999999999999,0.5
passive,compound,1717,96,0.7708333333333334,0.21875,0.010416666666666666,0.961447484858213,0.9313018446563817,100.91345414646014,1.6240274308116327,1.6337461061225989,0.0,1.0,0.0,0.0,0.0,0.0,0.0,0.0,0.5499999999999999,0.5
passive,compound,1818,96,0.78125,0.19791666666666666,0.020833333333333332,0.962101723619222,0.9294851284423788,113.41739097092885,1.5961101962175246,1.631215747635503,0.0,1.0,0.0,0.0,0.0,0.0,0.0,0.0,0.5499999999999999,0.5
passive,compound,1919,96,0.7916666666666666,0.19791666666666666,0.010416666666666666,0.961852644965524,0.929512534552921,102.76479697995117,1.603006372204489,1.6285703453133027,0.0,1.0,0.0,0.0,0.0,0.0,0.0,0.0,0.5499999999999999,0.5
passive,compound,2020,96,0.7604166666666666,0.20833333333333334,0.03125,0.9617440250498666,0.9314047413136027,106.37713535154967,1.6095571801657904,1.6355707615903088,0.0,1.0,0.0,0.0,0.0,0.0,0.0,0.0,0.5499999999999999,0.5
passive,extreme_compound,101,96,0.5833333333333334,0.375,0.21875,0.9569718591882115,0.9321206841358514,124.32055107446702,1.8542170803746671,1.6861370388929169,0.0,1.0,0.0,0.0,0.0,0.0,0.0,0.0,0.5499999999999999,0.5
passive,extreme_compound,202,96,0.5625,0.3854166666666667,0.21875,0.9569941691439583,0.9314445912989446,119.85932285648057,1.855069888920416,1.6991749349454244,0.0,1.0,0.0,0.0,0.0,0.0,0.0,0.0,0.5499999999999999,0.5
passive,extreme_compound,303,96,0.59375,0.3854166666666667,0.19791666666666666,0.9572306351304737,0.9319656574158706,118.63438098269489,1.8394089468136758,1.6788939453638934,0.0,1.0,0.0,0.0,0.0,0.0,0.0,0.0,0.5499999999999999,0.5
passive,extreme_compound,404,96,0.5833333333333334,0.3958333333333333,0.21875,0.956907102494267,0.931017010377153,117.28926634348676,1.8604319574757995,1.6912426046765416,0.0,1.0,0.0,0.0,0.0,0.0,0.0,0.0,0.5499999999999999,0.5
passive,extreme_compound,505,96,0.5833333333333334,0.3854166666666667,0.19791666666666666,0.9570407580821207,0.9308288330903908,120.25785846493429,1.8548708396314268,1.6985344024358562,0.0,1.0,0.0,0.0,0.0,0.0,0.0,0.0,0.5499999999999999,0.5
passive,extreme_compound,606,96,0.5833333333333334,0.3854166666666667,0.20833333333333334,0.9571916410755156,0.9335439917314337,120.23219699225902,1.8529618946539077,1.675262480058167,0.0,1.0,0.0,0.0,0.0,0.0,0.0,0.0,0.5499999999999999,0.5
passive,extreme_compound,707,96,0.59375,0.3854166666666667,0.1875,0.9573128383542101,0.9342597331956043,115.30807905944758,1.8426957433625397,1.6830220343069509,0.0,1.0,0.0,0.0,0.0,0.0,0.0,0.0,0.5499999999999999,0.5
passive,extreme_compound,808,96,0.5729166666666666,0.3645833333333333,0.20833333333333334,0.9573513007756863,0.9335005308769666,120.30710430287428,1.8338246359970078,1.694588209481807,0.0,1.0,0.0,0.0,0.0,0.0,0.0,0.0,0.5499999999999999,0.5
passive,extreme_compound,909,96,0.5833333333333334,0.375,0.22916666666666666,0.9575063811252568,0.9292398230247565,120.59896029147508,1.8316647953224703,1.6811625502911758,0.0,1.0,0.0,0.0,0.0,0.0,0.0,0.0,0.5499999999999999,0.5
passive,extreme_compound,1010,96,0.5729166666666666,0.3645833333333333,0.21875,0.9573330917363423,0.932423075511266,116.97903843513737,1.8392620414062844,1.6623012209245305,0.0,1.0,0.0,0.0,0.0,0.0,0.0,0.0,0.5499999999999999,0.5
passive,extreme_compound,1111,96,0.59375,0.3541666666666667,0.21875,0.9572539980509706,0.9333531641245468,121.41162650040225,1.8480504997441443,1.674739573876405,0.0,1.0,0.0,0.0,0.0,0.0,0.0,0.0,0.5499999999999999,0.5
passive,extreme_compound,1212,96,0.5625,0.3958333333333333,0.21875,0.9571272895579716,0.9284768193087964,120.27150610523172,1.8458803349894886,1.6864046831353479,0.0,1.0,0.0,0.0,0.0,0.0,0.0,0.0,0.5499999999999999,0.5
passive,extreme_compound,1313,96,0.5833333333333334,0.375,0.22916666666666666,0.9573134763035834,0.9309038307957456,122.2973267896883,1.8425829734415,1.6801845411014078,0.0,1.0,0.0,0.0,0.0,0.0,0.0,0.0,0.5499999999999999,0.5
passive,extreme_compound,1414,96,0.6041666666666666,0.375,0.19791666666666666,0.9573111343740468,0.9329674823898552,119.77305002997561,1.8409665135310416,1.676649992654047,0.0,1.0,0.0,0.0,0.0,0.0,0.0,0.0,0.5499999999999999,0.5
passive,extreme_compound,1515,96,0.5833333333333334,0.3854166666666667,0.21875,0.9571351741383225,0.9303904318977322,118.18106614428243,1.8532143242652281,1.6889841591751293,0.0,1.0,0.0,0.0,0.0,0.0,0.0,0.0,0.5499999999999999,0.5
passive,extreme_compound,1616,96,0.5520833333333334,0.3958333333333333,0.25,0.9569780630089957,0.9344556402109786,118.9940627343244,1.8561444208639433,1.6811804187253716,0.0,1.0,0.0,0.0,0.0,0.0,0.0,0.0,0.5499999999999999,0.5
passive,extreme_compound,1717,96,0.5729166666666666,0.40625,0.20833333333333334,0.9567568517770911,0.9313018446563817,120.49290345024313,1.8648870522802803,1.693733437924029,0.0,1.0,0.0,0.0,0.0,0.0,0.0,0.0,0.5499999999999999,0.5
passive,extreme_compound,1818,96,0.5833333333333334,0.3645833333333333,0.21875,0.9573978293312805,0.9294851284423788,118.80237512866276,1.838166674008752,1.689955347632203,0.0,1.0,0.0,0.0,0.0,0.0,0.0,0.0,0.5499999999999999,0.5
passive,extreme_compound,1919,96,0.59375,0.375,0.20833333333333334,0.9571941811649105,0.929512534552921,115.9146155144273,1.8438100172805072,1.6783098104799046,0.0,1.0,0.0,0.0,0.0,0.0,0.0,0.0,0.5499999999999999,0.5
passive,extreme_compound,2020,96,0.5729166666666666,0.3645833333333333,0.21875,0.9570708228032613,0.9314047413136027,121.78268099311262,1.8499934800671152,1.686030140649046,0.0,1.0,0.0,0.0,0.0,0.0,0.0,0.0,0.5499999999999999,0.5
rule_based,normal,101,96,0.7083333333333334,0.28125,0.010416666666666666,0.9696079243389363,0.9426085216103111,102.23743235509647,1.2053937082397652,1.9649122579663378,0.0,0.9166666666666666,0.0,0.0,0.0,0.0,0.0,0.0,0.5516767178362574,0.48710066504269856
rule_based,normal,202,96,0.6666666666666666,0.3125,0.020833333333333332,0.9690836820850038,0.940511637855621,101.96389820237333,1.201830230727321,2.019669782540396,0.0,0.9166666666666666,0.0,0.0,0.0,0.0,0.0,0.0,0.5354847690515352,0.470232569479357
rule_based,normal,303,96,0.6875,0.3020833333333333,0.010416666666666666,0.969545292664646,0.9435718514077033,104.74032277242287,1.1930463996396796,2.0024173610671325,0.0,0.9166666666666666,0.0,0.0,0.0,0.0,0.0,0.0,0.553683810763889,0.49353420740965026
rule_based,normal,404,96,0.7083333333333334,0.2708333333333333,0.020833333333333332,0.9691988875701503,0.9402826886995266,102.22078417635868,1.2087328974188754,2.0104583272449705,0.0,0.9270833333333334,0.0,0.0,0.0,0.0,0.0,0.0,0.5665523060581141,0.5031904994167667
rule_based,normal,505,96,0.6979166666666666,0.28125,0.020833333333333332,0.9695448716070597,0.9387906406324681,105.46357907145219,1.1984216779730488,2.0264590479844626,0.0,0.9166666666666666,0.0,0.0,0.0,0.0,0.0,0.0,0.5660002055921053,0.5025564899845877
rule_based,normal,606,96,0.71875,0.2708333333333333,0.010416666666666666,0.9692926169178522,0.9415877323318322,102.88132394444051,1.2067600613215894,2.012139856611257,0.0,0.9166666666666666,0.0,0.0,0.0,0.0,0.0,0.0,0.5749778702942253,0.5176874821442852
rule_based,normal,707,96,0.7291666666666666,0.2708333333333333,0.0,0.9696100709393783,0.9432539308807532,98.96013514081962,1.1903668845806485,2.013544890444284,0.0,0.9166666666666666,0.0,0.0,0.0,0.0,0.0,0.0,0.5656948156524123,0.49651358380365335
rule_based,normal,808,96,0.7291666666666666,0.2604166666666667,0.010416666666666666,0.9700396947793078,0.9416906123332839,100.8195574347393,1.1805537874294991,2.001445032095372,0.0,0.90625,0.0,0.0,0.0,0.0,0.0,0.0,0.5486730742872808,0.49111964713340267
rule_based,normal,909,96,0.71875,0.2604166666666667,0.020833333333333332,0.9698671102928657,0.9396375854749051,102.72443520723391,1.1881191089171999,1.9846351875000583,0.0,0.9270833333333334,0.0,0.0,0.0,0.0,0.0,0.0,0.571332036960892,0.4990644300438318
rule_based,normal,1010,96,0.6875,0.28125,0.03125,0.969758909459765,0.9406185686350993,104.8219890151429,1.1925292687315696,1.9951426726696533,0.0,0.9166666666666666,0.0,0.0,0.0,0.0,0.0,0.0,0.5592133817616961,0.4950142407658343
rule_based,normal,1111,96,0.7291666666666666,0.2604166666666667,0.010416666666666666,0.9695845126326276,0.9463639297680567,100.21582326850866,1.2031935659971744,1.9874774983216001,0.0,0.9166666666666666,0.0,0.0,0.0,0.0,0.0,0.0,0.5671192548428364,0.5034496843554578
rule_based,normal,1212,96,0.71875,0.2708333333333333,0.010416666666666666,0.9695769824112407,0.9428959193109272,101.03218135241798,1.1994384998412706,1.9890633027508882,0.0,0.9166666666666666,0.0,0.0,0.0,0.0,0.0,0.0,0.5665523060581141,0.5091929265279695
rule_based,normal,1313,96,0.71875,0.2604166666666667,0.020833333333333332,0.969734288005113,0.9434978255064238,102.89213183434963,1.1937902572794485,1.9895415761292234,0.0,0.9270833333333334,0.0,0.0,0.0,0.0,0.0,0.0,0.5707650881761697,0.5045145094821953
rule_based,normal,1414,96,0.6979166666666666,0.3020833333333333,0.0,0.9697395789511676,0.944424837627781,98.63575284406141,1.1920507100817297,1.9911887309017664,0.0,0.90625,0.0,0.0,0.0,0.0,0.0,0.0,0.5458400436312135,0.4860019373731717
rule_based,normal,1515,96,0.71875,0.2708333333333333,0.010416666666666666,0.9694141453843343,0.941969864032466,100.90259460056919,1.2018321176408324,1.9876560099346268,0.0,0.9166666666666666,0.0,0.0,0.0,0.0,0.0,0.0,0.5473884091739767,0.48238289875605034
rule_based,normal,1616,96,0.65625,0.3020833333333333,0.041666666666666664,0.9691666349797261,0.9389872540171003,105.88404052397384,1.205859955234961,1.997156451331772,0.0,0.9166666666666666,0.0,0.0,0.0,0.0,0.0,0.0,0.5393152069627193,0.4821073375113765
rule_based,normal,1717,96,0.6875,0.3020833333333333,0.010416666666666666,0.9691615450631597,0.9409597460081929,100.91345414646014,1.2165973918387192,1.9972014607466144,0.0,0.9270833333333334,0.0,0.0,0.0,0.0,0.0,0.0,0.5676862036275586,0.4978281210873576
rule_based,normal,1818,96,0.7083333333333334,0.2708333333333333,0.020833333333333332,0.9696827669387623,0.9412166386142884,113.41739097092885,1.1897074333242112,2.0061655143908204,0.0,0.9166666666666666,0.0,0.0,0.0,0.0,0.0,0.0,0.5701981393914475,0.5101912425279368
rule_based,normal,1919,96,0.71875,0.2708333333333333,0.010416666666666666,0.9695522432235536,0.9428700046248142,102.76479697995117,1.1953721786924316,2.011458495356662,0.0,0.9166666666666666,0.0,0.0,0.0,0.0,0.0,0.0,0.5627988224141083,0.49578719200309074
rule_based,normal,2020,96,0.6875,0.28125,0.03125,0.9693180869629415,0.9401228812676026,106.37713535154967,1.2053042193754877,1.987757747333441,0.0,0.9166666666666666,0.0,0.0,0.0,0.0,0.0,0.0,0.556702302631579,0.48873269736104225
rule_based,solar_surge,101,96,0.6979166666666666,0.2916666666666667,0.010416666666666666,0.9697365131113463,0.9434064123324545,102.23743235509647,1.1533830670898837,2.226030687942373,0.0,0.8958333333333334,0.0,0.0,0.0,0.0,0.0,0.0,0.5579569855628655,0.5187826422167284
rule_based,solar_surge,202,96,0.65625,0.3229166666666667,0.020833333333333332,0.9692045584286552,0.9410382910102401,101.96389820237333,1.1523867194051451,2.2747264812793953,0.0,0.8854166666666666,0.0,0.0,0.0,0.0,0.0,0.0,0.5466060169956141,0.5183902745591598
rule_based,solar_surge,303,96,0.6875,0.3020833333333333,0.010416666666666666,0.969683202835185,0.9443685013882217,104.74032277242287,1.1434536356891023,2.259914309408771,0.0,0.8854166666666666,0.0,0.0,0.0,0.0,0.0,0.0,0.5610979760599416,0.526664189878553
rule_based,solar_surge,404,96,0.6875,0.2916666666666667,0.020833333333333332,0.9693358702482971,0.9410836745893565,102.22078417635868,1.159129142080196,2.2613937743973946,0.0,0.8958333333333334,0.0,0.0,0.0,0.0,0.0,0.0,0.5701981393914475,0.5291697399380473
rule_based,solar_surge,505,96,0.6875,0.2916666666666667,0.020833333333333332,0.9696183632272647,0.9395935903010677,105.46357907145219,1.1492281234247088,2.2754142904486336,0.0,0.8854166666666666,0.0,0.0,0.0,0.0,0.0,0.0,0.5660002055921053,0.5343611957880665
rule_based,solar_surge,606,96,0.7083333333333334,0.28125,0.010416666666666666,0.9694231625092898,0.9418015513347386,102.88132394444051,1.1545035291100476,2.2725009256946818,0.0,0.8958333333333334,0.0,0.0,0.0,0.0,0.0,0.0,0.5749778702942253,0.5370067177187751
rule_based,solar_surge,707,96,0.7291666666666666,0.2708333333333333,0.0,0.9696772880833185,0.9437779756006603,98.96013514081962,1.1402923650807928,2.2657426354431287,0.0,0.8854166666666666,0.0,0.0,0.0,0.0,0.0,0.0,0.5660002055921053,0.5343611957880665
rule_based,solar_surge,808,96,0.7083333333333334,0.28125,0.010416666666666666,0.9701465367999664,0.9424898751712567,100.8195574347393,1.130262686839177,2.2498703095211163,0.0,0.875,0.0,0.0,0.0,0.0,0.0,0.0,0.5524414062500002,0.5234304362913044
rule_based,solar_surge,909,96,0.7083333333333334,0.2708333333333333,0.020833333333333332,0.9699357170772749,0.9404393522212766,102.72443520723391,1.1329356168591904,2.2686930417978384,0.0,0.8958333333333334,0.0,0.0,0.0,0.0,0.0,0.0,0.5738439727247808,0.5425921468510208
rule_based,solar_surge,1010,96,0.6875,0.28125,0.03125,0.9698364205727082,0.9414189307707287,104.8219890151429,1.143036284118842,2.247040550045734,0.0,0.8854166666666666,0.0,0.0,0.0,0.0,0.0,0.0,0.5592133817616961,0.5261003979353467
rule_based,solar_surge,1111,96,0.71875,0.2708333333333333,0.010416666666666666,0.9697101076658171,0.9463639297680567,100.21582326850866,1.1496906209743656,2.2573622106658444,0.0,0.8958333333333334,0.0,0.0,0.0,0.0,0.0,0.0,0.5701981393914475,0.5299234416324131
rule_based,solar_surge,1212,96,0.6979166666666666,0.2916666666666667,0.010416666666666666,0.9697540465086827,0.9434301973139763,101.03218135241798,1.1462718978604365,2.2556075930220922,0.0,0.8958333333333334,0.0,0.0,0.0,0.0,0.0,0.0,0.5701981393914475,0.5362778638733522
rule_based,solar_surge,1313,96,0.71875,0.2604166666666667,0.020833333333333332,0.9698359653331652,0.9442943262609372,102.89213183434963,1.1406558430739515,2.265294166141919,0.0,0.8958333333333334,0.0,0.0,0.0,0.0,0.0,0.0,0.5738439727247808,0.5425921468510208
rule_based,solar_surge,1414,96,0.6979166666666666,0.3020833333333333,0.0,0.9698321057179277,0.9452202774507968,98.63575284406141,1.1409681601090742,2.256388283740316,0.0,0.8854166666666666,0.0,0.0,0.0,0.0,0.0,0.0,0.5550775539108188,0.5182275142853195
rule_based,solar_surge,1515,96,0.6979166666666666,0.2916666666666667,0.010416666666666666,0.9695127585177602,0.9427684735669567,100.90259460056919,1.1505873065970433,2.2474099042500666,0.0,0.8854166666666666,0.0,0.0,0.0,0.0,0.0,0.0,0.5514008817616961,0.5188493238173452
rule_based,solar_surge,1616,96,0.6458333333333334,0.3125,0.041666666666666664,0.9692680243261206,0.9397900893399181,105.88404052397384,1.1550698845004141,2.2610184686707697,0.0,0.8854166666666666,0.0,0.0,0.0,0.0,0.0,0.0,0.546729372258772,0.5128034920584071
rule_based,solar_surge,1717,96,0.6770833333333334,0.3125,0.010416666666666666,0.969235621225287,0.9417599939586768,100.91345414646014,1.1632789367656837,2.2711802528607157,0.0,0.8958333333333334,0.0,0.0,0.0,0.0,0.0,0.0,0.5701981393914475,0.5362778638733522
rule_based,solar_surge,1818,96,0.6979166666666666,0.28125,0.020833333333333332,0.9698597804657506,0.9417286421970401,113.41739097092885,1.1389242992015862,2.259644241281225,0.0,0.8958333333333334,0.0,0.0,0.0,0.0,0.0,0.0,0.5701981393914475,0.5291697399380473
rule_based,solar_surge,1919,96,0.71875,0.2708333333333333,0.010416666666666666,0.9696492914244507,0.9436675755533478,102.76479697995117,1.1470506401879426,2.259848280081033,0.0,0.8854166666666666,0.0,0.0,0.0,0.0,0.0,0.0,0.5659389562774124,0.5343364907832188
rule_based,solar_surge,2020,96,0.6770833333333334,0.2916666666666667,0.03125,0.9694317578636555,0.9409242411517116,106.37713535154967,1.1522886112650206,2.252838034178092,0.0,0.8958333333333334,0.0,0.0,0.0,0.0,0.0,0.0,0.5604093852796054,0.5203737446693905
rule_based,renewable_drop,101,96,0.8333333333333334,0.15625,0.010416666666666666,0.9635393301094327,0.9373929016313305,102.23743235509647,1.5572189212771814,1.32337327187239,0.0,0.9166666666666666,0.0,0.0,0.0,0.0,0.0,0.0,0.41584658260233925,0.4127978762233499
rule_based,renewable_drop,202,96,0.8125,0.16666666666666666,0.020833333333333332,0.9632704060248066,0.9352062982968796,101.96389820237333,1.5565847484587507,1.3413298070410953,0.0,0.9166666666666666,0.0,0.0,0.0,0.0,0.0,0.0,0.42724823533442996,0.4120198963545385
rule_based,renewable_drop,303,96,0.8229166666666666,0.16666666666666666,0.010416666666666666,0.9635286674198659,0.9360339330609049,104.74032277242287,1.5467689116594159,1.3355379700600556,0.0,0.9166666666666666,0.0,0.0,0.0,0.0,0.0,0.0,0.41898757309941526,0.4137385584645514
rule_based,renewable_drop,404,96,0.8333333333333334,0.14583333333333334,0.020833333333333332,0.9634275217841731,0.9368318305705796,102.22078417635868,1.5638222021853536,1.3246480064112975,0.0,0.9270833333333334,0.0,0.0,0.0,0.0,0.0,0.0,0.4451411732456141,0.421655701754386
rule_based,renewable_drop,505,96,0.8333333333333334,0.14583333333333334,0.020833333333333332,0.9636431024173846,0.9346148924602388,105.46357907145219,1.556771037678099,1.3276489596819707,0.0,0.9166666666666666,0.0,0.0,0.0,0.0,0.0,0.0,0.4392282586348686,0.41989970686444833
rule_based,renewable_drop,606,96,0.8645833333333334,0.125,0.010416666666666666,0.9637666949511159,0.9390977645638707,102.88132394444051,1.5599921350695982,1.3028292535158927,0.0,0.9270833333333334,0.0,0.0,0.0,0.0,0.0,0.0,0.4664545070358188,0.4280566274623913
rule_based,renewable_drop,707,96,0.875,0.125,0.0,0.9637705161228715,0.9378747251439797,98.96013514081962,1.5466024513226777,1.3197473812963598,0.0,0.9166666666666666,0.0,0.0,0.0,0.0,0.0,0.0,0.4392282586348686,0.41989970686444833
rule_based,renewable_drop,808,96,0.84375,0.14583333333333334,0.010416666666666666,0.9640091570395498,0.9371309973421287,100.8195574347393,1.5351499560362776,1.3339926469499934,0.0,0.90625,0.0,0.0,0.0,0.0,0.0,0.0,0.40873852110745634,0.4106650997033907
rule_based,renewable_drop,909,96,0.8645833333333334,0.11458333333333333,0.020833333333333332,0.9641209590532404,0.9330538147607584,102.72443520723391,1.5376480068942004,1.3016242123462443,0.0,0.9270833333333334,0.0,0.0,0.0,0.0,0.0,0.0,0.46532060946637444,0.42772683767262826
rule_based,renewable_drop,1010,96,0.8229166666666666,0.14583333333333334,0.03125,0.9637082083380113,0.9366195276522999,104.8219890151429,1.5471794536359222,1.3150973713920657,0.0,0.9166666666666666,0.0,0.0,0.0,0.0,0.0,0.0,0.4171029788011696,0.41317448013938146
rule_based,renewable_drop,1111,96,0.8645833333333334,0.125,0.010416666666666666,0.9637526555656231,0.9379346561175044,100.21582326850866,1.554717724124138,1.3155309902481505,0.0,0.9270833333333334,0.0,0.0,0.0,0.0,0.0,0.0,0.4451411732456141,0.421655701754386
rule_based,renewable_drop,1212,96,0.84375,0.14583333333333334,0.010416666666666666,0.9636940476566275,0.9322961952829845,101.03218135241798,1.550169405021234,1.3192013506755558,0.0,0.9270833333333334,0.0,0.0,0.0,0.0,0.0,0.0,0.4451411732456141,0.421655701754386
rule_based,renewable_drop,1313,96,0.8645833333333334,0.11458333333333333,0.020833333333333332,0.9640539676457559,0.9347044360942567,102.89213183434963,1.547483932078008,1.3009774739368893,0.0,0.9270833333333334,0.0,0.0,0.0,0.0,0.0,0.0,0.46532060946637444,0.42772683767262826
rule_based,renewable_drop,1414,96,0.8229166666666666,0.17708333333333334,0.0,0.9634382839077335,0.9366756839565092,98.63575284406141,1.5468138587386064,1.354704737052006,0.0,0.90625,0.0,0.0,0.0,0.0,0.0,0.0,0.3972313596491229,0.4069414843014449
rule_based,renewable_drop,1515,96,0.8333333333333334,0.15625,0.010416666666666666,0.9633411792411684,0.9341922600744532,100.90259460056919,1.555297677918368,1.3385967851633644,0.0,0.9166666666666666,0.0,0.0,0.0,0.0,0.0,0.0,0.4135645102339182,0.40996926524703214
rule_based,renewable_drop,1616,96,0.78125,0.17708333333333334,0.041666666666666664,0.9630798862885402,0.938081348968715,105.88404052397384,1.5570127114078975,1.3490045920057456,0.0,0.9166666666666666,0.0,0.0,0.0,0.0,0.0,0.0,0.4131670321637428,0.4079703874599487
rule_based,renewable_drop,1717,96,0.8229166666666666,0.16666666666666666,0.010416666666666666,0.963329483208788,0.9350584385003804,100.91345414646014,1.569082476359401,1.330986181450633,0.0,0.9270833333333334,0.0,0.0,0.0,0.0,0.0,0.0,0.4451411732456141,0.421655701754386
rule_based,renewable_drop,1818,96,0.84375,0.13541666666666666,0.020833333333333332,0.9638862180325086,0.933299371188337,113.41739097092885,1.5428467584558476,1.3258916502015432,0.0,0.9270833333333334,0.0,0.0,0.0,0.0,0.0,0.0,0.4451411732456141,0.421655701754386
rule_based,renewable_drop,1919,96,0.8645833333333334,0.125,0.010416666666666666,0.9636994468867334,0.9333267932725855,102.76479697995117,1.5499042058042356,1.3161579640529864,0.0,0.9166666666666666,0.0,0.0,0.0,0.0,0.0,0.0,0.4391670093201756,0.41987639918828407
rule_based,renewable_drop,2020,96,0.8125,0.15625,0.03125,0.9633315184973114,0.9351321431343448,106.37713535154967,1.5564642275813305,1.343578488687034,0.0,0.9166666666666666,0.0,0.0,0.0,0.0,0.0,0.0,0.4208721673976609,0.41430004567257744
rule_based,demand_spike,101,96,0.6145833333333334,0.3645833333333333,0.09375,0.9646256331493124,0.9358271823624887,111.20263613974213,1.4006999811959957,2.315249004839922,0.0,0.8229166666666666,0.0,0.0,0.0,0.0,0.0,0.0,0.3183008383589181,0.34956389515442804
rule_based,demand_spike,202,96,0.5833333333333334,0.375,0.16666666666666666,0.9645698906111292,0.9352062982968796,115.39722176970315,1.3991346046777557,2.3652968680414332,0.0,0.8125,0.0,0.0,0.0,0.0,0.0,0.0,0.3288198727613304,0.3659860424664558
rule_based,demand_spike,303,96,0.5833333333333334,0.3958333333333333,0.15625,0.9645651934426009,0.9356880261752536,115.62955566542823,1.3934864142370174,2.345426125438332,0.0,0.8229166666666666,0.0,0.0,0.0,0.0,0.0,0.0,0.3527970520376463,0.38565263045642917
rule_based,demand_spike,404,96,0.59375,0.3645833333333333,0.14583333333333334,0.9642814539391263,0.9347473084916595,116.11256780738832,1.410098716170891,2.3676055994885115,0.0,0.8333333333333334,0.0,0.0,0.0,0.0,0.0,0.0,0.3413251553362573,0.37803163971631487
rule_based,demand_spike,505,96,0.6041666666666666,0.34375,0.16666666666666666,0.9645091754297389,0.9346148924602388,116.42669634084592,1.4000995985220932,2.3886667554346075,0.0,0.8229166666666666,0.0,0.0,0.0,0.0,0.0,0.0,0.33859477796052634,0.37769040043232227
rule_based,demand_spike,606,96,0.6041666666666666,0.3645833333333333,0.16666666666666666,0.9646575190133495,0.9371287293038529,116.95956588936731,1.4075204359515443,2.3198796321540724,0.0,0.8333333333333334,0.0,0.0,0.0,0.0,0.0,0.0,0.3594105503015352,0.38967228714804136
rule_based,demand_spike,707,96,0.625,0.375,0.13541666666666666,0.9647972161482778,0.9378747251439797,115.08941926915224,1.3913897698010007,2.3451022018657275,0.0,0.8229166666666666,0.0,0.0,0.0,0.0,0.0,0.0,0.36231268274853806,0.3870513441973556
rule_based,demand_spike,808,96,0.6041666666666666,0.34375,0.17708333333333334,0.9651380979545072,0.9371309973421287,115.4665244353376,1.384135129915564,2.3147790536364203,0.0,0.8229166666666666,0.0,0.0,0.0,0.0,0.0,0.0,0.3338835777595029,0.38350346309809885
rule_based,demand_spike,909,96,0.625,0.3333333333333333,0.14583333333333334,0.9648995018415537,0.9330538147607584,115.97694658723196,1.3883483915040677,2.341388421517739,0.0,0.84375,0.0,0.0,0.0,0.0,0.0,0.0,0.3534890693530703,0.3815196582044494
rule_based,demand_spike,1010,96,0.6041666666666666,0.34375,0.16666666666666666,0.9649644100713083,0.936297389210972,116.57307898208545,1.3954938476358336,2.2835263808470962,0.0,0.8333333333333334,0.0,0.0,0.0,0.0,0.0,0.0,0.36084898117690073,0.39539121856496356
rule_based,demand_spike,1111,96,0.6145833333333334,0.3645833333333333,0.14583333333333334,0.9646043925437068,0.9369873813824331,115.85018207743303,1.4044778189782499,2.3203782177644277,0.0,0.8333333333333334,0.0,0.0,0.0,0.0,0.0,0.0,0.3522235357273393,0.38643049087904496
rule_based,demand_spike,1212,96,0.7083333333333334,0.25,0.1875,0.966034685888386,0.9420927354115426,117.91126783688297,1.4098161278917825,2.089023167937407,0.0,0.9270833333333334,0.0,0.0,0.0,0.0,0.0,0.0,0.5432096068622077,0.4658401729765782
rule_based,demand_spike,1313,96,0.6145833333333334,0.3229166666666667,0.14583333333333334,0.9647819093254717,0.9347044360942567,115.66572636346963,1.3932440926490515,2.354020238231846,0.0,0.8541666666666666,0.0,0.0,0.0,0.0,0.0,0.0,0.34872675667032166,0.373706487269291
rule_based,demand_spike,1414,96,0.59375,0.375,0.15625,0.9646256845189441,0.9366756839565092,124.31317137477333,1.3958056192420276,2.3472720541377012,0.0,0.8229166666666666,0.0,0.0,0.0,0.0,0.0,0.0,0.36087382355628667,0.3907863413721651
rule_based,demand_spike,1515,96,0.6145833333333334,0.3541666666666667,0.13541666666666666,0.9646183452948192,0.9341922600744532,113.91493691856758,1.4082001659887105,2.2777565524113763,0.0,0.8333333333333334,0.0,0.0,0.0,0.0,0.0,0.0,0.3722035190515352,0.39484123136797294
rule_based,demand_spike,1616,96,0.5729166666666666,0.3541666666666667,0.14583333333333334,0.9644347769267106,0.938081348968715,116.94000689900128,1.401254791132794,2.3457214933805677,0.0,0.8125,0.0,0.0,0.0,0.0,0.0,0.0,0.32406284265350876,0.3564177817826996
rule_based,demand_spike,1717,96,0.6041666666666666,0.3541666666666667,0.13541666666666666,0.9648578919027052,0.9350584385003804,119.94570055135578,1.4224858498727027,2.220758533055699,0.0,0.9166666666666666,0.0,0.0,0.0,0.0,0.0,0.0,0.44600794385051173,0.41812906309773074
rule_based,demand_spike,1818,96,0.59375,0.34375,0.17708333333333334,0.9647712500983848,0.933299371188337,116.70292924982482,1.3918598550276329,2.3640834946230243,0.0,0.84375,0.0,0.0,0.0,0.0,0.0,0.0,0.3571787337810673,0.38460946026601245
rule_based,demand_spike,1919,96,0.6354166666666666,0.3229166666666667,0.15625,0.9645982668926788,0.9333267932725855,117.6928934597454,1.3934537330814312,2.3789766826976786,0.0,0.8229166666666666,0.0,0.0,0.0,0.0,0.0,0.0,0.34083259091739765,0.3745784397590565
rule_based,demand_spike,2020,96,0.5729166666666666,0.3854166666666667,0.15625,0.9642911245155427,0.9351321431343448,115.04867484816256,1.4074664846832914,2.3262541582422642,0.0,0.8333333333333334,0.0,0.0,0.0,0.0,0.0,0.0,0.3519172891538744,0.3861598405293332
rule_based,ev_coincidence,101,96,0.71875,0.2604166666666667,0.14583333333333334,0.9684118352181033,0.9434064123324545,130.17244517524927,1.300733521154133,1.9854673156327727,0.0,0.8854166666666666,0.0,0.0,0.0,0.0,0.0,0.0,0.5509872704221492,0.5506292068120202
rule_based,ev_coincidence,202,96,0.6770833333333334,0.3020833333333333,0.14583333333333334,0.9678975154121883,0.9410958830797579,119.58420940190886,1.2966975553802544,2.0303329820595994,0.0,0.875,0.0,0.0,0.0,0.0,0.0,0.0,0.5270136604532165,0.5225322254847823
rule_based,ev_coincidence,303,96,0.7083333333333334,0.28125,0.125,0.9684245309804717,0.9443685013882217,121.20656711912719,1.2864849341722302,2.0141443389507856,0.0,0.875,0.0,0.0,0.0,0.0,0.0,0.0,0.5476633886147662,0.5476907339106383
rule_based,ev_coincidence,404,96,0.6979166666666666,0.2708333333333333,0.125,0.9680298518278159,0.9410836745893565,128.33642309622363,1.3040358113593224,2.0219575722426018,0.0,0.8958333333333334,0.0,0.0,0.0,0.0,0.0,0.0,0.5665523060581141,0.5605617233187136
rule_based,ev_coincidence,505,96,0.6979166666666666,0.2604166666666667,0.14583333333333334,0.9684038756911871,0.9395935903010677,128.3560570535882,1.2935186843091213,2.043736640804857,0.0,0.8854166666666666,0.0,0.0,0.0,0.0,0.0,0.0,0.5635048314144738,0.5584309412688663
rule_based,ev_coincidence,606,96,0.7291666666666666,0.23958333333333334,0.11458333333333333,0.9681970225756845,0.9418015513347386,126.7523657256993,1.301288556951592,2.022821494167134,0.0,0.8958333333333334,0.0,0.0,0.0,0.0,0.0,0.0,0.5749778702942253,0.5668162217494347
rule_based,ev_coincidence,707,96,0.7395833333333334,0.25,0.15625,0.9683117369869104,0.9432539308807532,124.76895457764479,1.283785385822848,2.054575983597009,0.0,0.8854166666666666,0.0,0.0,0.0,0.0,0.0,0.0,0.5392549570540937,0.5304819410709225
rule_based,ev_coincidence,808,96,0.71875,0.2604166666666667,0.13541666666666666,0.9688650651829809,0.9424898751712567,127.7640807099329,1.2747730848467647,2.017376329900835,0.0,0.875,0.0,0.0,0.0,0.0,0.0,0.0,0.5424697608278509,0.547643434568244
rule_based,ev_coincidence,909,96,0.71875,0.23958333333333334,0.15625,0.9686926528276701,0.9404393522212766,125.69490699893167,1.2819479828394946,2.00565387787892,0.0,0.8958333333333334,0.0,0.0,0.0,0.0,0.0,0.0,0.5671962091100147,0.5572927965624223
rule_based,ev_coincidence,1010,96,0.6979166666666666,0.2604166666666667,0.17708333333333334,0.968751034858896,0.9414189307707287,125.23661118167064,1.2850828287668776,2.0101408353854406,0.0,0.875,0.0,0.0,0.0,0.0,0.0,0.0,0.5469292534722223,0.544703390569009
rule_based,ev_coincidence,1111,96,0.7395833333333334,0.23958333333333334,0.11458333333333333,0.9683771035012411,0.9463639297680567,122.34513375965044,1.297981013599377,1.9996605550016293,0.0,0.8958333333333334,0.0,0.0,0.0,0.0,0.0,0.0,0.5671192548428364,0.5609740497076023
rule_based,ev_coincidence,1212,96,0.71875,0.25,0.13541666666666666,0.968400070306599,0.9434301973139763,125.43223768893328,1.2944903065802322,2.011012531662431,0.0,0.8958333333333334,0.0,0.0,0.0,0.0,0.0,0.0,0.5658628586440059,0.558235105994152
rule_based,ev_coincidence,1313,96,0.7395833333333334,0.23958333333333334,0.15625,0.9686242224393805,0.9442943262609372,123.13710286698935,1.2876174213797853,2.001971144397313,0.0,0.8854166666666666,0.0,0.0,0.0,0.0,0.0,0.0,0.5582194010416668,0.547731621489323
rule_based,ev_coincidence,1414,96,0.71875,0.2708333333333333,0.13541666666666666,0.9685431426965897,0.9452202774507968,122.05892977792433,1.2864636102526343,2.0143963385555774,0.0,0.875,0.0,0.0,0.0,0.0,0.0,0.0,0.5450280975877194,0.5497948911183709
rule_based,ev_coincidence,1515,96,0.71875,0.2604166666666667,0.14583333333333334,0.9682440696240199,0.9427684735669567,122.6858861078887,1.2969802804920239,2.0091801205877937,0.0,0.8854166666666666,0.0,0.0,0.0,0.0,0.0,0.0,0.5466377124451756,0.5465570036710952
rule_based,ev_coincidence,1616,96,0.65625,0.3020833333333333,0.16666666666666666,0.9679225159942147,0.9397900893399181,120.35999455387831,1.3003418990160576,2.0118943107556926,0.0,0.875,0.0,0.0,0.0,0.0,0.0,0.0,0.5284538045961259,0.5284465830638333
rule_based,ev_coincidence,1717,96,0.6979166666666666,0.2708333333333333,0.11458333333333333,0.968020187795858,0.9417599939586768,127.10922640411142,1.3116453264017351,2.0091377300660436,0.0,0.8958333333333334,0.0,0.0,0.0,0.0,0.0,0.0,0.5676862036275586,0.5613863760964913
rule_based,ev_coincidence,1818,96,0.71875,0.23958333333333334,0.125,0.9685220472903029,0.9417286421970401,124.71337878459624,1.2851200629279507,2.019462941212366,0.0,0.8958333333333334,0.0,0.0,0.0,0.0,0.0,0.0,0.5701981393914475,0.5647283899853801
rule_based,ev_coincidence,1919,96,0.7291666666666666,0.25,0.14583333333333334,0.9682537023279608,0.9402642224180381,125.17509182598292,1.28900615604102,2.0543385096542006,0.0,0.8854166666666666,0.0,0.0,0.0,0.0,0.0,0.0,0.5461477179276316,0.5427337760981584
rule_based,ev_coincidence,2020,96,0.7083333333333334,0.23958333333333334,0.13541666666666666,0.9681389214222204,0.9409242411517116,126.69554249064538,1.2998283519281095,2.00026938162855,0.0,0.8854166666666666,0.0,0.0,0.0,0.0,0.0,0.0,0.556702302631579,0.5548380505821986
rule_based,compound,101,96,0.8020833333333334,0.1875,0.010416666666666666,0.9633930553144893,0.9358271823624887,102.23743235509647,1.5249153640972797,1.5757472604490101,0.0,0.9166666666666666,0.0,0.0,0.0,0.0,0.0,0.0,0.39243649488304105,0.3950461499985911
rule_based,compound,202,96,0.78125,0.19791666666666666,0.020833333333333332,0.9631671340897662,0.9352062982968796,101.96389820237333,1.520201098600893,1.616190681349295,0.0,0.9166666666666666,0.0,0.0,0.0,0.0,0.0,0.0,0.39106045550073115,0.3853371804066404
rule_based,compound,303,96,0.8020833333333334,0.1875,0.010416666666666666,0.9634194192103852,0.9356880261752536,104.74032277242287,1.5117834079217236,1.5847577095520728,0.0,0.9166666666666666,0.0,0.0,0.0,0.0,0.0,0.0,0.3899237024853803,0.3918750682118535
rule_based,compound,404,96,0.8125,0.16666666666666666,0.020833333333333332,0.9634671346288451,0.9347473084916595,102.22078417635868,1.5307277635274286,1.5695272980235235,0.0,0.9270833333333334,0.0,0.0,0.0,0.0,0.0,0.0,0.4265259502923977,0.40802266081871347
rule_based,compound,505,96,0.8020833333333334,0.17708333333333334,0.020833333333333332,0.9635716326659788,0.9346148924602388,105.46357907145219,1.521698920531002,1.5888345606613505,0.0,0.9166666666666666,0.0,0.0,0.0,0.0,0.0,0.0,0.4014921132584066,0.3922124588025959
rule_based,compound,606,96,0.8645833333333334,0.125,0.010416666666666666,0.9639632348662897,0.9390977645638707,102.88132394444051,1.5269137472166605,1.5283240775961233,0.0,0.9270833333333334,0.0,0.0,0.0,0.0,0.0,0.0,0.4664545070358188,0.4280566274623913
rule_based,compound,707,96,0.8229166666666666,0.17708333333333334,0.0,0.9634651929326491,0.9378747251439797,98.96013514081962,1.5098664494226721,1.607025302074111,0.0,0.9166666666666666,0.0,0.0,0.0,0.0,0.0,0.0,0.38134551466557026,0.3773176084015621
rule_based,compound,808,96,0.7916666666666666,0.19791666666666666,0.010416666666666666,0.9638136194760847,0.9371309973421287,100.8195574347393,1.4994489198107648,1.6097792929137138,0.0,0.90625,0.0,0.0,0.0,0.0,0.0,0.0,0.35810218498720764,0.37266927546520345
rule_based,compound,909,96,0.8229166666666666,0.15625,0.020833333333333332,0.9638271195820026,0.9330538147607584,102.72443520723391,1.5038962173432118,1.5678205105493024,0.0,0.9270833333333334,0.0,0.0,0.0,0.0,0.0,0.0,0.41091508474963473,0.3886000519796364
rule_based,compound,1010,96,0.7708333333333334,0.19791666666666666,0.03125,0.9635325578025965,0.9360933640453626,104.8219890151429,1.5090479209958356,1.5964739116440603,0.0,0.9166666666666666,0.0,0.0,0.0,0.0,0.0,0.0,0.3706802814327486,0.3783232282470484
rule_based,compound,1111,96,0.84375,0.14583333333333334,0.010416666666666666,0.9636497920700462,0.9369873813824331,100.21582326850866,1.5203439979134004,1.5620592752444669,0.0,0.9270833333333334,0.0,0.0,0.0,0.0,0.0,0.0,0.42675667032163744,0.4080957602339182
rule_based,compound,1212,96,0.8229166666666666,0.16666666666666666,0.010416666666666666,0.9636356899799491,0.9322961952829845,101.03218135241798,1.5194550690990443,1.561160706262585,0.0,0.9270833333333334,0.0,0.0,0.0,0.0,0.0,0.0,0.4296669407894737,0.4103070175438597
rule_based,compound,1313,96,0.8125,0.16666666666666666,0.020833333333333332,0.9636203812096048,0.9347044360942567,102.89213183434963,1.511959666735286,1.5814811716971362,0.0,0.9270833333333334,0.0,0.0,0.0,0.0,0.0,0.0,0.3955021016081873,0.37753756591043247
rule_based,compound,1414,96,0.8125,0.1875,0.0,0.963477406900268,0.9366756839565092,98.63575284406141,1.5135509904460775,1.5948915788547433,0.0,0.90625,0.0,0.0,0.0,0.0,0.0,0.0,0.3867827119883042,0.39871132854836616
rule_based,compound,1515,96,0.7916666666666666,0.19791666666666666,0.010416666666666666,0.9632576815299755,0.9341922600744532,100.90259460056919,1.522580298509671,1.5930474758330555,0.0,0.9166666666666666,0.0,0.0,0.0,0.0,0.0,0.0,0.39015442251462,0.3922175667954499
rule_based,compound,1616,96,0.7708333333333334,0.1875,0.041666666666666664,0.9630903766016311,0.938081348968715,105.88404052397384,1.5250730053849388,1.5886705020211682,0.0,0.9166666666666666,0.0,0.0,0.0,0.0,0.0,0.0,0.3945518092105264,0.39406908174544714
rule_based,compound,1717,96,0.8229166666666666,0.16666666666666666,0.010416666666666666,0.963494564457827,0.9350584385003804,100.91345414646014,1.537731133338503,1.5512995309888895,0.0,0.9270833333333334,0.0,0.0,0.0,0.0,0.0,0.0,0.4451411732456141,0.421655701754386
rule_based,compound,1818,96,0.84375,0.13541666666666666,0.020833333333333332,0.9640333140190842,0.933299371188337,113.41739097092885,1.511551558076934,1.551271805682597,0.0,0.9270833333333334,0.0,0.0,0.0,0.0,0.0,0.0,0.4451411732456141,0.421655701754386
rule_based,compound,1919,96,0.8020833333333334,0.1875,0.010416666666666666,0.9633561813736392,0.9333267932725855,102.76479697995117,1.5134626127993063,1.6081685424258452,0.0,0.9166666666666666,0.0,0.0,0.0,0.0,0.0,0.0,0.3800278691520469,0.3763811790703097
rule_based,compound,2020,96,0.8125,0.15625,0.03125,0.9635153272002667,0.9351321431343448,106.37713535154967,1.5237901812197485,1.5695919740439186,0.0,0.9166666666666666,0.0,0.0,0.0,0.0,0.0,0.0,0.4208721673976609,0.41430004567257744
rule_based,extreme_compound,101,96,0.59375,0.3020833333333333,0.20833333333333334,0.958732573346869,0.9358271823624887,122.86614480927247,1.7407120991137741,1.6105130129468965,0.0,0.9166666666666666,0.0,0.0,0.0,0.0,0.0,0.0,0.31716694078947366,0.3312270575692245
rule_based,extreme_compound,202,96,0.59375,0.2916666666666667,0.20833333333333334,0.9588085263073555,0.9352062982968796,119.52182008391188,1.7347089859983071,1.6119116889628915,0.0,0.9166666666666666,0.0,0.0,0.0,0.0,0.0,0.0,0.32210000913742687,0.33251237066786365
rule_based,extreme_compound,303,96,0.59375,0.3020833333333333,0.19791666666666666,0.9587724816599189,0.9356880261752536,117.24725867000541,1.7302572310390563,1.6164311702028735,0.0,0.9166666666666666,0.0,0.0,0.0,0.0,0.0,0.0,0.3232182017543859,0.3348436876157688
rule_based,extreme_compound,404,96,0.5833333333333334,0.3020833333333333,0.21875,0.9585530850566825,0.9347473084916595,115.93423952890498,1.7449574041341738,1.6173551617263486,0.0,0.9270833333333334,0.0,0.0,0.0,0.0,0.0,0.0,0.3307565789473684,0.33591008771929837
rule_based,extreme_compound,505,96,0.6041666666666666,0.3125,0.19791666666666666,0.9586554938116976,0.9346148924602388,118.84962393025336,1.7438225217371084,1.629414978590849,0.0,0.9166666666666666,0.0,0.0,0.0,0.0,0.0,0.0,0.3293464169864766,0.33682951714808534
rule_based,extreme_compound,606,96,0.6041666666666666,0.2916666666666667,0.20833333333333334,0.958730891260478,0.9371287293038529,118.82453156920161,1.7453520390443462,1.6014340072211737,0.0,0.9270833333333334,0.0,0.0,0.0,0.0,0.0,0.0,0.33424950315241225,0.3358835628280638
rule_based,extreme_compound,707,96,0.65625,0.28125,0.17708333333333334,0.958913692990075,0.9378747251439797,114.10678224698876,1.7307855200166689,1.6116748949882371,0.0,0.9166666666666666,0.0,0.0,0.0,0.0,0.0,0.0,0.3300188744974415,0.3375613558532127
rule_based,extreme_compound,808,96,0.6145833333333334,0.28125,0.19791666666666666,0.9591368087170401,0.9371309973421287,118.89189820268793,1.7237843549099392,1.62101916197231,0.0,0.90625,0.0,0.0,0.0,0.0,0.0,0.0,0.3145616319444444,0.332038034278478
rule_based,extreme_compound,909,96,0.59375,0.2708333333333333,0.22916666666666666,0.9591295616086857,0.9330538147607584,119.20183311939556,1.7201167926424195,1.6018290059162885,0.0,0.9270833333333334,0.0,0.0,0.0,0.0,0.0,0.0,0.3365928248355263,0.33792749227098673
rule_based,extreme_compound,1010,96,0.59375,0.2708333333333333,0.21875,0.9589189540826379,0.9360933640453626,115.6222072002105,1.7316169832789867,1.5970838192917396,0.0,0.9166666666666666,0.0,0.0,0.0,0.0,0.0,0.0,0.3188208150584795,0.3322560280666473
rule_based,extreme_compound,1111,96,0.6041666666666666,0.28125,0.21875,0.958755860022666,0.9369873813824331,121.06957212161171,1.742028931246035,1.61026366309614,0.0,0.9270833333333334,0.0,0.0,0.0,0.0,0.0,0.0,0.33012838084795315,0.3354532163742691
rule_based,extreme_compound,1212,96,0.5833333333333334,0.3229166666666667,0.21875,0.9584960789843578,0.9322961952829845,119.53846610455825,1.749011903341291,1.6259855441910096,0.0,0.9270833333333334,0.0,0.0,0.0,0.0,0.0,0.0,0.35083379020467836,0.3515533625730995
rule_based,extreme_compound,1313,96,0.6041666666666666,0.23958333333333334,0.22916666666666666,0.958986335235232,0.9347044360942567,121.95119308042086,1.7273979892003588,1.5997078651322285,0.0,0.9270833333333334,0.0,0.0,0.0,0.0,0.0,0.0,0.3362565960800438,0.3378299184824846
rule_based,extreme_compound,1414,96,0.59375,0.3125,0.19791666666666666,0.9587912393991901,0.9366756839565092,118.37336972898578,1.7310641294991342,1.6319943392183514,0.0,0.90625,0.0,0.0,0.0,0.0,0.0,0.0,0.32235928362573096,0.337341722835743
rule_based,extreme_compound,1515,96,0.59375,0.2916666666666667,0.21875,0.9586649924624103,0.9341922600744532,116.91434596648223,1.7454095699996437,1.6200537522420095,0.0,0.9166666666666666,0.0,0.0,0.0,0.0,0.0,0.0,0.31865405701754385,0.33231181162237666
rule_based,extreme_compound,1616,96,0.5625,0.3020833333333333,0.25,0.9586416599807546,0.938081348968715,117.60868216655705,1.7386479344937082,1.617311775098253,0.0,0.9166666666666666,0.0,0.0,0.0,0.0,0.0,0.0,0.32179504751461985,0.3320810295261837
rule_based,extreme_compound,1717,96,0.5729166666666666,0.34375,0.20833333333333334,0.958242511607985,0.9350584385003804,120.49290345024313,1.7608722045783232,1.6315379155326337,0.0,0.9270833333333334,0.0,0.0,0.0,0.0,0.0,0.0,0.3431926169590643,0.34552266081871347
rule_based,extreme_compound,1818,96,0.59375,0.2916666666666667,0.21875,0.9590108576597438,0.933299371188337,118.46806241559203,1.724356102953024,1.6172222522222688,0.0,0.9270833333333334,0.0,0.0,0.0,0.0,0.0,0.0,0.329500182748538,0.33499634502923986
rule_based,extreme_compound,1919,96,0.6145833333333334,0.2708333333333333,0.20833333333333334,0.9588427628995323,0.9333267932725855,115.9146155144273,1.729058110209681,1.6059464963455796,0.0,0.9166666666666666,0.0,0.0,0.0,0.0,0.0,0.0,0.3299133657711988,0.3372671175442578
rule_based,extreme_compound,2020,96,0.5833333333333334,0.3020833333333333,0.21875,0.9586082122543335,0.9351321431343448,120.353215043143,1.7388128651081451,1.6254827164042933,0.0,0.9166666666666666,0.0,0.0,0.0,0.0,0.0,0.0,0.3265259502923976,0.3369735330859442
unconstrained,normal,101,96,0.6145833333333334,0.375,0.010416666666666666,0.9697190016218581,0.9358271823624887,102.07223515924322,1.104255347578862,2.1492484408954082,0.0,0.8229166666666666,0.0,0.0,0.0,0.0,0.0,0.0,0.1576589121326821,0.22478502218088856
unconstrained,normal,202,96,0.5729166666666666,0.40625,0.03125,0.9697686246684544,0.9352062982968796,101.7755272308553,1.103864681629177,2.183125036253169,0.0,0.8125,0.0,0.0,0.0,0.0,0.0,0.0,0.16253488562267798,0.2284152113076482
unconstrained,normal,303,96,0.59375,0.3958333333333333,0.010416666666666666,0.9698996070758016,0.9356880261752536,104.54736248300402,1.091445547854694,2.177584014806297,0.0,0.8125,0.0,0.0,0.0,0.0,0.0,0.0,0.15863135908913464,0.22834200443001748
unconstrained,normal,404,96,0.5833333333333334,0.3958333333333333,0.020833333333333332,0.9696159056758112,0.9347473084916595,102.03097544941326,1.10698470113262,2.176750595501316,0.0,0.8229166666666666,0.0,0.0,0.0,0.0,0.0,0.0,0.15770616488162517,0.22512699537524097
unconstrained,normal,505,96,0.5833333333333334,0.3958333333333333,0.020833333333333332,0.9697069879507628,0.9346148924602388,105.25804690734223,1.0979202015274403,2.1960035846688655,0.0,0.8229166666666666,0.0,0.0,0.0,0.0,0.0,0.0,0.15784445591335425,0.2258252260371512
unconstrained,normal,606,96,0.6041666666666666,0.3854166666666667,0.010416666666666666,0.9698181141539957,0.9371287293038529,102.68016526979542,1.1026404378987742,2.1606184561260964,0.0,0.8229166666666666,0.0,0.0,0.0,0.0,0.0,0.0,0.15752923976608182,0.22436951748865583
unconstrained,normal,707,96,0.6145833333333334,0.3854166666666667,0.0,0.9699454044579076,0.9378747251439797,98.76657835896023,1.0891481611292104,2.178613400438021,0.0,0.8229166666666666,0.0,0.0,0.0,0.0,0.0,0.0,0.15829144204699944,0.22738198953084088
unconstrained,normal,808,96,0.5833333333333334,0.40625,0.010416666666666666,0.9699789194592183,0.9371309973421287,100.62826035937893,1.083291129950661,2.1894001074622444,0.0,0.8229166666666666,0.0,0.0,0.0,0.0,0.0,0.0,0.15845501617550076,0.2269335716377462
unconstrained,normal,909,96,0.59375,0.3958333333333333,0.010416666666666666,0.9702118367608662,0.9331567183842621,102.52483372175918,1.0854216645544401,2.1416439280979436,0.0,0.8125,0.0,0.0,0.0,0.0,0.0,0.0,0.1583811797617635,0.22871415968823214
unconstrained,normal,1010,96,0.5833333333333334,0.3854166666666667,0.03125,0.9698649023555782,0.9360933640453626,104.63015330466628,1.0914934981197977,2.175179005629524,0.0,0.8125,0.0,0.0,0.0,0.0,0.0,0.0,0.1595198581589997,0.2260207902059015
unconstrained,normal,1111,96,0.6041666666666666,0.3854166666666667,0.010416666666666666,0.9699375580614147,0.9369873813824331,100.02915595467033,1.099399458921398,2.1468169494421168,0.0,0.8229166666666666,0.0,0.0,0.0,0.0,0.0,0.0,0.15837052168200438,0.22444039168803775
unconstrained,normal,1212,96,0.6041666666666666,0.3854166666666667,0.010416666666666666,0.9698628138644961,0.9324244476948792,100.85611375989092,1.0965020010724806,2.1527999185379256,0.0,0.8229166666666666,0.0,0.0,0.0,0.0,0.0,0.0,0.1575949190520455,0.22522066687063272
unconstrained,normal,1313,96,0.625,0.3541666666666667,0.020833333333333332,0.9699646163263512,0.9347044360942567,102.70582779503317,1.0907104282865128,2.1489716650920454,0.0,0.8229166666666666,0.0,0.0,0.0,0.0,0.0,0.0,0.15752923976608182,0.22436951748865583
unconstrained,normal,1414,96,0.6041666666666666,0.3958333333333333,0.0,0.9699985732326205,0.9366756839565092,98.45048365295574,1.091166620481685,2.1689892516903813,0.0,0.8125,0.0,0.0,0.0,0.0,0.0,0.0,0.15899454589463824,0.22622114556642095
unconstrained,normal,1515,96,0.59375,0.3958333333333333,0.010416666666666666,0.9699713624550386,0.9341922600744532,100.71215380984557,1.1017681131415695,2.158611779355639,0.0,0.8125,0.0,0.0,0.0,0.0,0.0,0.0,0.15965455244748436,0.22780170621019183
unconstrained,normal,1616,96,0.5729166666666666,0.3958333333333333,0.03125,0.969787927008774,0.938081348968715,105.67377085674477,1.1076884854416373,2.154476089670259,0.0,0.8125,0.0,0.0,0.0,0.0,0.0,0.0,0.15825558885534308,0.2267127860388413
unconstrained,normal,1717,96,0.5833333333333334,0.40625,0.010416666666666666,0.9694408292784084,0.9350584385003804,100.71986893678194,1.1150198308714259,2.160211083383144,0.0,0.8229166666666666,0.0,0.0,0.0,0.0,0.0,0.0,0.15791281831086276,0.22436952323618842
unconstrained,normal,1818,96,0.6041666666666666,0.375,0.020833333333333332,0.9702038827363938,0.9333355039297216,113.21144307755438,1.086454508559127,2.1645578280284394,0.0,0.8020833333333334,0.0,0.0,0.0,0.0,0.0,0.0,0.1610218782101315,0.23179367412823323
unconstrained,normal,1919,96,0.5833333333333334,0.40625,0.010416666666666666,0.9699413308671674,0.9333558771952969,102.57007982720032,1.0939591712812646,2.1796495493793784,0.0,0.8125,0.0,0.0,0.0,0.0,0.0,0.0,0.1583182233839776,0.22784521286520232
unconstrained,normal,2020,96,0.59375,0.3854166666666667,0.020833333333333332,0.9698078203579735,0.9351321431343448,106.17187178026472,1.1036015455467811,2.1573882139795453,0.0,0.8125,0.0,0.0,0.0,0.0,0.0,0.0,0.1583251636568448,0.2256416739077397
unconstrained,solar_surge,101,96,0.6041666666666666,0.3854166666666667,0.010416666666666666,0.9699036581272619,0.9358271823624887,102.07223515924322,1.0523854861966846,2.426947459932415,0.0,0.8229166666666666,0.0,0.0,0.0,0.0,0.0,0.0,0.1576589121326821,0.22478502218088856
unconstrained,solar_surge,202,96,0.5729166666666666,0.40625,0.03125,0.9699844106703653,0.9352062982968796,101.7755272308553,1.0540316451942793,2.4502140564703048,0.0,0.8125,0.0,0.0,0.0,0.0,0.0,0.0,0.16253488562267798,0.2284152113076482
unconstrained,solar_surge,303,96,0.59375,0.3958333333333333,0.010416666666666666,0.9701054587960383,0.9356880261752536,104.54736248300402,1.0419039208864274,2.450146571218621,0.0,0.8125,0.0,0.0,0.0,0.0,0.0,0.0,0.15863135908913464,0.22834200443001748
unconstrained,solar_surge,404,96,0.5729166666666666,0.40625,0.03125,0.9698008850502536,0.9347473084916595,102.03097544941326,1.0576364553373274,2.444959125479511,0.0,0.8229166666666666,0.0,0.0,0.0,0.0,0.0,0.0,0.15770616488162517,0.22512699537524097
unconstrained,solar_surge,505,96,0.5833333333333334,0.3958333333333333,0.03125,0.9698697352827693,0.9346148924602388,105.25804690734223,1.0490637976377097,2.4682221994136846,0.0,0.8229166666666666,0.0,0.0,0.0,0.0,0.0,0.0,0.15784445591335425,0.2258252260371512
unconstrained,solar_surge,606,96,0.6041666666666666,0.3854166666666667,0.010416666666666666,0.9699904753975676,0.9371287293038529,102.68016526979542,1.050966633509128,2.4440850426979326,0.0,0.8229166666666666,0.0,0.0,0.0,0.0,0.0,0.0,0.15752923976608182,0.22436951748865583
unconstrained,solar_surge,707,96,0.6145833333333334,0.3854166666666667,0.0,0.9701118394478575,0.9378747251439797,98.9611447589132,1.0392514032934514,2.4524607900722675,0.0,0.8229166666666666,0.0,0.0,0.0,0.0,0.0,0.0,0.15829144204699944,0.22738198953084088
unconstrained,solar_surge,808,96,0.5833333333333334,0.40625,0.010416666666666666,0.9701457422422975,0.9371309973421287,100.62826035937893,1.03333764789357,2.460574806582382,0.0,0.8229166666666666,0.0,0.0,0.0,0.0,0.0,0.0,0.15845501617550076,0.2269335716377462
unconstrained,solar_surge,909,96,0.59375,0.3958333333333333,0.010416666666666666,0.9703957547394286,0.9331567183842621,102.52483372175918,1.0302576764341638,2.445460809020461,0.0,0.8125,0.0,0.0,0.0,0.0,0.0,0.0,0.1583811797617635,0.22871415968823214
unconstrained,solar_surge,1010,96,0.5833333333333334,0.3854166666666667,0.03125,0.9700292306019099,0.9360933640453626,104.63015330466628,1.0422034291549072,2.446625336617428,0.0,0.8125,0.0,0.0,0.0,0.0,0.0,0.0,0.1595198581589997,0.2260207902059015
unconstrained,solar_surge,1111,96,0.6041666666666666,0.3854166666666667,0.010416666666666666,0.9701190437467172,0.9369873813824331,100.02915595467033,1.0462440938455793,2.436848136329809,0.0,0.8229166666666666,0.0,0.0,0.0,0.0,0.0,0.0,0.15837052168200438,0.22444039168803775
unconstrained,solar_surge,1212,96,0.6041666666666666,0.3854166666666667,0.010416666666666666,0.9700663457900977,0.9324244476948792,100.85611375989092,1.0436415686382954,2.4384928055944,0.0,0.8229166666666666,0.0,0.0,0.0,0.0,0.0,0.0,0.1575949190520455,0.22522066687063272
unconstrained,solar_surge,1313,96,0.6145833333333334,0.3645833333333333,0.020833333333333332,0.9701535112148877,0.9347044360942567,102.70582779503317,1.0375287286131367,2.4403262729863915,0.0,0.8229166666666666,0.0,0.0,0.0,0.0,0.0,0.0,0.15752923976608182,0.22436951748865583
unconstrained,solar_surge,1414,96,0.6041666666666666,0.3958333333333333,0.0,0.9701684330276045,0.9366756839565092,98.45048365295574,1.0402102595572948,2.4502297226283947,0.0,0.8125,0.0,0.0,0.0,0.0,0.0,0.0,0.15899454589463824,0.22622114556642095
unconstrained,solar_surge,1515,96,0.59375,0.3958333333333333,0.020833333333333332,0.9701499284279999,0.9341922600744532,100.71215380984557,1.0507016683397878,2.438944044021756,0.0,0.8125,0.0,0.0,0.0,0.0,0.0,0.0,0.15965455244748436,0.22780170621019183
unconstrained,solar_surge,1616,96,0.5729166666666666,0.3958333333333333,0.03125,0.9699573146031234,0.938081348968715,105.67377085674477,1.056911974141827,2.432314364808695,0.0,0.8125,0.0,0.0,0.0,0.0,0.0,0.0,0.15825558885534308,0.2267127860388413
unconstrained,solar_surge,1717,96,0.5833333333333334,0.40625,0.010416666666666666,0.9696183557964716,0.9350584385003804,100.71986893678194,1.061778105652668,2.4533666518872472,0.0,0.8229166666666666,0.0,0.0,0.0,0.0,0.0,0.0,0.15791281831086276,0.22436952323618842
unconstrained,solar_surge,1818,96,0.59375,0.3854166666666667,0.020833333333333332,0.9704327767616295,0.9333355039297216,113.21144307755438,1.0361421810310627,2.4384559487890023,0.0,0.8020833333333334,0.0,0.0,0.0,0.0,0.0,0.0,0.1610218782101315,0.23179367412823323
unconstrained,solar_surge,1919,96,0.5833333333333334,0.40625,0.010416666666666666,0.970128997613991,0.9333558771952969,102.57007982720032,1.0456702834058913,2.4461527088937336,0.0,0.8125,0.0,0.0,0.0,0.0,0.0,0.0,0.1583182233839776,0.22784521286520232
unconstrained,solar_surge,2020,96,0.59375,0.3854166666666667,0.020833333333333332,0.9699845231604219,0.9351321431343448,106.17187178026472,1.0507490355175204,2.440876115867111,0.0,0.8125,0.0,0.0,0.0,0.0,0.0,0.0,0.1583251636568448,0.2256416739077397
unconstrained,renewable_drop,101,96,0.8125,0.17708333333333334,0.010416666666666666,0.9652215598364657,0.9358271823624887,102.07223515924322,1.453477535357326,1.313041186504443,0.0,0.8229166666666666,0.0,0.0,0.0,0.0,0.0,0.0,0.1576589121326821,0.22478502218088856
unconstrained,renewable_drop,202,96,0.78125,0.19791666666666666,0.020833333333333332,0.9653634027710835,0.9352062982968796,101.7755272308553,1.4558214699667893,1.3235275059902114,0.0,0.8125,0.0,0.0,0.0,0.0,0.0,0.0,0.16253488562267798,0.2284152113076482
unconstrained,renewable_drop,303,96,0.8020833333333334,0.1875,0.010416666666666666,0.9654635014982779,0.9356880261752536,104.54736248300402,1.442591393969727,1.3138037393265583,0.0,0.8125,0.0,0.0,0.0,0.0,0.0,0.0,0.15863135908913464,0.22834200443001748
unconstrained,renewable_drop,404,96,0.78125,0.19791666666666666,0.020833333333333332,0.9651653673647053,0.9347473084916595,102.03097544941326,1.4598669875059933,1.318569720951758,0.0,0.8229166666666666,0.0,0.0,0.0,0.0,0.0,0.0,0.15770616488162517,0.22512699537524097
unconstrained,renewable_drop,505,96,0.7916666666666666,0.1875,0.020833333333333332,0.9652641783583694,0.9346148924602388,105.25804690734223,1.4542177843545279,1.3276296343899439,0.0,0.8229166666666666,0.0,0.0,0.0,0.0,0.0,0.0,0.15784445591335425,0.2258252260371512
unconstrained,renewable_drop,606,96,0.8125,0.17708333333333334,0.010416666666666666,0.9653982890788168,0.9371287293038529,102.68016526979542,1.4544534100134172,1.3092327483628892,0.0,0.8229166666666666,0.0,0.0,0.0,0.0,0.0,0.0,0.15752923976608182,0.22436951748865583
unconstrained,renewable_drop,707,96,0.8229166666666666,0.17708333333333334,0.0,0.9654956677104538,0.9378747251439797,98.76657835896023,1.4432798106689255,1.3162122705645412,0.0,0.8229166666666666,0.0,0.0,0.0,0.0,0.0,0.0,0.15829144204699944,0.22738198953084088
unconstrained,renewable_drop,808,96,0.7916666666666666,0.19791666666666666,0.010416666666666666,0.9655356889873822,0.9371309973421287,100.62826035937893,1.4354836816101102,1.3285599482731758,0.0,0.8229166666666666,0.0,0.0,0.0,0.0,0.0,0.0,0.15845501617550076,0.2269335716377462
unconstrained,renewable_drop,909,96,0.8020833333333334,0.1875,0.010416666666666666,0.9657241542795791,0.9331567183842621,102.52483372175918,1.433081250964694,1.3130108667300657,0.0,0.8125,0.0,0.0,0.0,0.0,0.0,0.0,0.1583811797617635,0.22871415968823214
unconstrained,renewable_drop,1010,96,0.7916666666666666,0.17708333333333334,0.03125,0.9654819644604928,0.9360933640453626,104.63015330466628,1.4437416547325495,1.3032642800677485,0.0,0.8125,0.0,0.0,0.0,0.0,0.0,0.0,0.1595198581589997,0.2260207902059015
unconstrained,renewable_drop,1111,96,0.8125,0.17708333333333334,0.010416666666666666,0.9654900026999128,0.9369873813824331,100.02915595467033,1.4488851735684734,1.306390892021923,0.0,0.8229166666666666,0.0,0.0,0.0,0.0,0.0,0.0,0.15837052168200438,0.22444039168803775
unconstrained,renewable_drop,1212,96,0.8125,0.17708333333333334,0.010416666666666666,0.965341272431683,0.9324244476948792,100.85611375989092,1.4452746923703181,1.3136967081943762,0.0,0.8229166666666666,0.0,0.0,0.0,0.0,0.0,0.0,0.1575949190520455,0.22522066687063272
unconstrained,renewable_drop,1313,96,0.8229166666666666,0.15625,0.020833333333333332,0.9655196991722882,0.9347044360942567,102.70582779503317,1.4424167433867503,1.3093982583766177,0.0,0.8229166666666666,0.0,0.0,0.0,0.0,0.0,0.0,0.15752923976608182,0.22436951748865583
unconstrained,renewable_drop,1414,96,0.8125,0.1875,0.0,0.9655359690015994,0.9366756839565092,98.45048365295574,1.4429733135921374,1.3108089111485461,0.0,0.8125,0.0,0.0,0.0,0.0,0.0,0.0,0.15899454589463824,0.22622114556642095
unconstrained,renewable_drop,1515,96,0.8020833333333334,0.1875,0.010416666666666666,0.9654663776827072,0.9341922600744532,100.71215380984557,1.4526040945718883,1.3138410183597322,0.0,0.8125,0.0,0.0,0.0,0.0,0.0,0.0,0.15965455244748436,0.22780170621019183
unconstrained,renewable_drop,1616,96,0.78125,0.1875,0.03125,0.9652341585537472,0.938081348968715,105.67377085674477,1.4562353152536556,1.308533605914895,0.0,0.8125,0.0,0.0,0.0,0.0,0.0,0.0,0.15825558885534308,0.2267127860388413
unconstrained,renewable_drop,1717,96,0.7916666666666666,0.19791666666666666,0.010416666666666666,0.9649828741833376,0.9350584385003804,100.71986893678194,1.465272296961923,1.3237035689470753,0.0,0.8229166666666666,0.0,0.0,0.0,0.0,0.0,0.0,0.15791281831086276,0.22436952323618842
unconstrained,renewable_drop,1818,96,0.8020833333333334,0.17708333333333334,0.020833333333333332,0.9657551924739067,0.9333355039297216,113.21144307755438,1.4375946363431218,1.314880296485158,0.0,0.8020833333333334,0.0,0.0,0.0,0.0,0.0,0.0,0.1610218782101315,0.23179367412823323
unconstrained,renewable_drop,1919,96,0.7916666666666666,0.19791666666666666,0.010416666666666666,0.9654779984601841,0.9333558771952969,102.57007982720032,1.446175909122962,1.3106188618192525,0.0,0.8125,0.0,0.0,0.0,0.0,0.0,0.0,0.1583182233839776,0.22784521286520232
unconstrained,renewable_drop,2020,96,0.8020833333333334,0.17708333333333334,0.020833333333333332,0.9653951461996497,0.9351321431343448,106.17187178026472,1.4520685522721877,1.3162087482061238,0.0,0.8125,0.0,0.0,0.0,0.0,0.0,0.0,0.1583251636568448,0.2256416739077397
unconstrained,demand_spike,101,96,0.6354166666666666,0.3541666666666667,0.03125,0.9668795062393595,0.9358271823624887,105.9740624909006,1.30655523120784,2.185187186103324,0.0,0.8229166666666666,0.0,0.0,0.0,0.0,0.0,0.0,0.1576589121326821,0.22478502218088856
unconstrained,demand_spike,202,96,0.5833333333333334,0.375,0.052083333333333336,0.9670558000483682,0.9352062982968796,103.70742573927969,1.3058254439843668,2.2158158943587014,0.0,0.8125,0.0,0.0,0.0,0.0,0.0,0.0,0.16253488562267798,0.2284152113076482
unconstrained,demand_spike,303,96,0.625,0.3541666666666667,0.020833333333333332,0.9671521644418343,0.9356880261752536,104.54736248300402,1.2907260247694285,2.2080062086085483,0.0,0.8125,0.0,0.0,0.0,0.0,0.0,0.0,0.15863135908913464,0.22834200443001748
unconstrained,demand_spike,404,96,0.6041666666666666,0.375,0.03125,0.9668733563639792,0.9347473084916595,103.7848064273198,1.3087556341756084,2.2086485847552795,0.0,0.8229166666666666,0.0,0.0,0.0,0.0,0.0,0.0,0.15770616488162517,0.22512699537524097
unconstrained,demand_spike,505,96,0.6041666666666666,0.375,0.03125,0.9670378640932847,0.9346148924602388,105.25804690734223,1.2998017273263773,2.2260226183437357,0.0,0.8229166666666666,0.0,0.0,0.0,0.0,0.0,0.0,0.15784445591335425,0.2258252260371512
unconstrained,demand_spike,606,96,0.6354166666666666,0.34375,0.03125,0.9671510489077221,0.9371287293038529,102.68016526979542,1.3031090036319615,2.190496062360749,0.0,0.8229166666666666,0.0,0.0,0.0,0.0,0.0,0.0,0.15752923976608182,0.22436951748865583
unconstrained,demand_spike,707,96,0.65625,0.34375,0.0,0.9672475642598423,0.9378747251439797,99.93218527482817,1.290483181030216,2.209038648907535,0.0,0.8229166666666666,0.0,0.0,0.0,0.0,0.0,0.0,0.15829144204699944,0.22738198953084088
unconstrained,demand_spike,808,96,0.59375,0.375,0.041666666666666664,0.9672701837261304,0.9371309973421287,102.99287776159115,1.283601465089396,2.220419172118958,0.0,0.8229166666666666,0.0,0.0,0.0,0.0,0.0,0.0,0.15845501617550076,0.2269335716377462
unconstrained,demand_spike,909,96,0.625,0.3645833333333333,0.020833333333333332,0.9673735795424939,0.9331567183842621,102.52483372175918,1.2860691072215886,2.1753568327816835,0.0,0.8125,0.0,0.0,0.0,0.0,0.0,0.0,0.1583811797617635,0.22871415968823214
unconstrained,demand_spike,1010,96,0.6145833333333334,0.3541666666666667,0.03125,0.9672286874340443,0.9360933640453626,104.63015330466628,1.2898166864086462,2.20139196248085,0.0,0.8125,0.0,0.0,0.0,0.0,0.0,0.0,0.1595198581589997,0.2260207902059015
unconstrained,demand_spike,1111,96,0.6145833333333334,0.3645833333333333,0.020833333333333332,0.9671609387844503,0.9369873813824331,103.2936911444963,1.3000563911745082,2.1794417939929644,0.0,0.8229166666666666,0.0,0.0,0.0,0.0,0.0,0.0,0.15837052168200438,0.22444039168803775
unconstrained,demand_spike,1212,96,0.625,0.3333333333333333,0.052083333333333336,0.9669515399144243,0.9324244476948792,103.4247395101753,1.2986449590425793,2.1897119005961727,0.0,0.8229166666666666,0.0,0.0,0.0,0.0,0.0,0.0,0.1575949190520455,0.22522066687063272
unconstrained,demand_spike,1313,96,0.625,0.3333333333333333,0.041666666666666664,0.967261867589289,0.9347044360942567,103.84748708499055,1.2926520717954186,2.181968256692749,0.0,0.8229166666666666,0.0,0.0,0.0,0.0,0.0,0.0,0.15752923976608182,0.22436951748865583
unconstrained,demand_spike,1414,96,0.6354166666666666,0.3645833333333333,0.010416666666666666,0.9672394535976219,0.9366756839565092,102.13755766653227,1.291026144098364,2.1993378946090143,0.0,0.8125,0.0,0.0,0.0,0.0,0.0,0.0,0.15899454589463824,0.22622114556642095
unconstrained,demand_spike,1515,96,0.6145833333333334,0.375,0.020833333333333332,0.9671426867049391,0.9341922600744532,100.71215380984557,1.3036298095023113,2.192643796056018,0.0,0.8125,0.0,0.0,0.0,0.0,0.0,0.0,0.15965455244748436,0.22780170621019183
unconstrained,demand_spike,1616,96,0.6041666666666666,0.3645833333333333,0.052083333333333336,0.9668269957094703,0.938081348968715,105.67377085674477,1.309088835913279,2.189867472585818,0.0,0.8125,0.0,0.0,0.0,0.0,0.0,0.0,0.15825558885534308,0.2267127860388413
unconstrained,demand_spike,1717,96,0.6041666666666666,0.3854166666666667,0.03125,0.9666834145023184,0.9350584385003804,102.23444841337113,1.3159912552076403,2.1926112892206984,0.0,0.8229166666666666,0.0,0.0,0.0,0.0,0.0,0.0,0.15791281831086276,0.22436952323618842
unconstrained,demand_spike,1818,96,0.6145833333333334,0.3541666666666667,0.03125,0.9674244114457524,0.9333355039297216,113.21144307755438,1.2885728564831744,2.198714133362645,0.0,0.8020833333333334,0.0,0.0,0.0,0.0,0.0,0.0,0.1610218782101315,0.23179367412823323
unconstrained,demand_spike,1919,96,0.6145833333333334,0.375,0.010416666666666666,0.9671658168977859,0.9333558771952969,102.57007982720032,1.2937743009821083,2.209931961318889,0.0,0.8125,0.0,0.0,0.0,0.0,0.0,0.0,0.1583182233839776,0.22784521286520232
unconstrained,demand_spike,2020,96,0.625,0.34375,0.03125,0.9670645901713758,0.9351321431343448,106.17187178026472,1.3032445024755734,2.18892777781719,0.0,0.8125,0.0,0.0,0.0,0.0,0.0,0.0,0.1583251636568448,0.2256416739077397
unconstrained,ev_coincidence,101,96,0.625,0.3645833333333333,0.010416666666666666,0.9688018175310843,0.9358271823624887,102.07223515924322,1.1935381280928474,2.1501425305161996,0.0,0.8229166666666666,0.0,0.0,0.0,0.0,0.0,0.0,0.1576589121326821,0.22478502218088856
unconstrained,ev_coincidence,202,96,0.59375,0.3854166666666667,0.020833333333333332,0.9687963880663406,0.9352062982968796,101.7755272308553,1.1930002243573412,2.1826592059894487,0.0,0.8125,0.0,0.0,0.0,0.0,0.0,0.0,0.16253488562267798,0.2284152113076482
unconstrained,ev_coincidence,303,96,0.6041666666666666,0.3854166666666667,0.010416666666666666,0.9689888904018579,0.9356880261752536,104.54736248300402,1.1794066632658613,2.1765133427664685,0.0,0.8125,0.0,0.0,0.0,0.0,0.0,0.0,0.15863135908913464,0.22834200443001748
unconstrained,ev_coincidence,404,96,0.5833333333333334,0.3958333333333333,0.020833333333333332,0.9686862744918926,0.9347473084916595,102.03097544941326,1.1960374686800652,2.1759706139996906,0.0,0.8229166666666666,0.0,0.0,0.0,0.0,0.0,0.0,0.15770616488162517,0.22512699537524097
unconstrained,ev_coincidence,505,96,0.59375,0.3854166666666667,0.020833333333333332,0.968845877241567,0.9346148924602388,105.25804690734223,1.187021300579314,2.1943688220788804,0.0,0.8229166666666666,0.0,0.0,0.0,0.0,0.0,0.0,0.15784445591335425,0.2258252260371512
unconstrained,ev_coincidence,606,96,0.6145833333333334,0.375,0.010416666666666666,0.9689294604465322,0.9371287293038529,102.68016526979542,1.1911226298250484,2.159138632778764,0.0,0.8229166666666666,0.0,0.0,0.0,0.0,0.0,0.0,0.15752923976608182,0.22436951748865583
unconstrained,ev_coincidence,707,96,0.625,0.375,0.0,0.9690227712763321,0.9378747251439797,98.76657835896023,1.1780100966307632,2.1772486417946397,0.0,0.8229166666666666,0.0,0.0,0.0,0.0,0.0,0.0,0.15829144204699944,0.22738198953084088
unconstrained,ev_coincidence,808,96,0.59375,0.3958333333333333,0.010416666666666666,0.9690407279773385,0.9371309973421287,100.62826035937893,1.1717024542507914,2.1884145654526406,0.0,0.8229166666666666,0.0,0.0,0.0,0.0,0.0,0.0,0.15845501617550076,0.2269335716377462
unconstrained,ev_coincidence,909,96,0.6041666666666666,0.3854166666666667,0.010416666666666666,0.9693178479601815,0.9331567183842621,102.52483372175918,1.1739817464680662,2.1418300261230065,0.0,0.8125,0.0,0.0,0.0,0.0,0.0,0.0,0.1583811797617635,0.22871415968823214
unconstrained,ev_coincidence,1010,96,0.5833333333333334,0.3854166666666667,0.03125,0.9690914481046304,0.9360933640453626,104.63015330466628,1.1790359420893637,2.172400506667104,0.0,0.8125,0.0,0.0,0.0,0.0,0.0,0.0,0.1595198581589997,0.2260207902059015
unconstrained,ev_coincidence,1111,96,0.625,0.3645833333333333,0.010416666666666666,0.9689891147211401,0.9369873813824331,100.02915595467033,1.1879635233788388,2.146513810890655,0.0,0.8229166666666666,0.0,0.0,0.0,0.0,0.0,0.0,0.15837052168200438,0.22444039168803775
unconstrained,ev_coincidence,1212,96,0.625,0.3645833333333333,0.010416666666666666,0.9689037650138629,0.9324244476948792,100.85611375989092,1.1857157770113158,2.154144309015456,0.0,0.8229166666666666,0.0,0.0,0.0,0.0,0.0,0.0,0.1575949190520455,0.22522066687063272
unconstrained,ev_coincidence,1313,96,0.6354166666666666,0.34375,0.020833333333333332,0.9690535034766975,0.9347044360942567,102.70582779503317,1.1798372915471351,2.148637346169912,0.0,0.8229166666666666,0.0,0.0,0.0,0.0,0.0,0.0,0.15752923976608182,0.22436951748865583
unconstrained,ev_coincidence,1414,96,0.6041666666666666,0.3958333333333333,0.0,0.9691065259625642,0.9366756839565092,98.45048365295574,1.1793818025884246,2.167806973671234,0.0,0.8125,0.0,0.0,0.0,0.0,0.0,0.0,0.15899454589463824,0.22622114556642095
unconstrained,ev_coincidence,1515,96,0.6041666666666666,0.3854166666666667,0.010416666666666666,0.969083206295572,0.9341922600744532,100.71215380984557,1.190859997128954,2.158750906900159,0.0,0.8125,0.0,0.0,0.0,0.0,0.0,0.0,0.15965455244748436,0.22780170621019183
unconstrained,ev_coincidence,1616,96,0.5833333333333334,0.3854166666666667,0.03125,0.9687908244972497,0.938081348968715,105.67377085674477,1.1965780853200236,2.155285577814409,0.0,0.8125,0.0,0.0,0.0,0.0,0.0,0.0,0.15825558885534308,0.2267127860388413
unconstrained,ev_coincidence,1717,96,0.6041666666666666,0.3854166666666667,0.010416666666666666,0.9685844337246249,0.9350584385003804,100.71986893678194,1.2037215451286236,2.1597571190479115,0.0,0.8229166666666666,0.0,0.0,0.0,0.0,0.0,0.0,0.15791281831086276,0.22436952323618842
unconstrained,ev_coincidence,1818,96,0.6041666666666666,0.375,0.020833333333333332,0.9692880045977722,0.9333355039297216,113.21144307755438,1.175658914451132,2.1647150994099147,0.0,0.8020833333333334,0.0,0.0,0.0,0.0,0.0,0.0,0.1610218782101315,0.23179367412823323
unconstrained,ev_coincidence,1919,96,0.6041666666666666,0.3854166666666667,0.010416666666666666,0.9690710058131335,0.9333558771952969,102.57007982720032,1.182154913280365,2.1784448160227603,0.0,0.8125,0.0,0.0,0.0,0.0,0.0,0.0,0.1583182233839776,0.22784521286520232
unconstrained,ev_coincidence,2020,96,0.6145833333333334,0.3645833333333333,0.020833333333333332,0.9689042365521127,0.9351321431343448,106.17187178026472,1.1917208805627677,2.1567449700416557,0.0,0.8125,0.0,0.0,0.0,0.0,0.0,0.0,0.1583251636568448,0.2256416739077397
unconstrained,compound,101,96,0.8125,0.17708333333333334,0.010416666666666666,0.9654422219634554,0.9358271823624887,102.07223515924322,1.4171083308567904,1.5436002991310491,0.0,0.8229166666666666,0.0,0.0,0.0,0.0,0.0,0.0,0.1576589121326821,0.22478502218088856
unconstrained,compound,202,96,0.78125,0.19791666666666666,0.020833333333333332,0.9656360478360001,0.9352062982968796,101.7755272308553,1.4164663550961947,1.5646341945457343,0.0,0.8125,0.0,0.0,0.0,0.0,0.0,0.0,0.16253488562267798,0.2284152113076482
unconstrained,compound,303,96,0.8020833333333334,0.1875,0.010416666666666666,0.9656996893103239,0.9356880261752536,104.54736248300402,1.4040518798020745,1.5481838042513134,0.0,0.8125,0.0,0.0,0.0,0.0,0.0,0.0,0.15863135908913464,0.22834200443001748
unconstrained,compound,404,96,0.78125,0.19791666666666666,0.020833333333333332,0.9654229907924087,0.9347473084916595,102.03097544941326,1.4215720593987236,1.5532518323687483,0.0,0.8229166666666666,0.0,0.0,0.0,0.0,0.0,0.0,0.15770616488162517,0.22512699537524097
unconstrained,compound,505,96,0.7916666666666666,0.1875,0.020833333333333332,0.9655518298337921,0.9346148924602388,105.25804690734223,1.4148356191820177,1.5629057915389506,0.0,0.8229166666666666,0.0,0.0,0.0,0.0,0.0,0.0,0.15784445591335425,0.2258252260371512
unconstrained,compound,606,96,0.8125,0.17708333333333334,0.010416666666666666,0.9656761100881047,0.9371287293038529,102.68016526979542,1.4154165337775944,1.5428655637346487,0.0,0.8229166666666666,0.0,0.0,0.0,0.0,0.0,0.0,0.15752923976608182,0.22436951748865583
unconstrained,compound,707,96,0.8229166666666666,0.17708333333333334,0.0,0.9657670947066759,0.9378747251439797,98.76657835896023,1.4044961271770855,1.5502758024036347,0.0,0.8229166666666666,0.0,0.0,0.0,0.0,0.0,0.0,0.15829144204699944,0.22738198953084088
unconstrained,compound,808,96,0.7916666666666666,0.19791666666666666,0.010416666666666666,0.9657997142608988,0.9371309973421287,100.62826035937893,1.3965880868956109,1.5640899322367272,0.0,0.8229166666666666,0.0,0.0,0.0,0.0,0.0,0.0,0.15845501617550076,0.2269335716377462
unconstrained,compound,909,96,0.8020833333333334,0.1875,0.010416666666666666,0.9659441164833282,0.9331567183842621,102.52483372175918,1.3964068898911997,1.540782158687139,0.0,0.8125,0.0,0.0,0.0,0.0,0.0,0.0,0.1583811797617635,0.22871415968823214
unconstrained,compound,1010,96,0.7916666666666666,0.17708333333333334,0.03125,0.9657808053152586,0.9360933640453626,104.63015330466628,1.4025029939254008,1.5437077139927333,0.0,0.8125,0.0,0.0,0.0,0.0,0.0,0.0,0.1595198581589997,0.2260207902059015
unconstrained,compound,1111,96,0.8125,0.17708333333333334,0.010416666666666666,0.9657397724337065,0.9369873813824331,100.02915595467033,1.4109728888504414,1.5386289742780253,0.0,0.8229166666666666,0.0,0.0,0.0,0.0,0.0,0.0,0.15837052168200438,0.22444039168803775
unconstrained,compound,1212,96,0.8125,0.17708333333333334,0.010416666666666666,0.9655373960707916,0.9324244476948792,100.85611375989092,1.4093084973577004,1.5445827593012191,0.0,0.8229166666666666,0.0,0.0,0.0,0.0,0.0,0.0,0.1575949190520455,0.22522066687063272
unconstrained,compound,1313,96,0.8229166666666666,0.15625,0.020833333333333332,0.9657770983760979,0.9347044360942567,102.70582779503317,1.4049857294975254,1.538745018454815,0.0,0.8229166666666666,0.0,0.0,0.0,0.0,0.0,0.0,0.15752923976608182,0.22436951748865583
unconstrained,compound,1414,96,0.8125,0.1875,0.0,0.9657831825443219,0.9366756839565092,98.45048365295574,1.4046322985746713,1.5429777067278354,0.0,0.8125,0.0,0.0,0.0,0.0,0.0,0.0,0.15899454589463824,0.22622114556642095
unconstrained,compound,1515,96,0.8020833333333334,0.1875,0.010416666666666666,0.9656897106546068,0.9341922600744532,100.71215380984557,1.415712028854319,1.5442622364985845,0.0,0.8125,0.0,0.0,0.0,0.0,0.0,0.0,0.15965455244748436,0.22780170621019183
unconstrained,compound,1616,96,0.78125,0.1875,0.03125,0.9654293828228053,0.938081348968715,105.67377085674477,1.4194093449470497,1.5423768262368196,0.0,0.8125,0.0,0.0,0.0,0.0,0.0,0.0,0.15825558885534308,0.2267127860388413
unconstrained,compound,1717,96,0.7916666666666666,0.19791666666666666,0.010416666666666666,0.9652296110504374,0.9350584385003804,100.71986893678194,1.427940159841053,1.5519213259801088,0.0,0.8229166666666666,0.0,0.0,0.0,0.0,0.0,0.0,0.15791281831086276,0.22436952323618842
unconstrained,compound,1818,96,0.8020833333333334,0.17708333333333334,0.020833333333333332,0.965984436282203,0.9333355039297216,113.21144307755438,1.4002870472865059,1.5482211962553731,0.0,0.8020833333333334,0.0,0.0,0.0,0.0,0.0,0.0,0.1610218782101315,0.23179367412823323
unconstrained,compound,1919,96,0.7916666666666666,0.19791666666666666,0.010416666666666666,0.965715107517603,0.9333558771952969,102.57007982720032,1.4074680921064697,1.5461634219236702,0.0,0.8125,0.0,0.0,0.0,0.0,0.0,0.0,0.1583182233839776,0.22784521286520232
unconstrained,compound,2020,96,0.8020833333333334,0.17708333333333334,0.020833333333333332,0.9656599856417882,0.9351321431343448,106.17187178026472,1.4134573942640245,1.5501943801950657,0.0,0.8125,0.0,0.0,0.0,0.0,0.0,0.0,0.1583251636568448,0.2256416739077397
unconstrained,extreme_compound,101,96,0.6041666666666666,0.3020833333333333,0.21875,0.9608503507865315,0.9358271823624887,123.92260447709322,1.6513930170864082,1.5745893179186587,0.0,0.8229166666666666,0.0,0.0,0.0,0.0,0.0,0.0,0.1576589121326821,0.22478502218088856
unconstrained,extreme_compound,202,96,0.59375,0.3125,0.20833333333333334,0.9610105874489889,0.9352062982968796,119.50815098842027,1.6528568283882865,1.5828631437687504,0.0,0.8125,0.0,0.0,0.0,0.0,0.0,0.0,0.16253488562267798,0.2284152113076482
unconstrained,extreme_compound,303,96,0.6145833333333334,0.3020833333333333,0.19791666666666666,0.9611613517334942,0.9356880261752536,118.27745364511864,1.6370833391909627,1.5669073817250851,0.0,0.8125,0.0,0.0,0.0,0.0,0.0,0.0,0.15863135908913464,0.22834200443001748
unconstrained,extreme_compound,404,96,0.5833333333333334,0.3229166666666667,0.21875,0.9608128707974638,0.9347473084916595,116.92532120457824,1.656951259662926,1.5773276285386282,0.0,0.8229166666666666,0.0,0.0,0.0,0.0,0.0,0.0,0.15770616488162517,0.22512699537524097
unconstrained,extreme_compound,505,96,0.6145833333333334,0.3125,0.19791666666666666,0.9609143811343124,0.9346148924602388,119.88170578617985,1.6512734689925157,1.586256164679257,0.0,0.8229166666666666,0.0,0.0,0.0,0.0,0.0,0.0,0.15784445591335425,0.2258252260371512
unconstrained,extreme_compound,606,96,0.6145833333333334,0.3020833333333333,0.20833333333333334,0.9610796398475263,0.9371287293038529,119.86313334673935,1.6500624060005424,1.5639890357631208,0.0,0.8229166666666666,0.0,0.0,0.0,0.0,0.0,0.0,0.15752923976608182,0.22436951748865583
unconstrained,extreme_compound,707,96,0.6354166666666666,0.3020833333333333,0.1875,0.961155336478292,0.9378747251439797,114.96422835628661,1.639854668466354,1.5735200887411314,0.0,0.8229166666666666,0.0,0.0,0.0,0.0,0.0,0.0,0.15829144204699944,0.22738198953084088
unconstrained,extreme_compound,808,96,0.6041666666666666,0.3020833333333333,0.19791666666666666,0.9612170896576021,0.9371309973421287,119.93264373555796,1.6309585667042903,1.5842696053068996,0.0,0.8229166666666666,0.0,0.0,0.0,0.0,0.0,0.0,0.15845501617550076,0.2269335716377462
unconstrained,extreme_compound,909,96,0.59375,0.3229166666666667,0.21875,0.9613899106175939,0.9331567183842621,120.23492613723785,1.6292496539639039,1.5694401982730843,0.0,0.8125,0.0,0.0,0.0,0.0,0.0,0.0,0.1583811797617635,0.22871415968823214
unconstrained,extreme_compound,1010,96,0.6041666666666666,0.3020833333333333,0.21875,0.9612148255429016,0.9360933640453626,116.62853226403847,1.6367733142978036,1.5521742637028768,0.0,0.8125,0.0,0.0,0.0,0.0,0.0,0.0,0.1595198581589997,0.2260207902059015
unconstrained,extreme_compound,1111,96,0.6041666666666666,0.2916666666666667,0.21875,0.9611620035084639,0.9369873813824331,121.04367539549618,1.6448414094522334,1.5626210892683239,0.0,0.8229166666666666,0.0,0.0,0.0,0.0,0.0,0.0,0.15837052168200438,0.22444039168803775
unconstrained,extreme_compound,1212,96,0.6145833333333334,0.3125,0.20833333333333334,0.9609678305796803,0.9324244476948792,119.91609765147635,1.6431036403375405,1.5755910470044587,0.0,0.8229166666666666,0.0,0.0,0.0,0.0,0.0,0.0,0.1575949190520455,0.22522066687063272
unconstrained,extreme_compound,1313,96,0.6145833333333334,0.2708333333333333,0.22916666666666666,0.961164100562461,0.9347044360942567,121.92105456588402,1.6398136371269463,1.5687297101519269,0.0,0.8229166666666666,0.0,0.0,0.0,0.0,0.0,0.0,0.15752923976608182,0.22436951748865583
unconstrained,extreme_compound,1414,96,0.6145833333333334,0.3020833333333333,0.19791666666666666,0.9612234940071026,0.9366756839565092,119.4045568308025,1.6381006168375123,1.564890672401165,0.0,0.8125,0.0,0.0,0.0,0.0,0.0,0.0,0.15899454589463824,0.22622114556642095
unconstrained,extreme_compound,1515,96,0.59375,0.3229166666666667,0.21875,0.9611044715105415,0.9341922600744532,117.82388058234659,1.6500213749190618,1.573692483195666,0.0,0.8125,0.0,0.0,0.0,0.0,0.0,0.0,0.15965455244748436,0.22780170621019183
unconstrained,extreme_compound,1616,96,0.5729166666666666,0.3229166666666667,0.23958333333333334,0.9608765835572369,0.938081348968715,118.63959309059223,1.653155213587419,1.5679436548070669,0.0,0.8125,0.0,0.0,0.0,0.0,0.0,0.0,0.15825558885534308,0.2267127860388413
unconstrained,extreme_compound,1717,96,0.59375,0.3229166666666667,0.20833333333333334,0.9606465682335769,0.9350584385003804,120.12203741361603,1.6616917515867424,1.5806439253771984,0.0,0.8229166666666666,0.0,0.0,0.0,0.0,0.0,0.0,0.15791281831086276,0.22436952323618842
unconstrained,extreme_compound,1818,96,0.6041666666666666,0.3229166666666667,0.21875,0.9613888631056783,0.9333355039297216,118.46347462329034,1.6351904329571187,1.5753640036067105,0.0,0.8020833333333334,0.0,0.0,0.0,0.0,0.0,0.0,0.1610218782101315,0.23179367412823323
unconstrained,extreme_compound,1919,96,0.59375,0.3125,0.20833333333333334,0.9611635213722787,0.9333558771952969,115.5691923484399,1.641205455366439,1.5648946449643877,0.0,0.8125,0.0,0.0,0.0,0.0,0.0,0.0,0.1583182233839776,0.22784521286520232
unconstrained,extreme_compound,2020,96,0.6145833333333334,0.3020833333333333,0.20833333333333334,0.9610934882797428,0.9351321431343448,121.40831832840053,1.6468387257491497,1.5697603072787212,0.0,0.8125,0.0,0.0,0.0,0.0,0.0,0.0,0.1583251636568448,0.2256416739077397
penalty,normal,101,96,0.6770833333333334,0.3229166666666667,0.0,0.9690596500690852,0.9358271823624887,95.84151223244149,1.2167537260349153,1.737085729281092,3.112123837042976,0.8229166666666666,0.0,0.0,0.0,0.0,0.0,0.0,0.1576589121326821,0.22478502218088856
penalty,normal,202,96,0.6145833333333334,0.3645833333333333,0.020833333333333332,0.9690906165940532,0.9352062982968796,101.7755272308553,1.2206994062951952,1.7541114872964503,3.202766561976687,0.8125,0.0,0.0,0.0,0.0,0.0,0.0,0.16253488562267798,0.2284152113076482
penalty,normal,303,96,0.6145833333333334,0.375,0.010416666666666666,0.9691963516441248,0.9356880261752536,104.54736248300402,1.213223983598836,1.732551885449745,3.3366267068351054,0.8125,0.0,0.0,0.0,0.0,0.0,0.0,0.15863135908913464,0.22834200443001748
penalty,normal,404,96,0.625,0.3541666666666667,0.020833333333333332,0.9688263283109201,0.9347473084916595,102.03097544941326,1.2290946809379388,1.7589428481173601,3.3181181158182986,0.8229166666666666,0.0,0.0,0.0,0.0,0.0,0.0,0.15770616488162517,0.22512699537524097
penalty,normal,505,96,0.6458333333333334,0.34375,0.010416666666666666,0.9688240587654734,0.9346148924602388,102.02543643808141,1.2295354626525512,1.7410961724317557,3.6136737051157923,0.8229166666666666,0.0,0.0,0.0,0.0,0.0,0.0,0.15784445591335425,0.2258252260371512
penalty,normal,606,96,0.6458333333333334,0.3541666666666667,0.0,0.968960235551395,0.9371287293038529,95.93108473990138,1.2338499155021736,1.7001664940516898,3.574230735362497,0.8229166666666666,0.0,0.0,0.0,0.0,0.0,0.0,0.15752923976608182,0.22436951748865583
penalty,normal,707,96,0.6770833333333334,0.3229166666666667,0.0,0.9691798254830517,0.9378747251439797,93.93046911443818,1.2148264438799157,1.7337854412385163,3.393475172452184,0.8229166666666666,0.0,0.0,0.0,0.0,0.0,0.0,0.15829144204699944,0.22738198953084088
penalty,normal,808,96,0.65625,0.3333333333333333,0.010416666666666666,0.9690353970286286,0.9371309973421287,100.62826035937893,1.2170641922743908,1.7150219302659764,3.684931710121549,0.8229166666666666,0.0,0.0,0.0,0.0,0.0,0.0,0.15845501617550076,0.2269335716377462
penalty,normal,909,96,0.6666666666666666,0.3333333333333333,0.0,0.9692980655787431,0.9331567183842621,97.85505866716778,1.2215006371789656,1.6815548089695065,3.695658715499862,0.8125,0.0,0.0,0.0,0.0,0.0,0.0,0.1583811797793775,0.22871415912594442
penalty,normal,1010,96,0.625,0.3541666666666667,0.020833333333333332,0.969194603386016,0.9360933640453626,104.63015330466628,1.2116203053101653,1.7314134676532942,3.326808968888276,0.8125,0.0,0.0,0.0,0.0,0.0,0.0,0.1595198581589997,0.2260207902059015
penalty,normal,1111,96,0.6666666666666666,0.3333333333333333,0.0,0.9691874073967384,0.9369873813824331,97.42918657844491,1.218934258587403,1.7206027901920873,3.205426665183269,0.8229166666666666,0.0,0.0,0.0,0.0,0.0,0.0,0.15837052168164656,0.2244403916860274
penalty,normal,1212,96,0.65625,0.3333333333333333,0.010416666666666666,0.9687443770128205,0.9324244476948792,100.85611375989092,1.2422854034413284,1.7035429440392116,3.4272845510860535,0.8229166666666666,0.0,0.0,0.0,0.0,0.0,0.0,0.1575949190520455,0.22522066687063272
penalty,normal,1313,96,0.6979166666666666,0.2916666666666667,0.010416666666666666,0.9690661099436696,0.9347044360942567,100.92090634782163,1.2329276905800441,1.7026393816611218,3.3741510056860937,0.8229166666666666,0.0,0.0,0.0,0.0,0.0,0.0,0.15752923976608182,0.22436951748865583
penalty,normal,1414,96,0.6354166666666666,0.3645833333333333,0.0,0.9693327687803363,0.9366756839565092,98.45048365295574,1.204007868414605,1.7447890741335523,3.096462728243531,0.8125,0.0,0.0,0.0,0.0,0.0,0.0,0.15899454589463824,0.22622114556642095
penalty,normal,1515,96,0.6354166666666666,0.3645833333333333,0.0,0.9692665960144223,0.9341922600744532,97.19895590353677,1.2208602920304983,1.7379782915249968,3.2431523665332955,0.8125,0.0,0.0,0.0,0.0,0.0,0.0,0.15965455244748436,0.22780170621019183
penalty,normal,1616,96,0.6770833333333334,0.3125,0.010416666666666666,0.9688118512174766,0.938081348968715,100.64324673028118,1.233716234681313,1.7039704089792695,3.4751717065081724,0.8125,0.0,0.0,0.0,0.0,0.0,0.0,0.15825558885534308,0.2267127860388413
penalty,normal,1717,96,0.6458333333333334,0.34375,0.010416666666666666,0.9686742715722025,0.9350584385003804,100.71986893678194,1.2429791943899222,1.7059865300974397,3.525249335861976,0.8229166666666666,0.0,0.0,0.0,0.0,0.0,0.0,0.1579128183090881,0.22436952323885503
penalty,normal,1818,96,0.6666666666666666,0.3333333333333333,0.0,0.9692501996822465,0.9333355039297216,99.70017927111687,1.2208606953860723,1.7107780667991976,3.6795282955437214,0.8020833333333334,0.0,0.0,0.0,0.0,0.0,0.0,0.1610218782140323,0.2317936741337506
penalty,normal,1919,96,0.625,0.375,0.0,0.9691492580229291,0.9333558771952969,98.65608268271043,1.2163984989404468,1.7483095074236767,3.369883913617181,0.8125,0.0,0.0,0.0,0.0,0.0,0.0,0.1583182233839776,0.22784521286520232
penalty,normal,2020,96,0.6458333333333334,0.34375,0.010416666666666666,0.9691160402372455,0.9351321431343448,104.45127544151518,1.2222955250278182,1.7282901105406168,3.214416365399926,0.8125,0.0,0.0,0.0,0.0,0.0,0.0,0.1583251636568448,0.2256416739077397
penalty,solar_surge,101,96,0.625,0.375,0.0,0.9692697009946015,0.9358271823624887,95.84151223244149,1.1880481468523503,1.8624047721018893,3.820446554834776,0.8229166666666666,0.0,0.0,0.0,0.0,0.0,0.0,0.1576589121326821,0.22478502218088856
penalty,solar_surge,202,96,0.5833333333333334,0.3958333333333333,0.020833333333333332,0.9693090382881403,0.9352062982968796,101.7755272308553,1.1908455880703144,1.8788770969846358,3.8548715915586635,0.8125,0.0,0.0,0.0,0.0,0.0,0.0,0.16253488562267798,0.2284152113076482
penalty,solar_surge,303,96,0.59375,0.3958333333333333,0.010416666666666666,0.9694004396127006,0.9356880261752536,104.54736248300402,1.1836469079248513,1.8568794751458215,3.995098789977097,0.8125,0.0,0.0,0.0,0.0,0.0,0.0,0.15863135908913464,0.22834200443001748
penalty,solar_surge,404,96,0.5833333333333334,0.3958333333333333,0.020833333333333332,0.9690710285395578,0.9347473084916595,102.03097544941326,1.1973706440735536,1.8924391410829233,3.9061404994811957,0.8229166666666666,0.0,0.0,0.0,0.0,0.0,0.0,0.15770616488162517,0.22512699537524097
penalty,solar_surge,505,96,0.6041666666666666,0.3854166666666667,0.010416666666666666,0.9691432039054148,0.9346148924602388,102.02543643808141,1.193353533223389,1.884605645884845,4.046570205365178,0.8229166666666666,0.0,0.0,0.0,0.0,0.0,0.0,0.15784445591335425,0.2258252260371512
penalty,solar_surge,606,96,0.6145833333333334,0.3854166666666667,0.0,0.9692528478345522,0.9371287293038529,95.93108473990138,1.199686409111349,1.8396651115052443,4.138445828331463,0.8229166666666666,0.0,0.0,0.0,0.0,0.0,0.0,0.15752923976608182,0.22436951748865583
penalty,solar_surge,707,96,0.6354166666666666,0.3645833333333333,0.0,0.9694182390349902,0.9378747251439797,93.93046911443818,1.1852441022595677,1.858765935211101,4.029888023172097,0.8229166666666666,0.0,0.0,0.0,0.0,0.0,0.0,0.15829144204699944,0.22738198953084088
penalty,solar_surge,808,96,0.6041666666666666,0.3854166666666667,0.010416666666666666,0.9694286960956883,0.9371309973421287,100.62826035937893,1.1773195810572368,1.8646641767863081,4.051477031404646,0.8229166666666666,0.0,0.0,0.0,0.0,0.0,0.0,0.15845501617550076,0.2269335716377462
penalty,solar_surge,909,96,0.625,0.375,0.0,0.9696362579298975,0.9331567183842621,97.85505866716778,1.1814533105916425,1.8371202065497978,4.237035832864468,0.8125,0.0,0.0,0.0,0.0,0.0,0.0,0.1583811797793775,0.22871415912594442
penalty,solar_surge,1010,96,0.59375,0.3854166666666667,0.020833333333333332,0.96948627608517,0.9360933640453626,104.63015330466628,1.179893319134025,1.8610740063457343,3.890108689766939,0.8125,0.0,0.0,0.0,0.0,0.0,0.0,0.1595198581589997,0.2260207902059015
penalty,solar_surge,1111,96,0.625,0.375,0.0,0.9694580893936067,0.9369873813824331,97.42918657844491,1.18398383600485,1.8529735023470604,3.88962843671795,0.8229166666666666,0.0,0.0,0.0,0.0,0.0,0.0,0.15837052168164656,0.2244403916860274
penalty,solar_surge,1212,96,0.6145833333333334,0.375,0.010416666666666666,0.9692797038513324,0.9324244476948792,100.85611375989092,1.1878682172946202,1.8515498458879933,4.048382537551619,0.8229166666666666,0.0,0.0,0.0,0.0,0.0,0.0,0.1575949190520455,0.22522066687063272
penalty,solar_surge,1313,96,0.6354166666666666,0.3541666666666667,0.010416666666666666,0.9695003304897937,0.9347044360942567,100.92090634782163,1.1807298323852617,1.8526992641271949,4.024453492765208,0.8229166666666666,0.0,0.0,0.0,0.0,0.0,0.0,0.15752923976608182,0.22436951748865583
penalty,solar_surge,1414,96,0.6041666666666666,0.3958333333333333,0.0,0.9695993406373985,0.9366756839565092,98.45048365295574,1.1736896897948412,1.8747234391398961,3.7430851950007824,0.8125,0.0,0.0,0.0,0.0,0.0,0.0,0.15899454589463824,0.22622114556642095
penalty,solar_surge,1515,96,0.6041666666666666,0.3958333333333333,0.0,0.9694927855066672,0.9341922600744532,97.19895590353677,1.188660399168846,1.8733974471597201,3.840862698338225,0.8125,0.0,0.0,0.0,0.0,0.0,0.0,0.15965455244748436,0.22780170621019183
penalty,solar_surge,1616,96,0.6041666666666666,0.3854166666666667,0.010416666666666666,0.9691831585740145,0.938081348968715,100.64324673028118,1.196844082012684,1.846812533248921,3.943872421424812,0.8125,0.0,0.0,0.0,0.0,0.0,0.0,0.15825558885534308,0.2267127860388413
penalty,solar_surge,1717,96,0.6145833333333334,0.375,0.010416666666666666,0.9689613050547679,0.9350584385003804,100.71986893678194,1.207940233701903,1.8543024129986105,4.106955321868245,0.8229166666666666,0.0,0.0,0.0,0.0,0.0,0.0,0.1579128183090881,0.22436952323885503
penalty,solar_surge,1818,96,0.625,0.375,0.0,0.9696094155149141,0.9333355039297216,99.70017927111687,1.1848962377251542,1.8522949245352653,4.156258388392507,0.8020833333333334,0.0,0.0,0.0,0.0,0.0,0.0,0.1610218782140323,0.2317936741337506
penalty,solar_surge,1919,96,0.6041666666666666,0.3958333333333333,0.0,0.9694197242109386,0.9333558771952969,98.65608268271043,1.1851254932638196,1.8789366306140662,3.914141116116335,0.8125,0.0,0.0,0.0,0.0,0.0,0.0,0.1583182233839776,0.22784521286520232
penalty,solar_surge,2020,96,0.625,0.3645833333333333,0.010416666666666666,0.9693512476087793,0.9351321431343448,104.45127544151518,1.191164723728179,1.8613880434133456,3.915596517233558,0.8125,0.0,0.0,0.0,0.0,0.0,0.0,0.1583251636568448,0.2256416739077397
penalty,renewable_drop,101,96,0.8333333333333334,0.16666666666666666,0.0,0.965136179046933,0.9358271823624887,95.84151223244149,1.4620071865124877,1.3013057025367942,0.21644712296973875,0.8229166666666666,0.0,0.0,0.0,0.0,0.0,0.0,0.1576589121326821,0.22478502218088856
penalty,renewable_drop,202,96,0.7916666666666666,0.1875,0.020833333333333332,0.9652463568898985,0.9352062982968796,101.7755272308553,1.4666005397397648,1.3063371755719375,0.2758880080279686,0.8125,0.0,0.0,0.0,0.0,0.0,0.0,0.16253488562267798,0.2284152113076482
penalty,renewable_drop,303,96,0.8020833333333334,0.1875,0.010416666666666666,0.9653368747555029,0.9356880261752536,104.54736248300402,1.4541503889392942,1.2953234076345814,0.29589621595490356,0.8125,0.0,0.0,0.0,0.0,0.0,0.0,0.15863135908913464,0.22834200443001748
penalty,renewable_drop,404,96,0.7916666666666666,0.1875,0.020833333333333332,0.9649550533682252,0.9347473084916595,102.03097544941326,1.4758125227213477,1.3072951759135154,0.3939673756328712,0.8229166666666666,0.0,0.0,0.0,0.0,0.0,0.0,0.15770616488162517,0.22512699537524097
penalty,renewable_drop,505,96,0.8125,0.17708333333333334,0.010416666666666666,0.9650435261117017,0.9346148924602388,102.02543643808141,1.470837449453925,1.3064886443553405,0.4200129502115662,0.8229166666666666,0.0,0.0,0.0,0.0,0.0,0.0,0.15784445591335425,0.2258252260371512
penalty,renewable_drop,606,96,0.8229166666666666,0.17708333333333334,0.0,0.9651863340543043,0.9371287293038529,95.93108473990138,1.468911614476432,1.293358711477162,0.32762222669450514,0.8229166666666666,0.0,0.0,0.0,0.0,0.0,0.0,0.15752923976608182,0.22436951748865583
penalty,renewable_drop,707,96,0.84375,0.15625,0.0,0.9653057115802848,0.9378747251439797,93.93046911443818,1.4603613308302361,1.2907104630255053,0.3678266845461966,0.8229166666666666,0.0,0.0,0.0,0.0,0.0,0.0,0.15829144204699944,0.22738198953084088
penalty,renewable_drop,808,96,0.8125,0.17708333333333334,0.010416666666666666,0.9653376683000018,0.9371309973421287,100.62826035937893,1.4504051239800624,1.3001797172096925,0.38649485363380687,0.8229166666666666,0.0,0.0,0.0,0.0,0.0,0.0,0.15845501617550076,0.2269335716377462
penalty,renewable_drop,909,96,0.8333333333333334,0.16666666666666666,0.0,0.9654918305584653,0.9331567183842621,97.85505866716778,1.4541441887945112,1.2813260303759022,0.5371953548945626,0.8125,0.0,0.0,0.0,0.0,0.0,0.0,0.1583811797793775,0.22871415912594442
penalty,renewable_drop,1010,96,0.8020833333333334,0.17708333333333334,0.020833333333333332,0.965402143787507,0.9360933640453626,104.63015330466628,1.4511835521246663,1.2962369415677035,0.18563287591894218,0.8125,0.0,0.0,0.0,0.0,0.0,0.0,0.1595198581589997,0.2260207902059015
penalty,renewable_drop,1111,96,0.8333333333333334,0.16666666666666666,0.0,0.9654362049891594,0.9369873813824331,97.42918657844491,1.4551664817256011,1.299987684782397,0.1571545939340539,0.8229166666666666,0.0,0.0,0.0,0.0,0.0,0.0,0.15837052168164656,0.2244403916860274
penalty,renewable_drop,1212,96,0.8229166666666666,0.16666666666666666,0.010416666666666666,0.9651333689399499,0.9324244476948792,100.85611375989092,1.462108920020843,1.287440631926453,0.43027754998387907,0.8229166666666666,0.0,0.0,0.0,0.0,0.0,0.0,0.1575949190520455,0.22522066687063272
penalty,renewable_drop,1313,96,0.84375,0.14583333333333334,0.010416666666666666,0.9653780341034192,0.9347044360942567,100.92090634782163,1.457335233822305,1.2793378250920426,0.3881041971227821,0.8229166666666666,0.0,0.0,0.0,0.0,0.0,0.0,0.15752923976608182,0.22436951748865583
penalty,renewable_drop,1414,96,0.8125,0.1875,0.0,0.9654948283852107,0.9366756839565092,98.45048365295574,1.4476445437413865,1.3038985246172452,0.08309249593616341,0.8125,0.0,0.0,0.0,0.0,0.0,0.0,0.15899454589463824,0.22622114556642095
penalty,renewable_drop,1515,96,0.8125,0.1875,0.0,0.9653532858044501,0.9341922600744532,97.19895590353677,1.4635584540243645,1.3056420355239442,0.23541017128485653,0.8125,0.0,0.0,0.0,0.0,0.0,0.0,0.15965455244748436,0.22780170621019183
penalty,renewable_drop,1616,96,0.8125,0.17708333333333334,0.010416666666666666,0.9650744569750982,0.938081348968715,100.64324673028118,1.4662994881188318,1.2944376895554979,0.2556360660994832,0.8125,0.0,0.0,0.0,0.0,0.0,0.0,0.15825558885534308,0.2267127860388413
penalty,renewable_drop,1717,96,0.8229166666666666,0.16666666666666666,0.010416666666666666,0.9648151027958426,0.9350584385003804,100.71986893678194,1.4824919993861514,1.2889319390550105,0.4480444978820421,0.8229166666666666,0.0,0.0,0.0,0.0,0.0,0.0,0.1579128183090881,0.22436952323885503
penalty,renewable_drop,1818,96,0.8333333333333334,0.16666666666666666,0.0,0.9655222826226145,0.9333355039297216,99.70017927111687,1.4560115615469134,1.2979602099126442,0.4589262949545293,0.8020833333333334,0.0,0.0,0.0,0.0,0.0,0.0,0.1610218782140323,0.2317936741337506
penalty,renewable_drop,1919,96,0.8125,0.1875,0.0,0.9652976459491264,0.9333558771952969,98.65608268271043,1.4602538313728204,1.2948764545381546,0.35361254253510466,0.8125,0.0,0.0,0.0,0.0,0.0,0.0,0.1583182233839776,0.22784521286520232
penalty,renewable_drop,2020,96,0.8333333333333334,0.15625,0.010416666666666666,0.9652778646417355,0.9351321431343448,104.45127544151518,1.4666252369977606,1.2877828592352307,0.34391825011940547,0.8125,0.0,0.0,0.0,0.0,0.0,0.0,0.1583251636568448,0.2256416739077397
penalty,demand_spike,101,96,0.6875,0.2604166666666667,0.052083333333333336,0.9652961009489779,0.9358271823624887,110.95494226095362,1.3975109976774587,1.8966704044625007,2.456080016207809,0.8229166666666666,0.0,0.0,0.0,0.0,0.0,0.0,0.1576589121326821,0.22478502218088856
penalty,demand_spike,202,96,0.65625,0.2916666666666667,0.052083333333333336,0.9656585251807431,0.9352062982968796,103.70742573927969,1.3909783018254422,1.9303107494540548,2.281879368778886,0.8125,0.0,0.0,0.0,0.0,0.0,0.0,0.16253488562267798,0.2284152113076482
penalty,demand_spike,303,96,0.71875,0.2604166666666667,0.020833333333333332,0.9654091108064394,0.9356880261752536,104.54736248300402,1.3921248293736028,1.8763549529786097,2.765222598890416,0.8125,0.0,0.0,0.0,0.0,0.0,0.0,0.15863135908913464,0.22834200443001748
penalty,demand_spike,404,96,0.6875,0.2916666666666667,0.03125,0.9652048351902732,0.9347473084916595,104.03533779565318,1.4066671953816812,1.9145878374329524,2.5945985874899042,0.8229166666666666,0.0,0.0,0.0,0.0,0.0,0.0,0.15770616488162517,0.22512699537524097
penalty,demand_spike,505,96,0.6770833333333334,0.28125,0.041666666666666664,0.965332838847267,0.9346148924602388,103.83061110586458,1.401069073621241,1.9154927326215752,2.6952176407408124,0.8229166666666666,0.0,0.0,0.0,0.0,0.0,0.0,0.15784445591335425,0.2258252260371512
penalty,demand_spike,606,96,0.7708333333333334,0.20833333333333334,0.020833333333333332,0.9650804944961702,0.9371287293038529,102.97237743155732,1.4204323012886366,1.8300185287555482,3.140988032108032,0.8229166666666666,0.0,0.0,0.0,0.0,0.0,0.0,0.15752923976608182,0.22436951748865583
penalty,demand_spike,707,96,0.7395833333333334,0.22916666666666666,0.03125,0.9656027008583875,0.9378747251439797,101.94161373143986,1.3889255610889932,1.9079816116176467,2.5526943972918565,0.8229166666666666,0.0,0.0,0.0,0.0,0.0,0.0,0.15829144204699944,0.22738198953084088
penalty,demand_spike,808,96,0.6875,0.28125,0.041666666666666664,0.9656940112100898,0.9371309973421287,102.99287776159115,1.37568208924909,1.9149440977699337,2.5154100856297372,0.8229166666666666,0.0,0.0,0.0,0.0,0.0,0.0,0.15845501617550076,0.2269335716377462
penalty,demand_spike,909,96,0.75,0.23958333333333334,0.03125,0.9656481620110092,0.9331567183842621,104.05896761196682,1.3913238117735638,1.8736685123155272,2.742841266670747,0.8125,0.0,0.0,0.0,0.0,0.0,0.0,0.1583811797793775,0.22871415912594442
penalty,demand_spike,1010,96,0.6979166666666666,0.2604166666666667,0.041666666666666664,0.9655069836180769,0.9360933640453626,104.71183144369793,1.3909952669881924,1.8881246076492908,2.6540578004319952,0.8125,0.0,0.0,0.0,0.0,0.0,0.0,0.1595198581589997,0.2260207902059015
penalty,demand_spike,1111,96,0.71875,0.23958333333333334,0.041666666666666664,0.9655324480162522,0.9369873813824331,103.2936911444963,1.395983635533821,1.8629307067868652,2.6187650087644023,0.8229166666666666,0.0,0.0,0.0,0.0,0.0,0.0,0.15837052168164656,0.2244403916860274
penalty,demand_spike,1212,96,0.7395833333333334,0.21875,0.0625,0.9651056142033131,0.9324244476948792,107.26388149729007,1.4088322186762763,1.8600838085472573,2.8881229771465717,0.8229166666666666,0.0,0.0,0.0,0.0,0.0,0.0,0.1575949190520455,0.22522066687063272
penalty,demand_spike,1313,96,0.6770833333333334,0.2604166666666667,0.0625,0.9656940695176036,0.9347044360942567,103.84748708499055,1.3853413843556783,1.8911851172151093,2.4719184316877483,0.8229166666666666,0.0,0.0,0.0,0.0,0.0,0.0,0.15752923976608182,0.22436951748865583
penalty,demand_spike,1414,96,0.71875,0.2604166666666667,0.03125,0.9655673142970956,0.9366756839565092,105.80622240312505,1.387673424673963,1.8824495220539403,2.600495714646111,0.8125,0.0,0.0,0.0,0.0,0.0,0.0,0.15899454589463824,0.22622114556642095
penalty,demand_spike,1515,96,0.6875,0.28125,0.041666666666666664,0.965550006798504,0.9341922600744532,105.29202858046997,1.3966394003368905,1.9250873442864636,2.37890615975535,0.8125,0.0,0.0,0.0,0.0,0.0,0.0,0.15965455244748436,0.22780170621019183
penalty,demand_spike,1616,96,0.6979166666666666,0.2604166666666667,0.052083333333333336,0.9651789962775589,0.938081348968715,105.92426552942635,1.4033491770110433,1.8907703553969823,2.526121229714377,0.8125,0.0,0.0,0.0,0.0,0.0,0.0,0.15825558885534308,0.2267127860388413
penalty,demand_spike,1717,96,0.7291666666666666,0.22916666666666666,0.041666666666666664,0.9649194097673203,0.9350584385003804,108.07367987166889,1.4219428456497745,1.8578755156183713,2.877573980036799,0.8229166666666666,0.0,0.0,0.0,0.0,0.0,0.0,0.1579128183090881,0.22436952323885503
penalty,demand_spike,1818,96,0.75,0.20833333333333334,0.052083333333333336,0.9654925461223907,0.9333355039297216,104.48054507342724,1.4008984976973782,1.8695802198328748,2.9811597716500478,0.8020833333333334,0.0,0.0,0.0,0.0,0.0,0.0,0.1610218782140323,0.2317936741337506
penalty,demand_spike,1919,96,0.6770833333333334,0.2916666666666667,0.03125,0.9655653219924298,0.9333558771952969,103.17896355022329,1.386148329121409,1.9331927211823565,2.45112704059182,0.8125,0.0,0.0,0.0,0.0,0.0,0.0,0.1583182233839776,0.22784521286520232
penalty,demand_spike,2020,96,0.6979166666666666,0.28125,0.03125,0.9657386633352241,0.9351321431343448,105.1233240937035,1.3880374742968815,1.9025907346229374,2.2875003157574625,0.8125,0.0,0.0,0.0,0.0,0.0,0.0,0.1583251636568448,0.2256416739077397
penalty,ev_coincidence,101,96,0.6875,0.3125,0.0,0.9673950466104447,0.9358271823624887,95.84151223244149,1.303090420793766,1.7838358994363943,2.8754665518319227,0.8229166666666666,0.0,0.0,0.0,0.0,0.0,0.0,0.1576589121326821,0.22478502218088856
penalty,ev_coincidence,202,96,0.6354166666666666,0.34375,0.020833333333333332,0.9677877599163494,0.9352062982968796,101.7755272308553,1.292254759972975,1.8327592831973614,2.657236395228225,0.8125,0.0,0.0,0.0,0.0,0.0,0.0,0.16253488562267798,0.2284152113076482
penalty,ev_coincidence,303,96,0.6770833333333334,0.3125,0.010416666666666666,0.9674899170817358,0.9356880261752536,104.54736248300402,1.2984347275825907,1.76706631387649,3.2294493921533816,0.8125,0.0,0.0,0.0,0.0,0.0,0.0,0.15863135908913464,0.22834200443001748
penalty,ev_coincidence,404,96,0.625,0.3541666666666667,0.020833333333333332,0.9673337442325617,0.9347473084916595,102.03097544941326,1.3082212129366717,1.8079386983422823,3.0604417673180175,0.8229166666666666,0.0,0.0,0.0,0.0,0.0,0.0,0.15770616488162517,0.22512699537524097
penalty,ev_coincidence,505,96,0.6770833333333334,0.3125,0.010416666666666666,0.9673518932861471,0.9346148924602388,102.02543643808141,1.308597771096099,1.792438034740294,3.3197660956738284,0.8229166666666666,0.0,0.0,0.0,0.0,0.0,0.0,0.15784445591335425,0.2258252260371512
penalty,ev_coincidence,606,96,0.7083333333333334,0.2916666666666667,0.0,0.9672512031633307,0.9371287293038529,95.93108473990138,1.3215617816546121,1.7305073145244116,3.5239222930044622,0.8229166666666666,0.0,0.0,0.0,0.0,0.0,0.0,0.15752923976608182,0.22436951748865583
penalty,ev_coincidence,707,96,0.6979166666666666,0.3020833333333333,0.0,0.967628419079944,0.9378747251439797,93.93046911443818,1.2981040387983473,1.7760259606688666,3.2078574042130024,0.8229166666666666,0.0,0.0,0.0,0.0,0.0,0.0,0.15829144204699944,0.22738198953084088
penalty,ev_coincidence,808,96,0.65625,0.3333333333333333,0.010416666666666666,0.9675940846170715,0.9371309973421287,100.62826035937893,1.290834631508962,1.774899862820066,3.272686990211988,0.8229166666666666,0.0,0.0,0.0,0.0,0.0,0.0,0.15845501617550076,0.2269335716377462
penalty,ev_coincidence,909,96,0.7083333333333334,0.2916666666666667,0.0,0.9676189567922414,0.9331567183842621,97.85505866716778,1.3031727742617278,1.7321356077533068,3.4749570910864183,0.8125,0.0,0.0,0.0,0.0,0.0,0.0,0.1583811797793775,0.22871415912594442
penalty,ev_coincidence,1010,96,0.6458333333333334,0.3333333333333333,0.020833333333333332,0.9676806936559883,0.9360933640453626,104.63015330466628,1.2914646582135674,1.7753267339923444,3.095362986497295,0.8125,0.0,0.0,0.0,0.0,0.0,0.0,0.1595198581589997,0.2260207902059015
penalty,ev_coincidence,1111,96,0.7083333333333334,0.2916666666666667,0.0,0.967673523101105,0.9369873813824331,97.42918657844491,1.3000801103942699,1.7771697854200337,2.8603031208863317,0.8229166666666666,0.0,0.0,0.0,0.0,0.0,0.0,0.15837052168164656,0.2244403916860274
penalty,ev_coincidence,1212,96,0.6875,0.3020833333333333,0.010416666666666666,0.9673186187224605,0.9324244476948792,100.85611375989092,1.3047849547894714,1.7559865643273236,3.2558180444274196,0.8229166666666666,0.0,0.0,0.0,0.0,0.0,0.0,0.1575949190520455,0.22522066687063272
penalty,ev_coincidence,1313,96,0.6979166666666666,0.2916666666666667,0.010416666666666666,0.9676193460661094,0.9347044360942567,100.92090634782163,1.2972985444866374,1.754458901269779,3.2132485108742532,0.8229166666666666,0.0,0.0,0.0,0.0,0.0,0.0,0.15752923976608182,0.22436951748865583
penalty,ev_coincidence,1414,96,0.6458333333333334,0.3541666666666667,0.0,0.9678029742270251,0.9366756839565092,98.45048365295574,1.2829072268033315,1.7971716329777718,2.8193181116438204,0.8125,0.0,0.0,0.0,0.0,0.0,0.0,0.15899454589463824,0.22622114556642095
penalty,ev_coincidence,1515,96,0.6875,0.3125,0.0,0.9675843720905064,0.9341922600744532,97.19895590353677,1.3053384283956977,1.7891498718213334,3.003973590902545,0.8125,0.0,0.0,0.0,0.0,0.0,0.0,0.15965455244748436,0.22780170621019183
penalty,ev_coincidence,1616,96,0.6875,0.3020833333333333,0.010416666666666666,0.9671359009439785,0.938081348968715,100.64324673028118,1.3154309415971561,1.7532552972714266,3.2544988745166696,0.8125,0.0,0.0,0.0,0.0,0.0,0.0,0.15825558885534308,0.2267127860388413
penalty,ev_coincidence,1717,96,0.6979166666666666,0.2916666666666667,0.010416666666666666,0.9669922951516261,0.9350584385003804,100.71986893678194,1.3277354485381505,1.7439199774383427,3.3921708672628257,0.8229166666666666,0.0,0.0,0.0,0.0,0.0,0.0,0.1579128183090881,0.22436952323885503
penalty,ev_coincidence,1818,96,0.7083333333333334,0.2916666666666667,0.0,0.9676015142226114,0.9333355039297216,99.70017927111687,1.304666157507235,1.7551321250291372,3.5057568373366865,0.8020833333333334,0.0,0.0,0.0,0.0,0.0,0.0,0.1610218782140323,0.2317936741337506
penalty,ev_coincidence,1919,96,0.6666666666666666,0.3333333333333333,0.0,0.9676021597790637,0.9333558771952969,98.65608268271043,1.2948634933914722,1.8075907687556647,3.003155799638157,0.8125,0.0,0.0,0.0,0.0,0.0,0.0,0.1583182233839776,0.22784521286520232
penalty,ev_coincidence,2020,96,0.6875,0.3020833333333333,0.010416666666666666,0.9676786241180636,0.9351321431343448,104.45127544151518,1.2990366938892794,1.7834669020293035,2.914989528585817,0.8125,0.0,0.0,0.0,0.0,0.0,0.0,0.1583251636568448,0.2256416739077397
penalty,compound,101,96,0.8333333333333334,0.16666666666666666,0.0,0.9653568411739228,0.9358271823624887,95.84151223244149,1.425637982011952,1.5318648151634005,0.21644712296973875,0.8229166666666666,0.0,0.0,0.0,0.0,0.0,0.0,0.1576589121326821,0.22478502218088856
penalty,compound,202,96,0.7916666666666666,0.1875,0.020833333333333332,0.9654595665793207,0.9352062982968796,101.7755272308553,1.4309006852269353,1.5430159006210835,0.3308310987710023,0.8125,0.0,0.0,0.0,0.0,0.0,0.0,0.16253488562267798,0.2284152113076482
penalty,compound,303,96,0.8020833333333334,0.1875,0.010416666666666666,0.9655730625675488,0.9356880261752536,104.54736248300402,1.4156108747716416,1.5297034725593361,0.29589621595490356,0.8125,0.0,0.0,0.0,0.0,0.0,0.0,0.15863135908913464,0.22834200443001748
penalty,compound,404,96,0.7916666666666666,0.1875,0.020833333333333332,0.9652126767959284,0.9347473084916595,102.03097544941326,1.437517594614078,1.5419772873305062,0.3939673756328712,0.8229166666666666,0.0,0.0,0.0,0.0,0.0,0.0,0.15770616488162517,0.22512699537524097
penalty,compound,505,96,0.8125,0.17708333333333334,0.010416666666666666,0.9653311775871245,0.9346148924602388,102.02543643808141,1.4314552842814148,1.541764801504347,0.4200129502115662,0.8229166666666666,0.0,0.0,0.0,0.0,0.0,0.0,0.15784445591335425,0.2258252260371512
penalty,compound,606,96,0.8229166666666666,0.17708333333333334,0.0,0.9654641550635924,0.9371287293038529,95.93108473990138,1.4298747382406092,1.5269915268489218,0.32762222669450514,0.8229166666666666,0.0,0.0,0.0,0.0,0.0,0.0,0.15752923976608182,0.22436951748865583
penalty,compound,707,96,0.84375,0.15625,0.0,0.9655771385765067,0.9378747251439797,93.93046911443818,1.421577647338396,1.5247739948645993,0.3678266845461966,0.8229166666666666,0.0,0.0,0.0,0.0,0.0,0.0,0.15829144204699944,0.22738198953084088
penalty,compound,808,96,0.8125,0.17708333333333334,0.010416666666666666,0.9655811220874781,0.9371309973421287,100.62826035937893,1.4130143892381437,1.5355651399177805,0.38649485363380687,0.8229166666666666,0.0,0.0,0.0,0.0,0.0,0.0,0.15845501617550076,0.2269335716377462
penalty,compound,909,96,0.8333333333333334,0.16666666666666666,0.0,0.9657117927622144,0.9331567183842621,97.85505866716778,1.417469827721017,1.5090973223329756,0.5371953548945626,0.8125,0.0,0.0,0.0,0.0,0.0,0.0,0.1583811797793775,0.22871415912594442
penalty,compound,1010,96,0.8020833333333334,0.17708333333333334,0.020833333333333332,0.9657009846422729,0.9360933640453626,104.63015330466628,1.4099448913175177,1.536680375492688,0.18563287591894218,0.8125,0.0,0.0,0.0,0.0,0.0,0.0,0.1595198581589997,0.2260207902059015
penalty,compound,1111,96,0.8333333333333334,0.16666666666666666,0.0,0.965572810875439,0.9369873813824331,97.42918657844491,1.4236828837585442,1.5218018872923254,0.3218669505353779,0.8229166666666666,0.0,0.0,0.0,0.0,0.0,0.0,0.15837052168164656,0.2244403916860274
penalty,compound,1212,96,0.8229166666666666,0.16666666666666666,0.010416666666666666,0.9653294925790585,0.9324244476948792,100.85611375989092,1.4261427250082253,1.518326683033296,0.43027754998387907,0.8229166666666666,0.0,0.0,0.0,0.0,0.0,0.0,0.1575949190520455,0.22522066687063272
penalty,compound,1313,96,0.84375,0.14583333333333334,0.010416666666666666,0.9656354333072287,0.9347044360942567,100.92090634782163,1.4199042199330798,1.5086845851702395,0.3881041971227821,0.8229166666666666,0.0,0.0,0.0,0.0,0.0,0.0,0.15752923976608182,0.22436951748865583
penalty,compound,1414,96,0.8125,0.1875,0.0,0.9657051813364328,0.9366756839565092,98.45048365295574,1.4112297718850808,1.5328411263551012,0.13254852437117232,0.8125,0.0,0.0,0.0,0.0,0.0,0.0,0.15899454589463824,0.22622114556642095
penalty,compound,1515,96,0.8125,0.1875,0.0,0.9655397055375946,0.9341922600744532,97.19895590353677,1.4286980835755407,1.5327853710295767,0.2874487392855211,0.8125,0.0,0.0,0.0,0.0,0.0,0.0,0.15965455244748436,0.22780170621019183
penalty,compound,1616,96,0.8125,0.17708333333333334,0.010416666666666666,0.9652696812441562,0.938081348968715,100.64324673028118,1.429473517812226,1.5282809098774224,0.2556360660994832,0.8125,0.0,0.0,0.0,0.0,0.0,0.0,0.15825558885534308,0.2267127860388413
penalty,compound,1717,96,0.8229166666666666,0.16666666666666666,0.010416666666666666,0.9650618396629423,0.9350584385003804,100.71986893678194,1.4451598622652817,1.517149696088044,0.4480444978820421,0.8229166666666666,0.0,0.0,0.0,0.0,0.0,0.0,0.1579128183090881,0.22436952323885503
penalty,compound,1818,96,0.8333333333333334,0.16666666666666666,0.0,0.9657515264309106,0.9333355039297216,99.70017927111687,1.4187039724902977,1.5313011096828593,0.4589262949545293,0.8020833333333334,0.0,0.0,0.0,0.0,0.0,0.0,0.1610218782140323,0.2317936741337506
penalty,compound,1919,96,0.8125,0.1875,0.0,0.9655347550065455,0.9333558771952969,98.65608268271043,1.421546014356328,1.530421014642572,0.35361254253510466,0.8125,0.0,0.0,0.0,0.0,0.0,0.0,0.1583182233839776,0.22784521286520232
penalty,compound,2020,96,0.8333333333333334,0.15625,0.010416666666666666,0.965542704083874,0.9351321431343448,104.45127544151518,1.4280140789895974,1.5217684912241727,0.34391825011940547,0.8125,0.0,0.0,0.0,0.0,0.0,0.0,0.1583251636568448,0.2256416739077397
penalty,extreme_compound,101,96,0.625,0.2916666666666667,0.20833333333333334,0.9607649699969988,0.9358271823624887,123.92260447709322,1.6599226682415698,1.56285383395101,0.21644712296973875,0.8229166666666666,0.0,0.0,0.0,0.0,0.0,0.0,0.1576589121326821,0.22478502218088856
penalty,extreme_compound,202,96,0.6041666666666666,0.3020833333333333,0.20833333333333334,0.960893541567804,0.9352062982968796,119.50815098842027,1.663635898161262,1.5656728133504765,0.2758880080279686,0.8125,0.0,0.0,0.0,0.0,0.0,0.0,0.16253488562267798,0.2284152113076482
penalty,extreme_compound,303,96,0.6145833333333334,0.3020833333333333,0.19791666666666666,0.9610347249907191,0.9356880261752536,118.27745364511864,1.6486423341605299,1.548427050033108,0.29589621595490356,0.8125,0.0,0.0,0.0,0.0,0.0,0.0,0.15863135908913464,0.22834200443001748
penalty,extreme_compound,404,96,0.59375,0.3125,0.21875,0.9606025568009834,0.9347473084916595,116.92532120457824,1.6728967948782802,1.5660530835003859,0.3939673756328712,0.8229166666666666,0.0,0.0,0.0,0.0,0.0,0.0,0.15770616488162517,0.22512699537524097
penalty,extreme_compound,505,96,0.6354166666666666,0.3020833333333333,0.1875,0.9606937288876448,0.9346148924602388,119.88170578617985,1.6678931340919128,1.5651151746446534,0.4200129502115662,0.8229166666666666,0.0,0.0,0.0,0.0,0.0,0.0,0.15784445591335425,0.2258252260371512
penalty,extreme_compound,606,96,0.625,0.3020833333333333,0.19791666666666666,0.9608676848230141,0.9371287293038529,119.86313334673935,1.6645206104635573,1.5481149988773937,0.32762222669450514,0.8229166666666666,0.0,0.0,0.0,0.0,0.0,0.0,0.15752923976608182,0.22436951748865583
penalty,extreme_compound,707,96,0.65625,0.28125,0.1875,0.9609653803481226,0.9378747251439797,114.96422835628661,1.6569361886276646,1.5480182812020957,0.3678266845461966,0.8229166666666666,0.0,0.0,0.0,0.0,0.0,0.0,0.15829144204699944,0.22738198953084088
penalty,extreme_compound,808,96,0.625,0.28125,0.19791666666666666,0.9610190689702215,0.9371309973421287,119.93264373555796,1.6458800090742425,1.5558893742434163,0.38649485363380687,0.8229166666666666,0.0,0.0,0.0,0.0,0.0,0.0,0.15845501617550076,0.2269335716377462
penalty,extreme_compound,909,96,0.625,0.3020833333333333,0.20833333333333334,0.9611575868964802,0.9331567183842621,120.23492613723785,1.6503125917937211,1.5377553619189208,0.5371953548945626,0.8125,0.0,0.0,0.0,0.0,0.0,0.0,0.1583811797793775,0.22871415912594442
penalty,extreme_compound,1010,96,0.6145833333333334,0.3020833333333333,0.20833333333333334,0.961135004869916,0.9360933640453626,116.62853226403847,1.6442152116899205,1.5451469252028316,0.18563287591894218,0.8125,0.0,0.0,0.0,0.0,0.0,0.0,0.1595198581589997,0.2260207902059015
penalty,extreme_compound,1111,96,0.625,0.28125,0.20833333333333334,0.9611082057977104,0.9369873813824331,121.04367539549618,1.6511227176093612,1.556217882028798,0.1571545939340539,0.8229166666666666,0.0,0.0,0.0,0.0,0.0,0.0,0.15837052168164656,0.2244403916860274
penalty,extreme_compound,1212,96,0.625,0.3020833333333333,0.20833333333333334,0.9607599270879472,0.9324244476948792,119.91609765147635,1.6599378679880654,1.5493349707365356,0.43027754998387907,0.8229166666666666,0.0,0.0,0.0,0.0,0.0,0.0,0.1575949190520455,0.22522066687063272
penalty,extreme_compound,1313,96,0.6354166666666666,0.2604166666666667,0.21875,0.9610224354935918,0.9347044360942567,121.92105456588402,1.6547321275625009,1.5386692768673513,0.3881041971227821,0.8229166666666666,0.0,0.0,0.0,0.0,0.0,0.0,0.15752923976608182,0.22436951748865583
penalty,extreme_compound,1414,96,0.6145833333333334,0.3020833333333333,0.19791666666666666,0.9611823533907137,0.9366756839565092,119.4045568308025,1.6427718469867614,1.5579802858698644,0.08309249593616341,0.8125,0.0,0.0,0.0,0.0,0.0,0.0,0.15899454589463824,0.22622114556642095
penalty,extreme_compound,1515,96,0.6041666666666666,0.3229166666666667,0.20833333333333334,0.9609913796322843,0.9341922600744532,117.82388058234659,1.6609757343715377,1.565493500359878,0.23541017128485653,0.8125,0.0,0.0,0.0,0.0,0.0,0.0,0.15965455244748436,0.22780170621019183
penalty,extreme_compound,1616,96,0.6041666666666666,0.3125,0.21875,0.960716881978588,0.938081348968715,118.63959309059223,1.6632193864525953,1.5538477384476699,0.2556360660994832,0.8125,0.0,0.0,0.0,0.0,0.0,0.0,0.15825558885534308,0.2267127860388413
penalty,extreme_compound,1717,96,0.625,0.2916666666666667,0.20833333333333334,0.9604787968460818,0.9350584385003804,120.12203741361603,1.678911454010971,1.5458722954851338,0.4480444978820421,0.8229166666666666,0.0,0.0,0.0,0.0,0.0,0.0,0.1579128183090881,0.22436952323885503
penalty,extreme_compound,1818,96,0.6354166666666666,0.3125,0.19791666666666666,0.961155953254386,0.9333355039297216,118.46347462329034,1.6536073581609105,1.5584439170341964,0.4589262949545293,0.8020833333333334,0.0,0.0,0.0,0.0,0.0,0.0,0.1610218782140323,0.2317936741337506
penalty,extreme_compound,1919,96,0.6145833333333334,0.3020833333333333,0.19791666666666666,0.9609831688612211,0.9333558771952969,115.5691923484399,1.6552833776162974,1.5491522376832896,0.35361254253510466,0.8125,0.0,0.0,0.0,0.0,0.0,0.0,0.1583182233839776,0.22784521286520232
penalty,extreme_compound,2020,96,0.6458333333333334,0.28125,0.19791666666666666,0.9609762067218286,0.9351321431343448,121.40831832840053,1.6613954104747226,1.5413344183078281,0.34391825011940547,0.8125,0.0,0.0,0.0,0.0,0.0,0.0,0.1583251636568448,0.2256416739077397
assured,normal,101,96,1.0,0.0,0.0,0.968824460714537,0.949999999002002,99.99999896950553,1.2653547407220895,1.6031482642869181,3.5812616033966735,1.0,0.3958333333333333,0.3958333333333333,0.3958333333333333,0.0,0.0,0.17996964968887316,0.46840021245137464,0.36153364956794554
assured,normal,202,96,1.0,0.0,0.0,0.9689494221573408,0.9499999990524266,99.99999999617953,1.2674888325470917,1.606510693891929,3.7614050937841617,1.0,0.4479166666666667,0.4479166666666667,0.4479166666666667,0.0,0.0,0.1982269974527914,0.4505351577668,0.35893051580366286
assured,normal,303,96,1.0,0.0,0.0,0.9688008176937163,0.949999999045651,99.99999983753631,1.2638084947728807,1.610861198232298,3.731397363901469,1.0,0.4270833333333333,0.4270833333333333,0.4270833333333333,0.0,0.0,0.19404775687984702,0.4791869992851487,0.36514257739661726
assured,normal,404,96,1.0,0.0,0.0,0.96885998333815,0.9499999990864074,99.99999998671055,1.2716941670022042,1.6057081099411168,3.682144185831727,1.0,0.4166666666666667,0.4166666666666667,0.4166666666666667,0.0,0.0,0.18533927518665397,0.449745484372609,0.3612609792280866
assured,normal,505,96,1.0,0.0,0.0,0.9688780288974503,0.9499999990175475,99.99999971025723,1.2701672815228566,1.6128988956316017,3.8456836850124345,1.0,0.4270833333333333,0.4270833333333333,0.4270833333333333,0.0,0.0,0.18708323612466274,0.46413339427760314,0.3641330227174506
assured,normal,606,96,1.0,0.0,0.0,0.9690124538921069,0.9499999990292493,99.99999885576592,1.2649258171214732,1.605417691605867,3.5605403872671175,1.0,0.3958333333333333,0.3958333333333333,0.3958333333333333,0.0,0.0,0.1773023633161679,0.4768441770969916,0.3673773418462328
assured,normal,707,96,1.0,0.0,0.0,0.9689173800430334,0.9499999993239195,98.79744877237327,1.262683411920748,1.6108673295767577,3.7113689146078856,1.0,0.3854166666666667,0.3854166666666667,0.3854166666666667,0.0,0.0,0.1858721956667511,0.47679428713315847,0.3678120293739233
assured,normal,808,96,1.0,0.0,0.0,0.9691005096000707,0.9499999990259238,99.99999858898899,1.2507885807418528,1.621301417134715,3.6720259044939145,1.0,0.4270833333333333,0.4270833333333333,0.4270833333333333,0.0,0.0,0.18384628261817593,0.4830314804528932,0.36705707587902275
assured,normal,909,96,1.0,0.0,0.0,0.9692455276377814,0.9499999990667872,99.99999912882191,1.2479880723648347,1.6011983775955363,3.5916062912488496,1.0,0.4166666666666667,0.4166666666666667,0.4166666666666667,0.0,0.0,0.1837860297840086,0.46045089652363336,0.3613194777337996
assured,normal,1010,96,1.0,0.0,0.0,0.9689434924388832,0.9499999990688717,99.99999889080094,1.2623808302230415,1.5925246363350807,3.840704544082559,1.0,0.4375,0.4375,0.4375,0.0,0.0,0.19579044602770312,0.46159191352833845,0.3636240395137715
assured,normal,1111,96,1.0,0.0,0.0,0.9688673188245652,0.9499999990096544,99.99999998360984,1.2686398218755752,1.5957061580172676,3.699847575931414,1.0,0.40625,0.40625,0.40625,0.0,0.0,0.18397603983011548,0.4603598120197933,0.3639184461558281
assured,normal,1212,96,1.0,0.0,0.0,0.9689300789115322,0.9499999990295164,99.99999948422844,1.2571940001456945,1.603121302549686,3.5490933134279032,1.0,0.3854166666666667,0.3854166666666667,0.3854166666666667,0.0,0.0,0.17971077511047248,0.46752048635437743,0.3650295767909455
assured,normal,1313,96,1.0,0.0,0.0,0.969008312842873,0.949999999001678,99.99999962721012,1.2597110030592251,1.5936671872657846,3.7582513012973195,1.0,0.40625,0.40625,0.40625,0.0,0.0,0.1804991882865666,0.46463436610524117,0.36462353372990863
assured,normal,1414,96,1.0,0.0,0.0,0.9689489400354644,0.949999999024761,98.48113010645241,1.2596572324241755,1.6051614604096227,3.698933374521539,1.0,0.3958333333333333,0.3958333333333333,0.3958333333333333,0.0,0.0,0.1835375438100134,0.4718957272056783,0.36664817060562066
assured,normal,1515,96,1.0,0.0,0.0,0.9689569649056531,0.9499999990239917,99.99999850339458,1.2655383647826834,1.5987787858928435,3.703606367301508,1.0,0.3958333333333333,0.3958333333333333,0.3958333333333333,0.0,0.0,0.17866098916325224,0.4601180111078524,0.3638063621351921
assured,normal,1616,96,1.0,0.0,0.0,0.968639938095797,0.9499999990572544,99.99999905719893,1.273362601953109,1.6114608664767434,3.5709342164628426,1.0,0.4479166666666667,0.4479166666666667,0.4479166666666667,0.0,0.0,0.18603999761802678,0.4702057457223103,0.3663408203595228
assured,normal,1717,96,1.0,0.0,0.0,0.9685250316833803,0.9499999990203858,99.99999839865528,1.282115981894491,1.6060601372149927,3.6777366997257364,1.0,0.4270833333333333,0.4270833333333333,0.4270833333333333,0.0,0.0,0.1832727224646761,0.4678548682563745,0.36526443713942675
assured,normal,1818,96,1.0,0.0,0.0,0.9691413738820914,0.9499999990255972,99.99999990423153,1.2534470860596396,1.6133260172645862,3.667553596158665,1.0,0.40625,0.40625,0.40625,0.0,0.0,0.18308637588930207,0.47032046031232055,0.36616499574031103
assured,normal,1919,96,1.0,0.0,0.0,0.9689162809364982,0.9499999990223829,99.99999868119174,1.2631706126988302,1.6011966404292626,3.80717666355026,1.0,0.4375,0.4375,0.4375,0.0,0.0,0.19400737733199636,0.45895937776534695,0.3612777031473747
assured,normal,2020,96,1.0,0.0,0.0,0.9689151535088939,0.9499999990061505,99.99999870457573,1.2634799462896407,1.6063813740591137,3.576237280136853,1.0,0.4166666666666667,0.4166666666666667,0.4166666666666667,0.0,0.0,0.18241979277261114,0.46963636822449556,0.3651633123941429
assured,solar_surge,101,96,1.0,0.0,0.0,0.9682907589902611,0.949999999002002,99.99999896950553,1.283245583964708,1.5979909707916091,5.459422023392862,1.0,0.40625,0.40625,0.40625,0.0,0.0,0.24049467023205195,0.45783687779546106,0.3634880057560461
assured,solar_surge,202,96,1.0,0.0,0.0,0.9684417104925475,0.9499999990044877,99.99999999617953,1.2848175372458452,1.5972830042388773,5.594732405878203,1.0,0.4375,0.4375,0.4375,0.0,0.0,0.24732439619859412,0.44034335118699536,0.35957978125196416
assured,solar_surge,303,96,1.0,0.0,0.0,0.9682011836975436,0.9499999990174659,99.99999983753631,1.2855651533883883,1.5852576618083163,5.755896826951502,1.0,0.40625,0.40625,0.40625,0.0,0.0,0.24464617458633767,0.45752560493619715,0.36387463439113743
assured,solar_surge,404,96,1.0,0.0,0.0,0.9683773720997113,0.9499999990864074,99.99999998671055,1.2863637941833843,1.597015116913524,5.538071104059685,1.0,0.4270833333333333,0.4270833333333333,0.4270833333333333,0.0,0.0,0.24176099353503355,0.43962085984951865,0.35929342736228126
assured,solar_surge,505,96,1.0,0.0,0.0,0.9684076954941121,0.9499999990151703,99.99999971025723,1.284736494308986,1.603401537940101,5.687415428690613,1.0,0.4270833333333333,0.4270833333333333,0.4270833333333333,0.0,0.0,0.2503483843120807,0.45569003715106443,0.36267919490950157
assured,solar_surge,606,96,1.0,0.0,0.0,0.9683433628625981,0.9499999990292493,99.99999885576592,1.2899262201334565,1.5838823353724023,5.730763367928953,1.0,0.3958333333333333,0.3958333333333333,0.3958333333333333,0.0,0.0,0.24330497144018434,0.4509270243567143,0.3621348703698646
assured,solar_surge,707,96,1.0,0.0,0.0,0.9683228517477597,0.9499999993239195,98.79744877237327,1.28498763284495,1.5910165678475834,5.746152521774279,1.0,0.3854166666666667,0.3854166666666667,0.3854166666666667,0.0,0.0,0.2409479517364167,0.459521082971619,0.36444958083895934
assured,solar_surge,808,96,1.0,0.0,0.0,0.9685385158825714,0.9499999990259238,99.99999858898899,1.26933422774127,1.605705329036191,5.618127980828358,1.0,0.4270833333333333,0.4270833333333333,0.4270833333333333,0.0,0.0,0.24539750191638773,0.46480031748631795,0.3651839263186569
assured,solar_surge,909,96,1.0,0.0,0.0,0.9687005843431783,0.9499999990087638,99.99999912882191,1.2684238153512073,1.5815399589050654,5.726267209836319,1.0,0.40625,0.40625,0.40625,0.0,0.0,0.24462082245460182,0.44801966350052264,0.3611287487433128
assured,solar_surge,1010,96,1.0,0.0,0.0,0.9684854403093793,0.9499999990845371,99.99999889080094,1.2781889880132773,1.579637108955667,5.711241981940416,1.0,0.4270833333333333,0.4270833333333333,0.4270833333333333,0.0,0.0,0.24881960192956662,0.45420666644864155,0.3623190779781437
assured,solar_surge,1111,96,1.0,0.0,0.0,0.9683857755572168,0.9499999990096544,99.99999998360984,1.2838654154615596,1.5909682100452498,5.602264604686201,1.0,0.40625,0.40625,0.40625,0.0,0.0,0.24289597773526603,0.4518183413762557,0.362131271726508
assured,solar_surge,1212,96,1.0,0.0,0.0,0.9684356640018045,0.9499999990295164,99.99999948422844,1.2743077544951387,1.5933131745424802,5.537582770352667,1.0,0.3958333333333333,0.3958333333333333,0.3958333333333333,0.0,0.0,0.24020358593716717,0.4545521661800643,0.362347695059911
assured,solar_surge,1313,96,1.0,0.0,0.0,0.9684699632391941,0.9499999990017374,99.99999962721012,1.2776014859587548,1.5819774450132476,5.744925964439593,1.0,0.3854166666666667,0.3854166666666667,0.3854166666666667,0.0,0.0,0.24039195849747963,0.44994960699437386,0.3619288773831779
assured,solar_surge,1414,96,1.0,0.0,0.0,0.968424422777164,0.949999999024761,98.48113010645241,1.276971271258942,1.5928067837356907,5.649640485377288,1.0,0.3958333333333333,0.3958333333333333,0.3958333333333333,0.0,0.0,0.2433690280131253,0.4613085757943776,0.36456976497035615
assured,solar_surge,1515,96,1.0,0.0,0.0,0.9685089404930101,0.9499999990239917,99.99999850339458,1.2801666708702886,1.5944786430037703,5.565541278248938,1.0,0.40625,0.40625,0.40625,0.0,0.0,0.24156846586897873,0.4503623199868123,0.3618140797439852
assured,solar_surge,1616,96,1.0,0.0,0.0,0.968107296552993,0.9499999990325094,99.99999905719893,1.2914140069437874,1.593693026947348,5.538040560219663,1.0,0.4270833333333333,0.4270833333333333,0.4270833333333333,0.0,0.0,0.24473915720982511,0.46038101174238594,0.36472047868423835
assured,solar_surge,1717,96,1.0,0.0,0.0,0.9680415496758236,0.9499999990203858,99.99999839865528,1.2972573302036465,1.6019255138658761,5.598123396574451,1.0,0.4270833333333333,0.4270833333333333,0.4270833333333333,0.0,0.0,0.24510519781867754,0.4600007253176259,0.36370601148882037
assured,solar_surge,1818,96,1.0,0.0,0.0,0.9686522810834872,0.9499999990255972,99.99999990423153,1.2707153117498955,1.6017563636687568,5.542796021598066,1.0,0.40625,0.40625,0.40625,0.0,0.0,0.23991035347893544,0.457832314832683,0.36385098689208545
assured,solar_surge,1919,96,1.0,0.0,0.0,0.9683956636496168,0.949999999009264,99.99999868119174,1.2816397551985403,1.58274965292834,5.702989878179972,1.0,0.4166666666666667,0.4166666666666667,0.4166666666666667,0.0,0.0,0.24442017956321802,0.44830439834872754,0.3612709532759104
assured,solar_surge,2020,96,1.0,0.0,0.0,0.9683450182702998,0.9499999990061505,99.99999870457573,1.284366226012681,1.5931126518916456,5.607958710544102,1.0,0.4166666666666667,0.4166666666666667,0.4166666666666667,0.0,0.0,0.24138693656952862,0.45413828560447783,0.362096727957465
assured,renewable_drop,101,96,1.0,0.0,0.0,0.9654599658714061,0.949999999002002,99.99999896950553,1.4637889687075816,1.2606449669509523,0.003953974931737718,1.0,0.1875,0.1875,0.1875,0.0,0.0,0.0484998475985596,0.44881371723642444,0.36160911594127176
assured,renewable_drop,202,96,1.0,0.0,0.0,0.9656752406567408,0.9499999990044877,99.99999999617953,1.461466311031782,1.2672339474788359,0.00344885722924381,1.0,0.21875,0.21875,0.21875,0.0,0.0,0.05097298273639408,0.43627280361122683,0.3587338734087848
assured,renewable_drop,303,96,1.0,0.0,0.0,0.9654891395760231,0.9499999990174659,99.99999983753631,1.4607508261177227,1.2560543853136432,0.137606435287161,1.0,0.19791666666666666,0.19791666666666666,0.19791666666666666,0.0,0.0,0.04713110527048531,0.45341225187485557,0.3630859195233594
assured,renewable_drop,404,96,1.0,0.0,0.0,0.9655819482513971,0.9499999990864074,99.99999998671055,1.4654935961669668,1.2642523481619505,0.003873608945371748,1.0,0.21875,0.21875,0.21875,0.0,0.0,0.04825231065976849,0.4376364474080729,0.3588187154797661
assured,renewable_drop,505,96,1.0,0.0,0.0,0.9656352117449893,0.9499999990151703,99.99999971025723,1.4617012648321175,1.2684960310130102,0.014023728685453945,1.0,0.20833333333333334,0.20833333333333334,0.20833333333333334,0.0,0.0,0.04906746482202954,0.44487824600178033,0.36045548478473993
assured,renewable_drop,606,96,1.0,0.0,0.0,0.9655769124929208,0.9499999990292493,99.99999885576592,1.466779404901608,1.2559353122732395,0.08921853198455719,1.0,0.1875,0.1875,0.1875,0.0,0.0,0.04651594991418099,0.4490873917284676,0.36173427726261376
assured,renewable_drop,707,96,1.0,0.0,0.0,0.9655489367233846,0.9499999993239195,98.79744877237327,1.4623911565444736,1.260963575152046,0.10067282864261856,1.0,0.17708333333333334,0.17708333333333334,0.17708333333333334,0.0,0.0,0.044006058048690476,0.45542198186774313,0.36360726403853993
assured,renewable_drop,808,96,1.0,0.0,0.0,0.9658053661459857,0.9499999990259238,99.99999858898899,1.445515933607305,1.2713582997798418,0.0012584271309533548,1.0,0.20833333333333334,0.20833333333333334,0.20833333333333334,0.0,0.0,0.04597150715152492,0.4499510515377125,0.36216553063649615
assured,renewable_drop,909,96,1.0,0.0,0.0,0.9659354803106286,0.9499999990087638,99.99999912882191,1.4463774282513775,1.251811939212103,0.13129069150982667,1.0,0.19791666666666666,0.19791666666666666,0.19791666666666666,0.0,0.0,0.048423080412129414,0.44583149073999956,0.36067634770314094
assured,renewable_drop,1010,96,1.0,0.0,0.0,0.9657934999872942,0.9499999990728535,99.99999889080094,1.4517219101583863,1.249946743939196,0.013170214879624139,1.0,0.20833333333333334,0.20833333333333334,0.20833333333333334,0.0,0.0,0.047858113365602674,0.44589678332588933,0.3606547377265327
assured,renewable_drop,1111,96,1.0,0.0,0.0,0.965617719678676,0.9499999990096544,99.99999998360984,1.4612704321485144,1.2619009278391053,0.0,1.0,0.1875,0.1875,0.1875,0.0,0.0,0.04571205702680176,0.4488627674856988,0.36151903017592524
assured,renewable_drop,1212,96,1.0,0.0,0.0,0.9656592200267609,0.9499999990295164,99.99999948422844,1.452896999801645,1.2592166750825369,0.0016328533180902899,1.0,0.1875,0.1875,0.1875,0.0,0.0,0.04580797212744828,0.44614467477610414,0.3606614829231454
assured,renewable_drop,1313,96,1.0,0.0,0.0,0.96565964880921,0.9499999990017374,99.99999962721012,1.4569476500736123,1.2540699190974018,0.12817077066577692,1.0,0.17708333333333334,0.17708333333333334,0.17708333333333334,0.0,0.0,0.044719259910367924,0.44994960699437386,0.3619288773831779
assured,renewable_drop,1414,96,1.0,0.0,0.0,0.9656888762255175,0.949999999024761,98.48113010645241,1.4532524932974973,1.2607841088671474,0.0,1.0,0.1875,0.1875,0.1875,0.0,0.0,0.04523626850011576,0.45126291717451367,0.36252711232473805
assured,renewable_drop,1515,96,1.0,0.0,0.0,0.9657265334799336,0.9499999990239917,99.99999850339458,1.458742825950748,1.262478291622339,0.001418560474264537,1.0,0.19791666666666666,0.19791666666666666,0.19791666666666666,0.0,0.0,0.04630218411048659,0.4440607797734913,0.36056485756909346
assured,renewable_drop,1616,96,1.0,0.0,0.0,0.9653643144339604,0.9499999990325094,99.99999905719893,1.4683919658098166,1.260454645383113,0.017906066810798274,1.0,0.21875,0.21875,0.21875,0.0,0.0,0.05036114838826885,0.45289788936113434,0.3631966595073768
assured,renewable_drop,1717,96,1.0,0.0,0.0,0.965258483160763,0.9499999990203858,99.99999839865528,1.475355865343812,1.2669836227409732,0.0014332581629135249,1.0,0.20833333333333334,0.20833333333333334,0.20833333333333334,0.0,0.0,0.04625340385181904,0.44701090757065504,0.3612285006736944
assured,renewable_drop,1818,96,1.0,0.0,0.0,0.9658719463136576,0.9499999990255972,99.99999990423153,1.4486884050252897,1.2658398455650866,0.036326996574881254,1.0,0.19791666666666666,0.19791666666666666,0.19791666666666666,0.0,0.0,0.046986438809982815,0.4487316624333603,0.36182935405383104
assured,renewable_drop,1919,96,1.0,0.0,0.0,0.9656734535550702,0.949999999009264,99.99999868119174,1.4573536840516255,1.2546529556840271,0.08771513434738938,1.0,0.20833333333333334,0.20833333333333334,0.20833333333333334,0.0,0.0,0.04691414214242149,0.44578775647112295,0.36076777961497336
assured,renewable_drop,2020,96,1.0,0.0,0.0,0.965597551725977,0.9499999990061505,99.99999870457573,1.4608077991556219,1.260763066493535,0.020341219637292907,1.0,0.19791666666666666,0.19791666666666666,0.19791666666666666,0.0,0.0,0.04608261145776126,0.44348197871222045,0.3600367172127017
assured,demand_spike,101,96,0.9479166666666666,0.010416666666666666,0.052083333333333336,0.965358915151289,0.949999999002002,107.15514682097313,1.420144507961334,1.8569101187569357,2.1557809538315946,1.0,0.375,0.375,0.3229166666666667,0.0,0.052083333333333336,0.15643005357874598,0.4553190361407447,0.3628518023899314
assured,demand_spike,202,96,0.9270833333333334,0.010416666666666666,0.0625,0.9655935542546867,0.9499999990384137,103.14906928380402,1.4173918755992194,1.8764288806746299,2.139216968293962,1.0,0.4270833333333333,0.4270833333333333,0.3541666666666667,0.0,0.07291666666666667,0.17628366244457572,0.4455948289778388,0.36052823534116346
assured,demand_spike,303,96,0.96875,0.0,0.03125,0.9654198308224098,0.9499999990194813,102.84494760127743,1.412165731748895,1.8640668022956197,2.327843136862491,1.0,0.40625,0.40625,0.375,0.0,0.03125,0.1530359710567076,0.453040574411032,0.3622715628177436
assured,demand_spike,404,96,0.9895833333333334,0.0,0.010416666666666666,0.9655913037661513,0.9499999990864074,104.10459025504981,1.4151213429400045,1.8780083739903353,2.082001119033163,1.0,0.4166666666666667,0.4166666666666667,0.40625,0.0,0.010416666666666666,0.1603310848140108,0.43962994913560577,0.3592681478795537
assured,demand_spike,505,96,0.9479166666666666,0.0,0.052083333333333336,0.9655709285805268,0.9499999990151703,103.81824289028177,1.417452630761164,1.8805203372594574,2.2366342371915846,1.0,0.40625,0.40625,0.3541666666666667,0.0,0.052083333333333336,0.168597504631814,0.4544537309138124,0.3623334161762495
assured,demand_spike,606,96,0.96875,0.0,0.03125,0.9655666166575848,0.9499999990292493,101.85073804889223,1.418309730199594,1.8574938331100923,2.234563051713425,1.0,0.3854166666666667,0.3854166666666667,0.3541666666666667,0.0,0.03125,0.14778303465506962,0.45367206642333047,0.3627306172844773
assured,demand_spike,707,96,0.9479166666666666,0.010416666666666666,0.041666666666666664,0.9654110963248835,0.9499999990157613,103.35187685081779,1.4209651574889914,1.8560497947083614,2.413245297479232,1.0,0.375,0.375,0.3229166666666667,0.0,0.052083333333333336,0.15842897214258767,0.4626124732876322,0.3649770581805647
assured,demand_spike,808,96,0.9479166666666666,0.0,0.052083333333333336,0.9657644961586084,0.9499999990259238,103.96707733683228,1.3986510084606252,1.8812038458412463,2.1548000505903318,1.0,0.4166666666666667,0.4166666666666667,0.3645833333333333,0.0,0.052083333333333336,0.16429129531216305,0.46143801314719246,0.3641165100086992
assured,demand_spike,909,96,0.9583333333333334,0.010416666666666666,0.041666666666666664,0.9659357319196061,0.9499999990087638,104.9903517136404,1.3958110810241504,1.8528859973101854,2.161872925539745,1.0,0.3854166666666667,0.3854166666666667,0.34375,0.0,0.041666666666666664,0.14925079200796817,0.4511717401206628,0.3617610260864585
assured,demand_spike,1010,96,0.9583333333333334,0.010416666666666666,0.041666666666666664,0.9658288460922178,0.9499999990003676,103.38038730916301,1.4004926031027025,1.8701663663479224,2.0848313726047962,1.0,0.4166666666666667,0.4166666666666667,0.375,0.0,0.041666666666666664,0.16071948099514696,0.4622665443175486,0.36265602026933136
assured,demand_spike,1111,96,0.9583333333333334,0.0,0.041666666666666664,0.9655690414953728,0.9499999990096544,103.12784379248177,1.4149622568745457,1.8597631380597943,2.102071523709791,1.0,0.3854166666666667,0.3854166666666667,0.34375,0.0,0.041666666666666664,0.15548091717898652,0.45375707445476404,0.3625702081959692
assured,demand_spike,1212,96,0.9375,0.0,0.0625,0.9656445690054296,0.9499999990295164,104.49843892023729,1.404020081351985,1.877694300351427,1.9214118368124637,1.0,0.3854166666666667,0.3854166666666667,0.3229166666666667,0.0,0.0625,0.15162845264951502,0.4587740985012982,0.3631418333769601
assured,demand_spike,1313,96,0.9479166666666666,0.0,0.052083333333333336,0.9657131777943228,0.9499999990306659,103.2845565992125,1.4036503691959783,1.8518100645543896,2.304454491943756,1.0,0.3854166666666667,0.3854166666666667,0.3333333333333333,0.0,0.052083333333333336,0.15772454112456133,0.4376990916523529,0.35917662141039103
assured,demand_spike,1414,96,0.96875,0.010416666666666666,0.020833333333333332,0.9656988931657621,0.949999999024761,102.2117560459012,1.402420439909579,1.8766294189624524,2.079818167267839,1.0,0.3854166666666667,0.3854166666666667,0.3541666666666667,0.0,0.03125,0.15544649224127668,0.4628869335021732,0.3645935988099864
assured,demand_spike,1515,96,0.9479166666666666,0.0,0.052083333333333336,0.9656639029312007,0.9499999990239917,106.29887462308274,1.4124280028588714,1.8672769923276356,2.1237548494930563,1.0,0.3958333333333333,0.3958333333333333,0.34375,0.0,0.052083333333333336,0.15504145448259887,0.45014845440210766,0.3617857375663833
assured,demand_spike,1616,96,0.9583333333333334,0.010416666666666666,0.041666666666666664,0.9652425619923627,0.9499999990325094,101.82555641473878,1.421972896733929,1.8732404798267903,2.099956565418725,1.0,0.4166666666666667,0.4166666666666667,0.375,0.0,0.041666666666666664,0.16124054074786023,0.45886663246687415,0.36440090772234274
assured,demand_spike,1717,96,0.9583333333333334,0.020833333333333332,0.041666666666666664,0.965353157886069,0.9499999990101852,102.30859784028465,1.4220099099357302,1.8905190008148622,1.9019026919616098,1.0,0.4166666666666667,0.4166666666666667,0.375,0.0,0.041666666666666664,0.15240374576974838,0.46000326633579774,0.3627449175003223
assured,demand_spike,1818,96,0.9270833333333334,0.0,0.07291666666666667,0.9655360340742769,0.9499999990255972,105.73299761755254,1.4163292724091054,1.8496791678252231,2.4586141361960494,1.0,0.3958333333333333,0.3958333333333333,0.3229166666666667,0.0,0.07291666666666667,0.16295864180713654,0.45652183928417495,0.36175598073368304
assured,demand_spike,1919,96,0.9479166666666666,0.0,0.052083333333333336,0.9655651539309028,0.9499999990223829,103.27126724426132,1.4118560095043857,1.8671587845323905,2.240671539732585,1.0,0.4166666666666667,0.4166666666666667,0.3645833333333333,0.0,0.052083333333333336,0.18338523170513765,0.45975898497084583,0.3631827666203719
assured,demand_spike,2020,96,0.96875,0.010416666666666666,0.020833333333333332,0.9656805000563908,0.9499999990061505,102.89862270307171,1.40831578694861,1.8734478933070324,1.976204109121042,1.0,0.3958333333333333,0.3958333333333333,0.3645833333333333,0.0,0.03125,0.15930890726573102,0.45300857133430267,0.3619468996553235
assured,ev_coincidence,101,96,1.0,0.0,0.0,0.9673163022653947,0.949999999002002,99.99999896950553,1.332524553808856,1.7081028708151158,2.92789409843901,1.0,0.375,0.375,0.375,0.0,0.0,0.1538466515354814,0.46111950601176926,0.36838840183117866
assured,ev_coincidence,202,96,1.0,0.0,0.0,0.9675042954749422,0.9499999990014907,99.99999999617953,1.3306341473665828,1.705989314176659,3.1480967910904125,1.0,0.4166666666666667,0.4166666666666667,0.4166666666666667,0.0,0.0,0.1721310001679115,0.44133855492859625,0.3583813030151102
assured,ev_coincidence,303,96,1.0,0.0,0.0,0.9673009584015126,0.9499999990174659,99.99999983753631,1.3300277121939026,1.712333266586251,3.1134952421867754,1.0,0.4166666666666667,0.4166666666666667,0.4166666666666667,0.0,0.0,0.16627189339346368,0.4640034778803476,0.37242248022836194
assured,ev_coincidence,404,96,1.0,0.0,0.0,0.967571883622297,0.9499999990864074,99.99999998671055,1.3265728265048053,1.7252352940334474,2.851110809870889,1.0,0.4166666666666667,0.4166666666666667,0.4166666666666667,0.0,0.0,0.15410209196952615,0.4583775960498994,0.37671224493185146
assured,ev_coincidence,505,96,1.0,0.0,0.0,0.9675861651133691,0.9499999990151703,99.99999971025723,1.3251787908074981,1.7315968904253518,3.031850747393706,1.0,0.4166666666666667,0.4166666666666667,0.4166666666666667,0.0,0.0,0.1622438103012083,0.4686102767040623,0.37393905352154916
assured,ev_coincidence,606,96,1.0,0.0,0.0,0.9674772563485489,0.9499999990292493,99.99999885576592,1.3342613616061556,1.7076120819206175,3.016013347541576,1.0,0.3854166666666667,0.3854166666666667,0.3854166666666667,0.0,0.0,0.15823715190024165,0.4562545311766999,0.3669125121268286
assured,ev_coincidence,707,96,1.0,0.0,0.0,0.9674578460180685,0.9499999993239195,98.79744877237327,1.3281986342169223,1.7136581051274868,3.1107756537268267,1.0,0.3854166666666667,0.3854166666666667,0.3854166666666667,0.0,0.0,0.16560383471587492,0.46879978377405673,0.37245882924416085
assured,ev_coincidence,808,96,1.0,0.0,0.0,0.9676230228276713,0.9499999990259238,99.99999858898899,1.3148006425912762,1.7150250351000902,3.135763906539019,1.0,0.4166666666666667,0.4166666666666667,0.4166666666666667,0.0,0.0,0.1614929030361816,0.4670103519043904,0.3684920765052966
assured,ev_coincidence,909,96,1.0,0.0,0.0,0.9679457212011832,0.9499999990087638,99.99999912882191,1.3062260815605982,1.7179022794371164,2.788251119518277,1.0,0.4270833333333333,0.4270833333333333,0.4270833333333333,0.0,0.0,0.15422584961273797,0.46202008751259543,0.37577981643948655
assured,ev_coincidence,1010,96,1.0,0.0,0.0,0.9676376329013184,0.9499999990728535,99.99999889080094,1.321518652045152,1.7072458965432016,3.0295492417172385,1.0,0.4375,0.4375,0.4375,0.0,0.0,0.1699600052637634,0.4582719564540998,0.36871843187866027
assured,ev_coincidence,1111,96,1.0,0.0,0.0,0.9675532643719946,0.9499999990096544,99.99999998360984,1.3258611496145623,1.7159495969037777,2.8422833648864656,1.0,0.40625,0.40625,0.40625,0.0,0.0,0.16261093236980126,0.458353611229329,0.3693350813387024
assured,ev_coincidence,1212,96,1.0,0.0,0.0,0.9676100268333273,0.9499999990295164,99.99999948422844,1.3159102285279871,1.7210549405447577,2.7137723641306186,1.0,0.3854166666666667,0.3854166666666667,0.3854166666666667,0.0,0.0,0.1502731458268939,0.4662068873516872,0.37621144798815526
assured,ev_coincidence,1313,96,1.0,0.0,0.0,0.9676902464888885,0.9499999990017374,99.99999962721012,1.316247955577164,1.7085671965208535,2.97615766569031,1.0,0.375,0.375,0.375,0.0,0.0,0.15367125324471706,0.45960615451338277,0.37095713687820037
assured,ev_coincidence,1414,96,1.0,0.0,0.0,0.9676310772566253,0.949999999024761,98.48113010645241,1.3173449244315953,1.7259286074240254,2.8279996388582207,1.0,0.3958333333333333,0.3958333333333333,0.3958333333333333,0.0,0.0,0.15792350840308395,0.47653340826925444,0.38263846198916024
assured,ev_coincidence,1515,96,1.0,0.0,0.0,0.9676085445882933,0.9499999990239917,99.99999850339458,1.3255938308474964,1.7204654082936008,2.851936345601356,1.0,0.3958333333333333,0.3958333333333333,0.3958333333333333,0.0,0.0,0.15485529930021227,0.45624259615844026,0.36776396828622376
assured,ev_coincidence,1616,96,1.0,0.0,0.0,0.967208411174035,0.9499999990325094,99.99999905719893,1.3352188675477243,1.7198327007514416,2.8763251335427107,1.0,0.4270833333333333,0.4270833333333333,0.4270833333333333,0.0,0.0,0.16277819873913138,0.46810265235178355,0.37298465040484946
assured,ev_coincidence,1717,96,1.0,0.0,0.0,0.9671651554277477,0.9499999990203858,99.99999839865528,1.341990732884642,1.7230109072169817,2.8738913018633854,1.0,0.4270833333333333,0.4270833333333333,0.4270833333333333,0.0,0.0,0.15948631856334752,0.4656100929588307,0.3694258562693808
assured,ev_coincidence,1818,96,1.0,0.0,0.0,0.9677698722967815,0.9499999990255972,99.99999990423153,1.3143754119632067,1.7275710699041835,2.888650085069118,1.0,0.40625,0.40625,0.40625,0.0,0.0,0.15533496725184534,0.4684128965383422,0.37330631693786165
assured,ev_coincidence,1919,96,1.0,0.0,0.0,0.9674889561663642,0.9499999990223829,99.99999868119174,1.3254444247382018,1.7081254910865353,3.1369634244669364,1.0,0.4270833333333333,0.4270833333333333,0.4270833333333333,0.0,0.0,0.16925858863724197,0.4571889378674112,0.37018700326459014
assured,ev_coincidence,2020,96,1.0,0.0,0.0,0.9674472199061848,0.9499999990061505,99.99999870457573,1.3299605888413257,1.697998786660702,3.069516620908341,1.0,0.40625,0.40625,0.40625,0.0,0.0,0.16309330232112784,0.45351281692009165,0.3646788949337875
assured,compound,101,96,1.0,0.0,0.0,0.9656781242849416,0.949999999002002,99.99999896950553,1.4275566047993256,1.4944882542898053,0.003953974931737718,1.0,0.1875,0.1875,0.1875,0.0,0.0,0.0484998475985596,0.44881371723642444,0.36160911594127176
assured,compound,202,96,1.0,0.0,0.0,0.9659466583452812,0.9499999990044877,99.99999999617953,1.4221785973002987,1.509958263481997,0.00344885722924381,1.0,0.21875,0.21875,0.21875,0.0,0.0,0.05097298273639408,0.43627280361122683,0.3587338734087848
assured,compound,303,96,1.0,0.0,0.0,0.965724144707702,0.9499999990174659,99.99999983753631,1.4222761608813645,1.491990824658326,0.137606435287161,1.0,0.19791666666666666,0.19791666666666666,0.19791666666666666,0.0,0.0,0.04713110527048531,0.45341225187485557,0.3630859195233594
assured,compound,404,96,1.0,0.0,0.0,0.965839095653591,0.9499999990864074,99.99999998671055,1.4272244721110845,1.499553756835303,0.003873608945371748,1.0,0.21875,0.21875,0.21875,0.0,0.0,0.04825231065976849,0.4376364474080729,0.3588187154797661
assured,compound,505,96,1.0,0.0,0.0,0.9659196877234341,0.9499999990151703,99.99999971025723,1.4224919813042962,1.5079213484221963,0.014023728685453945,1.0,0.20833333333333334,0.20833333333333334,0.20833333333333334,0.0,0.0,0.04906746482202954,0.44487824600178033,0.36045548478473993
assured,compound,606,96,1.0,0.0,0.0,0.9658541889232447,0.9499999990292493,99.99999885576592,1.427772258988312,1.4902816554101128,0.08921853198455719,1.0,0.1875,0.1875,0.1875,0.0,0.0,0.04651594991418099,0.4490873917284676,0.36173427726261376
assured,compound,707,96,1.0,0.0,0.0,0.9658190728452624,0.9499999993239195,98.79744877237327,1.4236774572423538,1.4967067277293917,0.10067282864261856,1.0,0.17708333333333334,0.17708333333333334,0.17708333333333334,0.0,0.0,0.044006058048690476,0.45542198186774313,0.36360726403853993
assured,compound,808,96,1.0,0.0,0.0,0.966065539836429,0.9499999990259238,99.99999858898899,1.406831535948599,1.511957014130949,0.0012584271309533548,1.0,0.20833333333333334,0.20833333333333334,0.20833333333333334,0.0,0.0,0.04597150715152492,0.4499510515377125,0.36216553063649615
assured,compound,909,96,1.0,0.0,0.0,0.9661547397293706,0.9499999990087638,99.99999912882191,1.4097408246328265,1.4804894101347332,0.13129069150982667,1.0,0.19791666666666666,0.19791666666666666,0.19791666666666666,0.0,0.0,0.048423080412129414,0.44583149073999956,0.36067634770314094
assured,compound,1010,96,1.0,0.0,0.0,0.9660895914468967,0.9499999990728535,99.99999889080094,1.4106331128570382,1.4939869031015731,0.013170214879624139,1.0,0.20833333333333334,0.20833333333333334,0.20833333333333334,0.0,0.0,0.047858113365602674,0.44589678332588933,0.3606547377265327
assured,compound,1111,96,1.0,0.0,0.0,0.9658665218530779,0.9499999990096544,99.99999998360984,1.4234105678872162,1.4953971012102845,0.0,1.0,0.1875,0.1875,0.1875,0.0,0.0,0.04571205702680176,0.4488627674856988,0.36151903017592524
assured,compound,1212,96,1.0,0.0,0.0,0.9658529349083702,0.9499999990295164,99.99999948422844,1.4170610481904629,1.493228568110518,0.0016328533180902899,1.0,0.1875,0.1875,0.1875,0.0,0.0,0.04580797212744828,0.44614467477610414,0.3606614829231454
assured,compound,1313,96,1.0,0.0,0.0,0.9659170480130196,0.9499999990017374,99.99999962721012,1.4195166361843874,1.483416679175599,0.12817077066577692,1.0,0.17708333333333334,0.17708333333333334,0.17708333333333334,0.0,0.0,0.044719259910367924,0.44994960699437386,0.3619288773831779
assured,compound,1414,96,1.0,0.0,0.0,0.9659331618701049,0.949999999024761,98.48113010645241,1.4150714061729985,1.4967911745853226,0.0,1.0,0.1875,0.1875,0.1875,0.0,0.0,0.04523626850011576,0.45126291717451367,0.36252711232473805
assured,compound,1515,96,1.0,0.0,0.0,0.9659477777998268,0.9499999990239917,99.99999850339458,1.4219629946936478,1.4955931371490725,0.001418560474264537,1.0,0.19791666666666666,0.19791666666666666,0.19791666666666666,0.0,0.0,0.04630218411048659,0.4440607797734913,0.36056485756909346
assured,compound,1616,96,1.0,0.0,0.0,0.9655572756031449,0.9499999990325094,99.99999905719893,1.4316904125224283,1.497283874640961,0.017906066810798274,1.0,0.21875,0.21875,0.21875,0.0,0.0,0.05036114838826885,0.45289788936113434,0.3631966595073768
assured,compound,1717,96,1.0,0.0,0.0,0.9655024098932965,0.9499999990203858,99.99999839865528,1.4381794834962136,1.4989395073119047,0.0014332581629135249,1.0,0.20833333333333334,0.20833333333333334,0.20833333333333334,0.0,0.0,0.04625340385181904,0.4472907926798288,0.3613205865010045
assured,compound,1818,96,1.0,0.0,0.0,0.9660986303180484,0.9499999990255972,99.99999990423153,1.4115201320699662,1.5025243325020288,0.036326996574881254,1.0,0.19791666666666666,0.19791666666666666,0.19791666666666666,0.0,0.0,0.046986438809982815,0.4487316624333603,0.36182935405383104
assured,compound,1919,96,1.0,0.0,0.0,0.9659097659951673,0.949999999009264,99.99999868119174,1.4186893667008604,1.4912415078739243,0.08771513434738938,1.0,0.20833333333333334,0.20833333333333334,0.20833333333333334,0.0,0.0,0.04691414214242149,0.44578775647112295,0.36076777961497336
assured,compound,2020,96,1.0,0.0,0.0,0.9658594373768649,0.9499999990061505,99.99999870457573,1.4223595210873263,1.4986578176638117,0.020341219637292907,1.0,0.19791666666666666,0.19791666666666666,0.19791666666666666,0.0,0.0,0.04608261145776126,0.44348197871222045,0.3600367172127017
assured,extreme_compound,101,96,0.6354166666666666,0.23958333333333334,0.20833333333333334,0.9602866406314848,0.9358271823624887,122.29557208888735,1.6532069993879972,1.5675010052954086,0.003953974931737718,1.0,0.3958333333333333,0.3958333333333333,0.03125,0.0,0.3645833333333333,0.0440187023099922,0.3035368141357015,0.2867519277030424
assured,extreme_compound,202,96,0.6354166666666666,0.25,0.1875,0.9603763371161823,0.9352062982968796,119.50815098842027,1.6533577859693043,1.5778865707100969,0.00344885722924381,1.0,0.40625,0.40625,0.041666666666666664,0.0,0.3645833333333333,0.04588726343313845,0.29534168696216145,0.2851935979424726
assured,extreme_compound,303,96,0.6458333333333334,0.22916666666666666,0.1875,0.9604938690986059,0.9356880261752536,117.1152512913873,1.6447485847650878,1.5544305998022376,0.137606435287161,1.0,0.3854166666666667,0.3854166666666667,0.03125,0.0,0.3541666666666667,0.04640236977612536,0.3024795062898908,0.28666099734636186
assured,extreme_compound,404,96,0.625,0.2708333333333333,0.19791666666666666,0.9602990744999346,0.9347473084916595,115.59749138666302,1.65732169821536,1.5745932684452288,0.003873608945371748,1.0,0.4166666666666667,0.4166666666666667,0.041666666666666664,0.0,0.375,0.04750446437759794,0.2958912572035108,0.2853841690547983
assured,extreme_compound,505,96,0.65625,0.2604166666666667,0.17708333333333334,0.9603573523978062,0.9346148924602388,118.23308607426692,1.6534773940542753,1.5793811802551165,0.014023728685453945,1.0,0.3854166666666667,0.3854166666666667,0.041666666666666664,0.0,0.34375,0.0472024660360335,0.3040368887262385,0.28678858779242455
assured,extreme_compound,606,96,0.6458333333333334,0.23958333333333334,0.19791666666666666,0.9604745788914187,0.9371287293038529,118.21479339196286,1.653628851320894,1.5569396068299475,0.08921853198455719,1.0,0.3854166666666667,0.3854166666666667,0.03125,0.0,0.3541666666666667,0.04346001647001687,0.30184854974824754,0.28661527047622165
assured,extreme_compound,707,96,0.6666666666666666,0.22916666666666666,0.1875,0.9605752262443166,0.9378747251439797,114.0989915494679,1.6471941859339918,1.5612450089859016,0.10067282864261856,1.0,0.3645833333333333,0.3645833333333333,0.03125,0.0,0.3333333333333333,0.048448762280395075,0.3024504807177925,0.2866627884027755
assured,extreme_compound,808,96,0.65625,0.22916666666666666,0.17708333333333334,0.9606684671280213,0.9371309973421287,118.27536709643705,1.6332875949879948,1.5732381005018121,0.0012584271309533548,1.0,0.3958333333333333,0.3958333333333333,0.052083333333333336,0.0,0.34375,0.04706198486603085,0.30547599190655644,0.28693136026653765
assured,extreme_compound,909,96,0.625,0.2604166666666667,0.20833333333333334,0.9607324596508215,0.9331567183842621,118.86563903270384,1.6357490827525052,1.5574892066076287,0.13129069150982667,1.0,0.40625,0.40625,0.03125,0.0,0.375,0.04329662840524884,0.3019356915942388,0.28660957250977875
assured,extreme_compound,1010,96,0.65625,0.22916666666666666,0.1875,0.9606520448507121,0.9360933640453626,115.10916108775528,1.6380544831535193,1.549076244757912,0.013170214879624139,1.0,0.3958333333333333,0.3958333333333333,0.052083333333333336,0.0,0.34375,0.0448339071212697,0.30342680533755667,0.28673046598912294
assured,extreme_compound,1111,96,0.6354166666666666,0.23958333333333334,0.20833333333333334,0.9605598724505623,0.9369873813824331,121.04367539549618,1.6468349696297135,1.5648995145619913,0.0,1.0,0.3958333333333333,0.3958333333333333,0.03125,0.0,0.3645833333333333,0.04458766464896127,0.30114180474614927,0.2864233961145555
assured,extreme_compound,1212,96,0.6458333333333334,0.23958333333333334,0.19791666666666666,0.9604237959621358,0.9324244476948792,119.91609765147635,1.6438725160427243,1.567336645037904,0.0016328533180902899,1.0,0.3854166666666667,0.3854166666666667,0.03125,0.0,0.3541666666666667,0.043425049779883755,0.3034387377662265,0.28673885087242756
assured,extreme_compound,1313,96,0.6458333333333334,0.21875,0.20833333333333334,0.960543590919183,0.9347044360942567,121.92105456588402,1.6450500824704346,1.5590950841289088,0.12817077066577692,1.0,0.3854166666666667,0.3854166666666667,0.03125,0.0,0.3541666666666667,0.04176145315124644,0.3012883771929824,0.286541712353753
assured,extreme_compound,1414,96,0.6354166666666666,0.23958333333333334,0.19791666666666666,0.9606075511139346,0.9366756839565092,117.7656978800115,1.6396745003474649,1.5623258885893088,0.0,1.0,0.3854166666666667,0.3854166666666667,0.020833333333333332,0.0,0.3645833333333333,0.0463042073054706,0.30385093251187295,0.28678016345886687
assured,extreme_compound,1515,96,0.625,0.2604166666666667,0.20833333333333334,0.9604345320551881,0.9341922600744532,116.94394231181775,1.6506732195568603,1.5731109109281023,0.001418560474264537,1.0,0.40625,0.40625,0.03125,0.0,0.375,0.0415728629994514,0.30298448013423046,0.28669076559334244
assured,extreme_compound,1616,96,0.625,0.2604166666666667,0.20833333333333334,0.9602582845000006,0.938081348968715,117.0170002016036,1.6561093760047967,1.5670292852236818,0.017906066810798274,1.0,0.4270833333333333,0.4270833333333333,0.052083333333333336,0.0,0.375,0.04799901451616956,0.30327113052271976,0.2867268227285684
assured,extreme_compound,1717,96,0.6354166666666666,0.25,0.19791666666666666,0.9600674582125096,0.9350584385003804,118.4770903784723,1.6643550495519903,1.5725253054101358,0.0014332581629135249,1.0,0.40625,0.40625,0.041666666666666664,0.0,0.3645833333333333,0.04567201511807608,0.3048515059159495,0.28687386433875556
assured,extreme_compound,1818,96,0.6458333333333334,0.2604166666666667,0.19791666666666666,0.9606804855335082,0.9333355039297216,118.46347462329034,1.6385504432693427,1.5756912793306106,0.036326996574881254,1.0,0.3958333333333333,0.3958333333333333,0.041666666666666664,0.0,0.3541666666666667,0.04550206010254293,0.30339359518273984,0.2867317077675355
assured,extreme_compound,1919,96,0.6354166666666666,0.25,0.19791666666666666,0.9604776458203411,0.9333558771952969,114.26431181757049,1.6461212773148937,1.560819175302807,0.08771513434738938,1.0,0.40625,0.40625,0.041666666666666664,0.0,0.3645833333333333,0.04530639106432918,0.3020464653488755,0.28661969438854795
assured,extreme_compound,2020,96,0.65625,0.23958333333333334,0.1875,0.9603654030368037,0.9351321431343448,119.73452875564132,1.6503267082863686,1.5648381311979738,0.020341219637292907,1.0,0.3854166666666667,0.3854166666666667,0.041666666666666664,0.0,0.34375,0.04697688068253864,0.3040304412850701,0.28679371410868043
