controller,scenario,seed,step,decision,action_distance,repair_iterations,proposed_battery_mw,proposed_ev_mw,proposed_flex_load_mw,proposed_pv_curtail_mw,proposed_wind_curtail_mw,executed_battery_mw,executed_ev_mw,executed_flex_load_mw,executed_pv_curtail_mw,executed_wind_curtail_mw
assured,normal,101,19,modify,0.03301496930515554,24,0.0,0.0,0.45,0.0,0.0,0.0,0.0,0.42101991176605225,0.0,0.015815899726950872
assured,normal,101,38,modify,0.41263581432910995,24,0.0,0.0,0.45,0.0,0.0,-0.16743977069854737,-0.017308945572479847,0.07326051592826843,0.0,0.0
assured,normal,101,39,modify,0.25690997190236375,24,0.002655836682884139,-0.0009236686308538157,0.14969794192314018,0.0,0.0,-0.2370892307494226,-0.02501933582686053,0.06056638114284581,0.0,0.0
assured,normal,101,40,modify,0.3727701726143376,24,1.655725788787144e-06,0.00012272891372681197,0.16390620421240532,0.0,0.0,4.2063637428899246e-07,3.1179224023736825e-05,0.04164029571217891,0.3363111560116378,0.10441957272840183
assured,normal,101,41,modify,0.5241856965123881,24,0.0,0.0,0.0,0.0,0.0,0.0,0.0,0.0,0.5000590091109303,0.15719933789673543
assured,normal,101,42,modify,0.533355246974621,24,0.0,0.0,0.0,0.0,0.0,-0.18086165189743042,-0.01883138580648005,0.0,0.4845839765879473,0.12876579860782472
assured,normal,101,43,modify,0.8164811859299008,24,0.0,0.0,0.0,0.0,0.0,0.0,0.0,0.0,0.7846287645306561,0.22583008844835856
assured,normal,101,44,modify,0.7069520921471176,24,0.0,0.0,0.0,0.0,0.0,0.0,0.0,0.0,0.6773281293381463,0.20250398958656085
assured,normal,101,45,modify,0.8268079228148604,24,0.0,0.0,0.0,0.0,0.0,0.0,0.0,0.0,0.8025463794517026,0.1988231627813718
assured,normal,101,46,modify,0.9962351005297158,24,0.0,0.0,0.0,0.0,0.0,0.0,0.0,0.0,0.9704108476638793,0.22536007247008982
assured,normal,101,47,modify,0.8914964057436603,24,0.0,0.0,0.0,0.0,0.0,0.0,0.0,0.0,0.866767738314451,0.20851745555496404
assured,normal,101,48,modify,0.9516138093935911,24,0.0,0.0,0.0,0.0,0.0,0.0,0.0,0.0,0.9272593975067138,0.21391318791525663
assured,normal,101,49,modify,0.9285533047461628,24,0.0,0.0,0.0,0.0,0.0,0.0,0.0,0.0,0.9086888155485946,0.19103893909858372
assured,normal,101,50,modify,0.8406780909906175,24,0.0,0.0,0.0,0.0,0.0,0.0,0.0,0.0,0.8159822154117026,0.20226882311280397
assured,normal,101,51,modify,0.9105683781316934,24,0.0,0.0,0.0,0.0,0.0,0.0,0.0,0.0,0.8936948060989379,0.17448313616268077
assured,normal,101,52,modify,0.7848435825029487,24,0.0,0.0,0.0,0.0,0.0,0.0,0.0,0.0,0.7738881191287784,0.13067757293194776
assured,normal,101,53,modify,0.580576874054323,24,0.0,0.0,0.0,0.0,0.0,-0.19926748275756836,-0.024929135167119084,0.0,0.5306551934977329,0.12306738331440467
assured,normal,101,54,modify,0.5338518909044707,24,0.0,0.0,0.0,0.0,0.0,-0.18831862211227418,-0.024626606348215504,0.0,0.4866623314987426,0.10994199992719506
assured,normal,101,55,modify,0.47637221121571194,24,0.0,0.0,0.0,0.0,0.0,-0.17240418195724488,-0.023722732545780643,0.0,0.42942098748265733,0.11064415543615883
assured,normal,101,56,modify,0.34065447001897015,24,0.0001465363270392717,0.007149845272689248,0.08984619244210114,0.0,0.0,3.792635708530074e-05,0.0018505144109691582,0.02325388418122802,0.32121462520558114,0.09167334549761327
assured,normal,101,57,modify,0.47934884956342894,24,7.572018786644178e-07,0.019696236493944995,0.44999963696574935,0.0,0.0,-0.31555987109193684,-0.044867205618173624,0.09499488855915361,0.0,0.0
assured,normal,101,58,modify,0.12082054236761318,24,-0.0001973692000208302,-1.0984351665224366e-08,0.16529939091893567,0.0,0.0,-0.09253029125634156,-0.015397034699799016,0.08891112857941412,0.0,0.0
assured,normal,101,62,modify,0.1986360706121931,24,0.8,0.010778597203416918,0.45,0.0,0.0,0.6485833406448365,0.10708558670851516,0.3648281291127205,0.0,0.0
assured,normal,101,70,modify,0.14924631810412742,24,0.0,0.0,0.45,0.0,0.0,0.0742606520652771,0.03249626596534101,0.3246851496398449,0.0,0.0
assured,normal,101,71,modify,0.3497735208743013,24,0.0,0.0,0.45,0.0,0.0,0.1734816074371338,0.08088857050082954,0.1572497874498367,0.0,0.0
assured,normal,101,72,modify,0.3077007554415697,24,0.0,0.0,0.45,0.0,0.0,0.15211688280105592,0.07514476683611153,0.19330276027321813,0.0,0.0
assured,normal,101,73,modify,0.32577192981200787,24,0.0,0.0,0.45,0.0,0.0,0.2585958242416382,0.13452469799164174,0.30453984886407853,0.0,0.0
assured,normal,101,74,modify,0.24740418039573545,24,0.0,0.0,0.45,0.0,0.0,0.1948168992996216,0.10604923526765707,0.3404154941439629,0.0,0.0
assured,normal,101,75,modify,0.2874314329850149,24,0.0,0.0,0.45,0.0,0.0,0.23087613582611086,0.11156785486596772,0.32013217359781265,0.0,0.0
assured,normal,101,76,modify,0.2969382406539746,24,0.0,0.0,0.45,0.0,0.0,0.14910719394683838,0.05125962736731171,0.19838161021471024,0.0,0.0
assured,normal,101,77,modify,0.18807291176133775,24,0.0,0.0,0.45,0.0,0.0,0.09491988420486451,0.026549327927022262,0.2898226954042912,0.0,0.0
assured,normal,101,78,modify,0.26361679772508373,24,0.0,0.0,0.45,0.0,0.0,0.22463545799255372,0.05537619631072965,0.3236425548791886,0.0,0.0
assured,normal,101,79,modify,0.2763890623827238,24,0.0,0.0,0.45,0.0,0.0,0.14033174514770508,0.024880198755711028,0.21319018006324766,0.0,0.0
assured,normal,101,80,modify,0.20547595330735866,24,0.0,0.0,0.45,0.0,0.0,0.1776514530181885,0.025971813844136764,0.350071057677269,0.0,0.0
assured,normal,101,81,modify,0.27387457929798803,24,0.0,0.0,0.45,0.0,0.0,0.1393878221511841,0.01585265626611064,0.21478305011987686,0.0,0.0
assured,normal,101,82,modify,0.22929759212181627,24,0.0,0.0,0.45,0.0,0.0,0.11676270961761476,0.01096574047819071,0.2529629275202751,0.0,0.0
assured,normal,101,83,modify,0.24321411424020242,24,0.0,0.0,0.45,0.0,0.0,0.12388761043548585,0.009936724514151219,0.24093965739011763,0.0,0.0
assured,normal,101,84,modify,0.1155163277236277,24,0.0,0.0,0.45,0.0,0.0,0.05885536670684815,0.003989609144413517,0.35068156868219375,0.0,0.0
assured,normal,202,10,modify,0.029042389189978198,24,0.0,0.0,0.45,0.0,0.0,0.0,0.0,0.42444326877593996,0.0,0.01379542891697524
assured,normal,202,12,modify,0.2619012006542067,24,0.0,0.0,0.45,0.0,0.0,0.22735018730163575,0.02344548830378143,0.3221155196428299,0.0,0.0
assured,normal,202,38,modify,0.16825146416250306,24,0.0,0.0,0.45,0.0,0.0,-0.06827324628829956,-0.0070576894553221045,0.296385195851326,0.0,0.0
assured,normal,202,39,modify,0.4724511898290726,24,0.0,0.0,0.29638516118527,0.0,0.0,-0.3782958745956421,-0.039146760070530716,0.016081951765889835,0.0,0.0
assured,normal,202,40,modify,0.3266524454070965,24,0.0,0.0,0.0,0.0,0.0,0.0,0.0,0.0,0.31434002981515297,0.0888378621210848
assured,normal,202,41,modify,0.4432407119383404,24,0.0,0.0,0.0,0.0,0.0,0.0,0.0,0.0,0.4204220629456832,0.1403838228148203
assured,normal,202,42,modify,0.49480774723104304,24,0.0,0.0,0.0,0.0,0.0,-0.17227367162704468,-0.01793720194785982,0.0,0.43943223126443853,0.14742475944099642
assured,normal,202,43,modify,0.5520981462092022,24,-0.0005399646624945948,0.0005964893282017796,0.11049158441347448,0.0,0.0,-0.1869508069797299,-0.019494041315887115,0.007228646127968391,0.4890662731288798,0.14075040872809938
assured,normal,202,44,modify,0.9703758852688056,24,0.0,0.0,0.0,0.0,0.0,0.0,0.0,0.0,0.9430129766464233,0.22881408301866046
assured,normal,202,45,modify,0.9843347664233951,24,0.0,0.0,0.0,0.0,0.0,0.0,0.0,0.0,0.9416810274124146,0.28662130939847985
assured,normal,202,46,modify,0.78683987142856,24,0.0,0.0,0.0,0.0,0.0,0.0,0.0,0.0,0.7618164477650456,0.19685701202741138
assured,normal,202,47,modify,0.9131722372846938,24,0.0,0.0,0.0,0.0,0.0,0.0,0.0,0.0,0.8893187238448873,0.20735414721300874
assured,normal,202,48,modify,0.965191188427349,24,0.0,0.0,0.0,0.0,0.0,0.0,0.0,0.0,0.9420928716659546,0.20989295217799364
assured,normal,202,49,modify,0.9253045543725632,24,0.0,0.0,0.0,0.0,0.0,0.0,0.0,0.0,0.9086974382400512,0.17452072678789735
assured,normal,202,50,modify,0.9720132828004482,24,0.0,0.0,0.0,0.0,0.0,0.0,0.0,0.0,0.9474650144577026,0.21707111350700123
assured,normal,202,51,modify,0.9699019622150481,24,0.0,0.0,0.0,0.0,0.0,0.0,0.0,0.0,0.9436318159103393,0.22420707462155645
assured,normal,202,52,modify,0.8976588436088476,24,0.0,0.0,0.0,0.0,0.0,0.0,0.0,0.0,0.8729703833059957,0.20907919403842265
assured,normal,202,53,modify,0.7740306608949216,24,0.0,0.0,0.0,0.0,0.0,0.0,0.0,0.0,0.7526860781573479,0.18051906202265686
assured,normal,202,54,modify,0.7318387249491018,24,0.0,0.0,0.0,0.0,0.0,0.0,0.0,0.0,0.7180616364178793,0.14133437529491713
assured,normal,202,55,modify,0.5278021761822874,24,0.00021990264665597406,2.1262034333816687e-08,0.30103964314421644,0.0,0.0,-0.16769556653543263,-0.02307970794748361,0.048571170965514776,0.4213544139053567,0.09255801926336912
assured,normal,202,56,modify,0.3880948639697618,24,6.0938739424487635e-09,2.135668960615673e-06,0.24093538703626846,0.0,0.0,1.5390533030961314e-09,5.3937912060495e-07,0.06085002852912749,0.32366166616391473,0.11588793269582845
assured,normal,202,57,modify,0.38520357995831545,24,-4.599753416569802e-09,1.0964349984104229e-05,0.22938066274848484,0.0,0.0,-0.331163717107798,-0.05144736515753293,0.039474280931318634,0.0,0.0
assured,normal,202,58,modify,0.443647496084908,24,0.21946212423759626,0.07864377245150318,0.42993466602974834,0.0,0.0,0.02038377523617227,0.007304481294642895,0.039932592601269745,0.0,0.0
assured,normal,202,59,modify,0.2917168383749506,24,0.03510074626694604,0.011858271066411288,0.44725661150591206,0.0,0.0,-0.10002820158633519,-0.015600236275826627,0.19018675403896101,0.0,0.0
assured,normal,202,60,modify,0.26874557866080623,24,0.2478261147206102,0.11998331536614655,0.44999990363770526,0.0,0.0,0.12157910221517251,0.05886168929154769,0.2207619820165643,0.0,0.0
assured,normal,202,62,modify,0.12476755681483477,24,0.7550186640585783,0.011483452993481013,0.45,0.0,0.0,0.6707586919947015,0.08024384713468227,0.38885093182325364,0.0,0.0
assured,normal,202,70,modify,0.21645800663240322,24,0.0,0.0,0.45,0.0,0.0,0.10770324468612671,0.04713065650937218,0.2682507745921612,0.0,0.0
assured,normal,202,71,modify,0.2689415360924587,24,0.0,0.0,0.45,0.0,0.0,0.1333903431892395,0.06219537816481574,0.22490379586815834,0.0,0.0
assured,normal,202,72,modify,0.256126400599661,24,0.0,0.0,0.45,0.0,0.0,0.20503659248352052,0.10128676483066887,0.33466691672801974,0.0,0.0
assured,normal,202,73,modify,0.27075164067715435,24,0.0,0.0,0.45,0.0,0.0,0.21492104530334474,0.11180454594063419,0.3291069120168686,0.0,0.0
assured,normal,202,74,modify,0.27926961979091336,24,0.0,0.0,0.45,0.0,0.0,0.219909143447876,0.1197082828792258,0.3263011068105698,0.0,0.0
assured,normal,202,75,modify,0.2962972251420504,24,0.0,0.0,0.45,0.0,0.0,0.23663673400878907,0.11864787701117488,0.3168918371200562,0.0,0.0
assured,normal,202,76,modify,0.36985104058578067,24,0.0,0.0,0.45,0.0,0.0,0.18556861877441408,0.06552105515578827,0.13685295581817625,0.0,0.0
assured,normal,202,77,modify,0.235449457215517,24,0.0,0.0,0.45,0.0,0.0,0.19970953464508057,0.05415749256727891,0.3376633867621422,0.0,0.0
assured,normal,202,78,modify,0.3219314516759954,24,0.0,0.0,0.45,0.0,0.0,0.2762762546539307,0.05621791923977336,0.294594606757164,0.0,0.0
assured,normal,202,79,modify,0.34077055026633307,24,0.0,0.0,0.45,0.0,0.0,0.17332640886306763,0.02308916484852418,0.15751168504357338,0.0,0.0
assured,normal,202,80,modify,0.24938033912806246,24,0.0,0.0,0.45,0.0,0.0,0.12695517539978027,0.013247846934662112,0.23576314151287078,0.0,0.0
assured,normal,202,81,modify,0.20607464957242747,24,0.0,0.0,0.45,0.0,0.0,0.17908613681793215,0.015722111140770503,0.3492640480399132,0.0,0.0
assured,normal,202,82,modify,0.1823623495105816,24,0.0,0.0,0.45,0.0,0.0,0.09291272163391114,0.006330899876068984,0.29320978224277494,0.0,0.0
assured,normal,202,83,modify,0.2713360772795046,24,0.0,0.0,0.45,0.0,0.0,0.13826262950897217,0.008326799590502445,0.21668181270360945,0.0,0.0
assured,normal,202,84,modify,0.07106953300122666,24,0.0,0.0,0.45,0.0,0.0,0.03278810879353128,0.0018605841240846462,0.3869733653962612,0.0,0.0
assured,normal,202,85,modify,0.09027360167778564,24,0.0,0.0,0.45,0.0,0.0,0.040095866493255326,0.002275267936572374,0.3691515751183033,0.0,0.0
assured,normal,202,86,modify,0.034362914279078775,24,0.0,0.0,0.45,0.0,0.0,0.014516443020049546,0.0008237456936403768,0.418864743411541,0.0,0.0
assured,normal,303,8,modify,0.07242839839567347,24,0.0,0.0,0.45,0.0,0.0,0.0,0.0,0.38657613694667814,0.0,0.034975512713266536
assured,normal,303,38,modify,0.47831994854769766,24,0.0,0.0,0.45,0.0,0.0,-0.19409314393997193,-0.020064215630687176,0.01329042613506315,0.0,0.0
assured,normal,303,39,modify,0.4302136405587961,24,0.00016747892027132522,0.005614534956785402,0.18734038663989877,0.0,0.0,3.1405501940291063e-05,0.0010528327278053612,0.035129906895641494,0.3782457550611426,0.1372044733742348
assured,normal,303,40,modify,0.47633196645343934,24,0.010933504196762598,0.007417462940262009,0.3019698791830866,0.0,0.0,-0.3711566946899857,-0.03802250016196047,0.02119517958685474,0.0,0.0
assured,normal,303,41,modify,0.511112028433888,24,0.0,0.0,0.0,0.0,0.0,-0.1800349831581116,-0.018694521111314776,0.0,0.45926558596316747,0.13247092843106753
assured,normal,303,42,modify,0.48509461136451854,24,0.0,0.0,0.0,0.0,0.0,-0.1736080884933472,-0.018076141952954254,0.0,0.4370365084521101,0.11768329089834592
assured,normal,303,43,modify,0.7142214417153263,24,0.0,0.0,0.0,0.0,0.0,0.0,0.0,0.0,0.6942656387021721,0.16765288760824945
assured,normal,303,44,modify,0.9082650620149731,24,0.0,0.0,0.0,0.0,0.0,0.0,0.0,0.0,0.8823768769523199,0.21530552686109425
assured,normal,303,45,modify,0.8224065496471764,24,0.0,0.0,0.0,0.0,0.0,0.0,0.0,0.0,0.7917510174002278,0.22244743052747967
assured,normal,303,46,modify,0.960360571318814,24,0.0,0.0,0.0,0.0,0.0,0.0,0.0,0.0,0.9399199247360229,0.19708617919079963
assured,normal,303,47,modify,0.8623534760321716,24,0.0,0.0,0.0,0.0,0.0,0.0,0.0,0.0,0.8377933012423395,0.20434260940447943
assured,normal,303,48,modify,0.9427929708421315,24,0.0,0.0,0.0,0.0,0.0,0.0,0.0,0.0,0.9222240736893268,0.1958605212318075
assured,normal,303,49,modify,0.9370406024419362,24,0.0,0.0,0.0,0.0,0.0,0.0,0.0,0.0,0.9229353189468383,0.16197372523111392
assured,normal,303,50,modify,0.9918932337368352,24,0.0,0.0,0.0,0.0,0.0,0.0,0.0,0.0,0.9729604482650757,0.19287341248792955
assured,normal,303,51,modify,0.8876184623758337,24,0.0,0.0,0.0,0.0,0.0,0.0,0.0,0.0,0.8685702621297076,0.1828995202136149
assured,normal,303,52,modify,0.8178013931924204,24,0.0,0.0,0.0,0.0,0.0,0.0,0.0,0.0,0.7887840568945222,0.21591394187611598
assured,normal,303,53,modify,0.8002853283614445,24,0.0,0.0,0.0,0.0,0.0,0.0,0.0,0.0,0.7815367250770276,0.1722119454232478
assured,normal,303,54,modify,0.49754449327543404,24,0.0,0.0,0.0,0.0,0.0,-0.1765146255493164,-0.02308298642666393,0.0,0.4537781399940621,0.09972805601759656
assured,normal,303,55,modify,0.4756866982705487,24,0.0,0.0,0.0,0.0,0.0,0.0,0.0,0.0,0.4611702477360706,0.11661834124436558
assured,normal,303,56,modify,0.49909576261752286,24,0.0,0.0,0.0,0.0,0.0,-0.17882059812545778,-0.026062065847120355,0.0,0.4508173046345352,0.11490996699439672
assured,normal,303,57,modify,0.3957608023729478,24,0.0,0.0,0.0,0.0,0.0,-0.39106943607330324,-0.060756142604579864,0.0,0.0,0.0
assured,normal,303,58,modify,0.3290594023453987,24,0.10292735949098222,0.08457036976047896,0.29999574062608103,0.0,0.0,-0.12242474529804612,-0.003128666746363959,0.07682451009930097,0.0,0.0
assured,normal,303,59,modify,0.3050052165007661,24,4.000903130297754e-06,0.06455123973035382,0.24459299517353117,0.0,0.0,-0.18399104041929154,-0.027873113970933838,0.01957800521877559,0.0,0.0
assured,normal,303,61,modify,0.3228496395424074,24,0.7656833082062247,0.11729297295227283,0.44708246869855134,0.0,0.0,0.4905436081838926,0.0926062969698885,0.27998787497025535,0.0,0.0
assured,normal,303,62,modify,0.16693595768880945,24,0.8,0.03633047624516017,0.45,0.0,0.0,0.6669718980789185,0.10394602542425328,0.37517169266939165,0.0,0.0
assured,normal,303,70,modify,0.18215004209598387,24,0.0,0.0,0.45,0.0,0.0,0.09063259363174439,0.03966058452054676,0.29705749824643135,0.0,0.0
assured,normal,303,71,modify,0.12611704155566414,24,0.0,0.0,0.45,0.0,0.0,0.06255186796188354,0.02916580758237983,0.3444437228143215,0.0,0.0
assured,normal,303,72,modify,0.30774095273803076,24,0.0,0.0,0.45,0.0,0.0,0.15213675498962403,0.07515458357011881,0.19326922595500945,0.0,0.0
assured,normal,303,73,modify,0.22633985623275327,24,0.0,0.0,0.45,0.0,0.0,0.17966723442077637,0.09346508405666948,0.3489371806383133,0.0,0.0
assured,normal,303,74,modify,0.3310004823740104,24,0.0,0.0,0.45,0.0,0.0,0.26064429283142093,0.14188259864017427,0.3033875852823258,0.0,0.0
assured,normal,303,75,modify,0.33882124469644437,24,0.0,0.0,0.45,0.0,0.0,0.16596399545669557,0.09391383410362432,0.16993575766682623,0.0,0.0
assured,normal,303,76,modify,0.2570976460853596,24,0.0,0.0,0.45,0.0,0.0,0.2077401638031006,0.09637636402661387,0.3331461578607559,0.0,0.0
assured,normal,303,77,modify,0.26796350913624944,24,0.0,0.0,0.45,0.0,0.0,0.223740816116333,0.07684534789252569,0.3241457909345627,0.0,0.0
assured,normal,303,78,modify,0.2255679553917895,24,0.0,0.0,0.45,0.0,0.0,0.11409120559692383,0.028226199408799703,0.257471090555191,0.0,0.0
assured,normal,303,79,modify,0.34504441802721864,24,0.0,0.0,0.45,0.0,0.0,0.17488490343093874,0.037096158782253065,0.1548817254602909,0.0,0.0
assured,normal,303,80,modify,0.29175951748573276,24,0.0,0.0,0.45,0.0,0.0,0.14821152687072756,0.024565669344337106,0.19989304840564726,0.0,0.0
assured,normal,303,81,modify,0.2380457761686978,24,0.0,0.0,0.45,0.0,0.0,0.12106974124908448,0.016349290984904404,0.24569481164216994,0.0,0.0
assured,normal,303,82,modify,0.22847196341977183,24,0.0,0.0,0.45,0.0,0.0,0.11627726554870606,0.013325800193295897,0.2537821143865585,0.0,0.0
assured,normal,303,83,modify,0.08506920047814577,24,0.0,0.0,0.45,0.0,0.0,0.04331451654434204,0.004242501380954916,0.3769067533314228,0.0,0.0
assured,normal,303,84,modify,0.018170685267289134,24,0.0,0.0,0.45,0.0,0.0,0.009253144264221191,0.0008572416619433209,0.43438531905412675,0.0,0.0
assured,normal,303,85,modify,0.06874671126525866,24,0.0,0.0,0.45,0.0,0.0,0.03500910997390747,0.0032058447954683607,0.39092212691903117,0.0,0.0
assured,normal,404,11,modify,0.35409152471501854,24,0.0,0.0,0.45,0.0,0.0,0.18026775121688843,0.01859011194867112,0.1457981698215008,0.0,0.0
assured,normal,404,23,modify,0.03171249187778368,24,0.0,0.0,0.45,0.0,0.0,0.0,0.0,0.42233043909072876,0.0,0.015494435781486992
assured,normal,404,38,modify,0.310810786485672,24,0.0,0.0,0.45,0.0,0.0,0.0,0.0,0.139189213514328,0.0,0.0
assured,normal,404,39,modify,0.4117679404329856,24,0.0,0.0,0.45,0.0,0.0,-0.272919511795044,-0.028242218232559176,0.14296554923057558,0.0,0.0
assured,normal,404,40,modify,0.3289120063623333,24,0.0,0.0,0.0,0.0,0.0,0.0,0.0,0.0,0.30948997163514136,0.11135109063936009
assured,normal,404,41,modify,0.3639197279773758,24,0.0,0.0,0.0,0.0,0.0,0.0,0.0,0.0,0.34558210551070184,0.11406391524893984
assured,normal,404,42,modify,0.5178379079373668,24,0.0,0.0,0.0,0.0,0.0,-0.17419060468673708,-0.01813679376643248,0.0,0.4564972711018876,0.170572654092681
assured,normal,404,43,modify,0.8148645236455955,24,0.0,0.0,0.0,0.0,0.0,0.0,0.0,0.0,0.7808491138187537,0.232978225043952
assured,normal,404,44,modify,0.8324670664270384,24,0.0,0.0,0.0,0.0,0.0,0.0,0.0,0.0,0.8008928292507587,0.22709489809406624
assured,normal,404,45,modify,0.9120578253443175,24,0.0,0.0,0.0,0.0,0.0,0.0,0.0,0.0,0.8838537397237154,0.22506008875011185
assured,normal,404,46,modify,0.9470362659929032,24,0.0,0.0,0.0,0.0,0.0,0.0,0.0,0.0,0.9278749465942382,0.1895409522729075
assured,normal,404,47,modify,0.9423704439137938,24,0.0,0.0,0.0,0.0,0.0,0.0,0.0,0.0,0.9240606307983398,0.18486212205548003
assured,normal,404,48,modify,0.9419593911706128,24,0.0,0.0,0.0,0.0,0.0,0.0,0.0,0.0,0.9150476416744551,0.22355157812131324
assured,normal,404,49,modify,0.9126504628337867,24,0.0,0.0,0.0,0.0,0.0,0.0,0.0,0.0,0.8869417953376487,0.2150932797507945
assured,normal,404,50,modify,0.8526926502980356,24,0.0,0.0,0.0,0.0,0.0,0.0,0.0,0.0,0.8169084950003583,0.24442844897543659
assured,normal,404,51,modify,0.8159282870229961,24,0.0,0.0,0.0,0.0,0.0,0.0,0.0,0.0,0.8008731965797097,0.1560163214682309
assured,normal,404,52,modify,0.9404530206858359,24,0.0,0.0,0.0,0.0,0.0,0.0,0.0,0.0,0.9187494277954101,0.20087651192391756
assured,normal,404,53,modify,0.7734338245444938,24,0.0,0.0,0.0,0.0,0.0,0.0,0.0,0.0,0.7596915407886188,0.1451504178558823
assured,normal,404,54,modify,0.5206082846451946,24,0.0,0.0,0.0,0.0,0.0,-0.1854689121246338,-0.02425394704726566,0.0,0.476776193028653,0.09343701884290796
assured,normal,404,55,modify,0.5017077628050417,24,0.0,0.0,0.0,0.0,0.0,-0.1774053692817688,-0.024410893517075708,0.0,0.4549131113917095,0.11267734275554862
assured,normal,404,56,modify,0.3362868397107522,24,0.0,0.0,0.0,0.0,0.0,0.0,0.0,0.0,0.3264060148935388,0.08091941673025112
assured,normal,404,57,modify,0.394811886266102,24,-2.54094621079817e-06,5.212788742389522e-07,0.22200197116792156,0.0,0.0,-0.3420687302389616,-0.053143311021415014,0.032152344441472275,0.0,0.0
assured,normal,404,58,modify,0.510350416997431,24,1.4906457367855221e-06,-2.820596052057706e-06,0.32255167757398595,0.0,0.0,-0.39397785803578833,-0.06563321358685936,0.004856111886006764,0.0,0.0
assured,normal,404,70,modify,0.2124360165720317,24,0.0,0.0,0.45,0.0,0.0,0.10570201873779297,0.04625492529957039,0.27162784337997437,0.0,0.0
assured,normal,404,71,modify,0.19190109191983415,24,0.0,0.0,0.45,0.0,0.0,0.09517961740493774,0.04437901692541804,0.28938439562916757,0.0,0.0
assured,normal,404,72,modify,0.28763159979685055,24,0.0,0.0,0.45,0.0,0.0,0.2302574157714844,0.1137456901681506,0.32048020362854,0.0,0.0
assured,normal,404,73,modify,0.2762614997982914,24,0.0,0.0,0.45,0.0,0.0,0.21929473876953126,0.11407979456219342,0.3266467094421387,0.0,0.0
assured,normal,404,74,modify,0.3526806804019147,24,0.0,0.0,0.45,0.0,0.0,0.2777162313461304,0.1511757658681208,0.2937846198678017,0.0,0.0
assured,normal,404,75,modify,0.3000510721513314,24,0.0,0.0,0.45,0.0,0.0,0.23558490276336672,0.1302680876057778,0.31748349219560623,0.0,0.0
assured,normal,404,76,modify,0.29411691972078374,24,0.0,0.0,0.45,0.0,0.0,0.24269909858703614,0.09468199063974583,0.3134817570447922,0.0,0.0
assured,normal,404,77,modify,0.22775461863406313,24,0.0,0.0,0.45,0.0,0.0,0.19316058158874513,0.052494944357844776,0.34134717285633087,0.0,0.0
assured,normal,404,78,modify,0.20933447273322867,24,0.0,0.0,0.45,0.0,0.0,0.17957520484924316,0.037019380123026996,0.34898894727230073,0.0,0.0
assured,normal,404,79,modify,0.22527359450727286,24,0.0,0.0,0.45,0.0,0.0,0.19446411132812502,0.03109004811238312,0.34061393737792967,0.0,0.0
assured,normal,404,80,modify,0.2146846066195847,24,0.0,0.0,0.45,0.0,0.0,0.10923904180526733,0.013219338203955398,0.2656591169536114,0.0,0.0
assured,normal,404,81,modify,0.2110614618609829,24,0.0,0.0,0.45,0.0,0.0,0.1831978797912598,0.019142121614634133,0.34695119261741636,0.0,0.0
assured,normal,404,82,modify,0.1732563751863718,24,0.0,0.0,0.45,0.0,0.0,0.08825211524963379,0.007109689304152875,0.30107455551624296,0.0,0.0
assured,normal,404,83,modify,0.16724247877950188,24,0.0,0.0,0.45,0.0,0.0,0.08520375490188599,0.006106894697271918,0.3062186636030674,0.0,0.0
assured,normal,404,84,modify,0.017803004625211526,24,0.0,0.0,0.45,0.0,0.0,0.008662907059857351,0.0005898159700925171,0.4344580203294754,0.0,0.0
assured,normal,404,85,modify,0.15985572067743622,24,0.0,0.0,0.45,0.0,0.0,0.07710018257260313,0.005249383222532102,0.31006481051445006,0.0,0.0
assured,normal,404,86,modify,0.002493865841623979,24,0.0,0.0,0.45,0.0,0.0,0.0011037911441929816,7.515186761133657e-05,0.44776496887207035,0.0,0.0
assured,normal,505,8,modify,0.08256257225861774,24,0.0,0.0,0.45,0.0,0.0,0.0,0.0,0.3779938995838165,0.0,0.04039430455910801
assured,normal,505,16,modify,0.032716168086211854,24,0.0,0.0,0.45,0.0,0.0,0.0,0.0,0.42129741311073304,0.0,0.01570061018270777
assured,normal,505,38,modify,0.3683242805099971,24,0.0,0.0,0.45,0.0,0.0,-0.1494589924812317,-0.015450197736073212,0.11371726691722872,0.0,0.0
assured,normal,505,39,modify,0.4920328764104248,24,0.022355432933907744,0.003353222374953887,0.348977593724062,0.0,0.0,-0.35569116306049353,-0.03669849399582113,0.03661084974910339,0.0,0.0
assured,normal,505,40,modify,0.3408223083542574,24,0.0,0.0,0.0,0.0,0.0,0.0,0.0,0.0,0.31979429866981407,0.11786200579578758
assured,normal,505,41,modify,0.5104775158236621,24,0.0,0.0,0.0,0.0,0.0,0.0,0.0,0.0,0.4742582918098599,0.18885541244849427
assured,normal,505,42,modify,0.5243909007165439,24,0.0,0.0,0.0,0.0,0.0,-0.17978469133377076,-0.018719252252131332,0.0,0.47377052871475855,0.13362019769775912
assured,normal,505,43,modify,0.7937082305800192,24,0.0,0.0,0.0,0.0,0.0,0.0,0.0,0.0,0.7686169757370402,0.19799166623701828
assured,normal,505,44,modify,0.7141965006406188,24,0.0,0.0,0.0,0.0,0.0,0.0,0.0,0.0,0.6921959406927544,0.1759017373870374
assured,normal,505,45,modify,0.9198575744421685,24,0.0,0.0,0.0,0.0,0.0,0.0,0.0,0.0,0.8914730791210169,0.22674590726432722
assured,normal,505,46,modify,0.9660291323795109,24,0.0,0.0,0.0,0.0,0.0,0.0,0.0,0.0,0.9368989706039428,0.23544129520367324
assured,normal,505,47,modify,0.8843720615380773,24,0.0,0.0,0.0,0.0,0.0,0.0,0.0,0.0,0.8641837422909592,0.1878840141925385
assured,normal,505,48,modify,1.0077905631939623,24,0.0,0.0,0.0,0.0,0.0,0.0,0.0,0.0,0.9740954160690307,0.25841814885202186
assured,normal,505,49,modify,0.8846479931130707,24,0.0,0.0,0.0,0.0,0.0,0.0,0.0,0.0,0.8711562710871903,0.15391173790340196
assured,normal,505,50,modify,0.8785583944958213,24,0.0,0.0,0.0,0.0,0.0,0.0,0.0,0.0,0.853306883240907,0.20912248935196917
assured,normal,505,51,modify,0.8896454192033246,24,0.0,0.0,0.0,0.0,0.0,0.0,0.0,0.0,0.8677840786182761,0.19600960386187433
assured,normal,505,52,modify,0.934112198001895,24,0.0,0.0,0.0,0.0,0.0,0.0,0.0,0.0,0.9086524163912084,0.2166019035981666
assured,normal,505,53,modify,0.7140591027887936,24,0.0,0.0,0.0,0.0,0.0,0.0,0.0,0.0,0.6983905790195039,0.14876491996549146
assured,normal,505,54,modify,0.5419990696309059,24,0.0,0.0,0.0,0.0,0.0,-0.1881020188331604,-0.024598280930215752,0.0,0.49514376038079777,0.11228625527150832
assured,normal,505,55,modify,0.4368787830668226,24,0.0,0.0,0.0,0.0,0.0,-0.16008974313735963,-0.02202827168491844,0.0,0.39401461264190785,0.0974760765900268
assured,normal,505,56,modify,0.4604572077243436,24,9.35555471068725e-05,0.00634380890544124,0.11584208518763922,0.0,0.0,9.167399903104082e-06,0.0006216225006799277,0.011351232004569473,0.432221146521217,0.11939276237548051
assured,normal,505,57,modify,0.40512623436520623,24,0.021481668061243686,0.05543090885461788,0.23044801758155647,0.0,0.0,0.004788498834201137,0.012356156033707932,0.05136938436937,0.35056582398264086,0.08383087571852078
assured,normal,505,58,modify,0.34737652765462984,24,-0.0004455055549055757,9.413326715823529e-10,0.08729365662684976,0.0,0.0,-0.33539998844438285,-0.05586262160795009,0.014113647337788846,0.0,0.0
assured,normal,505,59,modify,0.08236715456756638,24,0.0,0.0,0.0,0.0,0.0,-0.0810703992843628,-0.014558108099315584,0.0,0.0,0.0
assured,normal,505,62,modify,0.01303357834779844,24,0.8,0.015085261820248306,0.45,0.0,0.0,0.7899860858917237,0.021238874767681333,0.44436717331409453,0.0,0.0
assured,normal,505,70,modify,0.00834990292688378,24,0.0,0.0,0.45,0.0,0.0,0.004154670238494873,0.0018180727655035625,0.44298899397253994,0.0,0.0
assured,normal,505,71,modify,0.30373417462568025,24,0.0,0.0,0.45,0.0,0.0,0.15064688920974734,0.07024151838683602,0.19578337445855137,0.0,0.0
assured,normal,505,72,modify,0.3175084336241949,24,0.0,0.0,0.45,0.0,0.0,0.2541746854782105,0.1255606683768406,0.30702673941850667,0.0,0.0
assured,normal,505,73,modify,0.24635256946481268,24,0.0,0.0,0.45,0.0,0.0,0.19555320739746096,0.10172916072248199,0.3400013208389282,0.0,0.0
assured,normal,505,74,modify,0.3231634151652848,24,0.0,0.0,0.45,0.0,0.0,0.25447304248809816,0.13852325773131344,0.3068589136004448,0.0,0.0
assured,normal,505,75,modify,0.3444685238272657,24,0.0,0.0,0.45,0.0,0.0,0.2692628622055054,0.15236743187490367,0.29853964000940325,0.0,0.0
assured,normal,505,76,modify,0.3435582060110983,24,0.0,0.0,0.45,0.0,0.0,0.28316535949707033,0.1117109561767073,0.2907194852828979,0.0,0.0
assured,normal,505,77,modify,0.21974391516285588,24,0.0,0.0,0.45,0.0,0.0,0.11109213829040528,0.028313958999120113,0.2625320166349411,0.0,0.0
assured,normal,505,78,modify,0.2505872812670837,24,0.0,0.0,0.45,0.0,0.0,0.2145162105560303,0.04708131053069059,0.32933463156223297,0.0,0.0
assured,normal,505,79,modify,0.299832201957634,24,0.0,0.0,0.45,0.0,0.0,0.15234525203704835,0.02447046591342369,0.19291738718748092,0.0,0.0
assured,normal,505,80,modify,0.3122866987849482,24,0.0,0.0,0.45,0.0,0.0,0.15885581970214846,0.020657131362188916,0.18193080425262448,0.0,0.0
assured,normal,505,81,modify,0.1826348625374506,24,0.0,0.0,0.45,0.0,0.0,0.09297655820846558,0.009689604802595599,0.2931020580232143,0.0,0.0
assured,normal,505,82,modify,0.2433340751735349,24,0.0,0.0,0.45,0.0,0.0,0.2114039659500122,0.019471058234704307,0.33108526915311814,0.0,0.0
assured,normal,505,83,modify,0.09352150550050552,24,0.0,0.0,0.45,0.0,0.0,0.04764906167984009,0.0032289262268555712,0.36959220841526985,0.0,0.0
assured,normal,505,84,modify,0.1354351584294836,24,0.0,0.0,0.45,0.0,0.0,0.06847847828765709,0.004409619174057022,0.3332355558872223,0.0,0.0
assured,normal,505,85,modify,0.10993739561465897,24,0.0,0.0,0.45,0.0,0.0,0.05189289633386497,0.0033416033240389505,0.35313828438520434,0.0,0.0
assured,normal,606,5,modify,0.04285377647487452,24,0.0,0.04349999998865626,0.45,0.0,0.0,0.0,0.039883538951009864,0.41258833408355716,0.0,0.020584815303474613
assured,normal,606,38,modify,0.31388950027632695,24,0.0,0.0,0.45,0.0,0.0,-0.1273703932762146,-0.013166807357449864,0.16341661512851713,0.0,0.0
assured,normal,606,39,modify,0.36152226980625285,24,0.08979802631541439,0.008292065356115026,0.4309239624407562,0.0,0.0,0.03825368080099654,0.0035323941330253506,0.18357227196517628,0.23987598790929265,0.09641332472546149
assured,normal,606,40,modify,0.3118850774831647,24,0.0,0.0,0.0,0.0,0.0,0.0,0.0,0.0,0.29672647178132805,0.09605052056540028
assured,normal,606,41,modify,0.4862231714012274,24,0.0,0.0,0.0,0.0,0.0,-0.16810349225997925,-0.017455575743187606,0.0,0.4292717591277513,0.15354233288675193
assured,normal,606,42,modify,0.5521110471382624,24,0.0,0.0,0.0,0.0,0.0,-0.1889336109161377,-0.019671841330913598,0.0,0.49553397692083195,0.15228196023815113
assured,normal,606,43,modify,0.5603303953885796,24,0.0,0.0,0.0,0.0,0.0,-0.18996899127960207,-0.019852163502515365,0.0,0.5083422354469248,0.13811588472592518
assured,normal,606,44,modify,0.5387537968912024,24,0.0,0.0,0.0,0.0,0.0,-0.18734089136123658,-0.019673385892108194,0.0,0.4842152836308807,0.1425046001870477
assured,normal,606,45,modify,0.786505787377497,24,0.0,0.0,0.0,0.0,0.0,0.0,0.0,0.0,0.7642530692435028,0.1857649044630937
assured,normal,606,46,modify,0.9782177809502665,24,0.0,0.0,0.0,0.0,0.0,0.0,0.0,0.0,0.9500422954559326,0.2330872450652031
assured,normal,606,47,modify,0.9390834701249425,24,0.0,0.0,0.0,0.0,0.0,0.0,0.0,0.0,0.9223692655563354,0.17638792991293462
assured,normal,606,48,modify,0.9431520692215378,24,0.0,0.0,0.0,0.0,0.0,0.0,0.0,0.0,0.9151181459426879,0.2282424251608055
assured,normal,606,49,modify,0.9602610837772186,24,0.0,0.0,0.0,0.0,0.0,0.0,0.0,0.0,0.9355127334594726,0.21660395784053488
assured,normal,606,50,modify,0.5724437486136679,24,0.0,0.0,0.0,0.0,0.0,-0.19776278734207153,-0.02246784007751113,0.0,0.5225393389737957,0.12259510861630166
assured,normal,606,51,modify,0.9636813580588519,24,0.0,0.0,0.0,0.0,0.0,0.0,0.0,0.0,0.937980321213531,0.22107617892100975
assured,normal,606,52,modify,0.8818418756147189,24,0.0,0.0,0.0,0.0,0.0,0.0,0.0,0.0,0.8623875349846507,0.18420866725206875
assured,normal,606,53,modify,0.8938103828625198,24,0.0,0.0,0.0,0.0,0.0,0.0,0.0,0.0,0.8715428647533211,0.19826758537496372
assured,normal,606,54,modify,0.49467365947619035,24,0.0,0.0,0.0,0.0,0.0,-0.17419292926788332,-0.022779375983141878,0.0,0.4448010328001119,0.12645945604189732
assured,normal,606,55,modify,0.4602006108684081,24,0.0,0.0,0.0,0.0,0.0,-0.16794022321701052,-0.02310849396938554,0.0,0.41611483225816204,0.09947425571827713
assured,normal,606,56,modify,0.42144659741314666,24,0.0,0.0,0.0,0.0,0.0,-0.1577188014984131,-0.022986601281227675,0.0,0.38380148280565163,0.07007176380500252
assured,normal,606,57,modify,0.32878772030942377,24,0.0,0.0,0.0,0.0,0.0,-0.32489025592803955,-0.050474613711060934,0.0,0.0,0.0
assured,normal,606,58,modify,0.31695198809523406,24,0.0196530303968137,0.06825504544449244,0.2524114909641301,0.0,0.0,-0.1794417255946006,-0.02381152284365952,0.02362428000625416,0.0,0.0
assured,normal,606,59,modify,0.16513406552468227,24,-3.606959837842844e-08,0.05106229291791483,0.21509567837015808,0.0,0.0,-0.10781848901015989,0.0041736434112415385,0.09913924107729226,0.0,0.0
assured,normal,606,70,modify,0.16692520152040966,24,0.0,0.0,0.45,0.0,0.0,0.08305715322494507,0.036345591729377236,0.3098410539329052,0.0,0.0
assured,normal,606,71,modify,0.21920775051487298,24,0.0,0.0,0.45,0.0,0.0,0.10872324705123902,0.050693950581304076,0.2665295206010342,0.0,0.0
assured,normal,606,72,modify,0.3280896585356281,24,0.0,0.0,0.45,0.0,0.0,0.1621964693069458,0.08012401807925004,0.17629345804452895,0.0,0.0
assured,normal,606,73,modify,0.29610592513824235,24,0.0,0.0,0.45,0.0,0.0,0.23504712581634524,0.12227437819993991,0.3177859917283058,0.0,0.0
assured,normal,606,74,modify,0.27602077982494716,24,0.0,0.0,0.45,0.0,0.0,0.2173508644104004,0.11831567506901572,0.32774013876914976,0.0,0.0
assured,normal,606,75,modify,0.27182962730675797,24,0.0,0.0,0.45,0.0,0.0,0.21248276233673097,0.12023734929410274,0.33047844618558886,0.0,0.0
assured,normal,606,76,modify,0.24842477472004523,24,0.0,0.0,0.45,0.0,0.0,0.1997447729110718,0.09587974737594299,0.33764356523752215,0.0,0.0
assured,normal,606,77,modify,0.39279339986711276,24,0.0,0.0,0.45,0.0,0.0,0.1969545602798462,0.0709354719386368,0.11763917952775954,0.0,0.0
assured,normal,606,78,modify,0.31863590245896195,24,0.0,0.0,0.45,0.0,0.0,0.1609074354171753,0.04368512524973846,0.17846870273351667,0.0,0.0
assured,normal,606,79,modify,0.22834095780093222,24,0.0,0.0,0.45,0.0,0.0,0.19555318355560303,0.04241272148695065,0.3400013342499733,0.0,0.0
assured,normal,606,80,modify,0.27083689058549115,24,0.0,0.0,0.45,0.0,0.0,0.13759398460388184,0.022547521268523687,0.21781015098094939,0.0,0.0
assured,normal,606,81,modify,0.3358036617707868,24,0.0,0.0,0.45,0.0,0.0,0.17078540325164795,0.023173113448755077,0.16179963201284409,0.0,0.0
assured,normal,606,82,modify,0.1401475549232985,24,0.0,0.0,0.45,0.0,0.0,0.07134205102920532,0.00761356449676703,0.32961028888821603,0.0,0.0
assured,normal,606,83,modify,0.19961452628951734,24,0.0,0.0,0.45,0.0,0.0,0.1016392469406128,0.009879559905824134,0.2784837707877159,0.0,0.0
assured,normal,606,85,modify,0.0544890339469169,24,0.0,0.0,0.45,0.0,0.0,0.027752685546875003,0.0023548921005217462,0.4031673431396484,0.0,0.0
assured,normal,707,37,modify,0.39643558859825134,24,0.0,0.0,0.45,0.0,0.0,0.0,0.0,0.05356441140174867,0.0,0.0
assured,normal,707,38,modify,0.46407353217360703,24,0.0,0.0,0.4469795648115653,0.0,0.0,-0.18937116861343384,-0.019576085399854573,0.02375435213811422,0.0,0.0
assured,normal,707,39,modify,0.31804692720374733,24,0.0,0.0,0.0,0.0,0.0,0.0,0.0,0.0,0.3015297390759524,0.10116157549452187
assured,normal,707,40,modify,0.43150647846595125,24,0.0,0.0,0.0,0.0,0.0,0.0,0.0,0.0,0.40902608368267673,0.13746091744673594
assured,normal,707,41,modify,0.4838375797516558,24,0.0,0.0,0.0,0.0,0.0,-0.16805864572525026,-0.017450918956625608,0.0,0.43134447821419486,0.1396155497021302
assured,normal,707,42,modify,0.5379026231672837,24,0.0,0.0,0.0,0.0,0.0,-0.18352427482604983,-0.01910861914533315,0.0,0.4826910796818316,0.1493393947683048
assured,normal,707,43,modify,0.8244297791087724,24,0.0,0.0,0.0,0.0,0.0,0.0,0.0,0.0,0.7940035504662868,0.22190723856663638
assured,normal,707,44,modify,0.8014070830695124,24,0.0,0.0,0.0,0.0,0.0,0.0,0.0,0.0,0.7759124516440227,0.20053224223986124
assured,normal,707,45,modify,0.849988023485595,24,0.0,0.0,0.0,0.0,0.0,0.0,0.0,0.0,0.8143478080437321,0.2435514064901231
assured,normal,707,46,modify,0.9667732517129142,24,0.0,0.0,0.0,0.0,0.0,0.0,0.0,0.0,0.9425170438786051,0.21520256091853857
assured,normal,707,47,modify,0.7928946110705076,24,0.0,0.0,0.0,0.0,0.0,0.0,0.0,0.0,0.766479553790784,0.20295555642882082
assured,normal,707,48,modify,0.8684543754158419,24,0.0,0.0,0.0,0.0,0.0,0.0,0.0,0.0,0.8470587556384067,0.19158409817945257
assured,normal,707,49,modify,1.0094914394252648,24,0.0,0.0,0.0,0.0,0.0,0.0,0.0,0.0,0.9856107737787997,0.21827590083206314
assured,normal,707,50,modify,0.961031315821473,24,0.0,0.0,0.0,0.0,0.0,0.0,0.0,0.0,0.9391684055328369,0.20382319798899434
assured,normal,707,51,modify,0.9603155716872777,24,0.0,0.0,0.0,0.0,0.0,0.0,0.0,0.0,0.9344323396682739,0.22145473534593607
assured,normal,707,52,modify,0.58597545497922,24,-8.509010253077844e-08,0.0006424817157323448,0.10191312131050692,0.0,0.0,-0.19570915881559264,-0.023558968387830222,0.0021864660209862247,0.5307466429910727,0.11332288952798227
assured,normal,707,53,modify,0.7629695697947679,24,0.0,0.0,0.0,0.0,0.0,0.0,0.0,0.0,0.7441144467125094,0.1685712152965306
assured,normal,707,54,modify,0.7642292005215859,24,0.0,0.0,0.0,0.0,0.0,0.0,0.0,0.0,0.7524782322992851,0.13350198817098377
assured,normal,707,55,modify,0.5955964563151099,24,0.12530220446299775,0.04495355706556896,0.31496252148879506,0.0,0.0,-0.1563750095558992,-0.01780077499318919,0.042238376505565556,0.4327533023857279,0.09900050354892907
assured,normal,707,56,modify,0.34998975016153305,24,2.3502734290213045e-09,6.981397076539522e-07,0.06109204037040805,0.0,0.0,-0.34244189228570815,-0.049908820817032525,0.008790855548662248,0.0,0.0
assured,normal,707,57,modify,0.38177507193744387,24,0.00044188403786789163,0.014226196983435678,0.09382020515455197,0.0,0.0,-0.36502041847968697,-0.05547249778255729,0.008195425217172841,0.0,0.0
assured,normal,707,58,modify,0.31699370795551857,24,0.002525283614108019,0.07053585000808744,0.2261828981073975,0.0,0.0,-0.19755017214073053,-0.032061940367850525,0.002735999946207268,0.0,0.0
assured,normal,707,59,modify,0.37358786748659095,24,0.0814477502338509,0.05127370268713302,0.4499999703360205,0.0,0.0,-0.11403360697678527,-0.009283588769264578,0.1374495773307785,0.0,0.0
assured,normal,707,71,modify,0.29984957061122935,24,0.0,0.0,0.45,0.0,0.0,0.14872019290924074,0.06934316546147654,0.19903467446565626,0.0,0.0
assured,normal,707,72,modify,0.2905642163275823,24,0.0,0.0,0.45,0.0,0.0,0.1436451554298401,0.07095978771816777,0.20759880021214486,0.0,0.0
assured,normal,707,73,modify,0.2742110486438275,24,0.0,0.0,0.45,0.0,0.0,0.2176671028137207,0.11323307851007669,0.3275622546672821,0.0,0.0
assured,normal,707,74,modify,0.27875568892678865,24,0.0,0.0,0.45,0.0,0.0,0.219504451751709,0.11948798759143521,0.3265287458896637,0.0,0.0
assured,normal,707,75,modify,0.23715448456078297,24,0.0,0.0,0.45,0.0,0.0,0.18537802696228028,0.10489962731184913,0.34572485983371737,0.0,0.0
assured,normal,707,76,modify,0.2805620371148193,24,0.0,0.0,0.45,0.0,0.0,0.22105784416198732,0.11994497860730893,0.32565496265888216,0.0,0.0
assured,normal,707,77,modify,0.22090116262715642,24,0.0,0.0,0.45,0.0,0.0,0.18215956687927248,0.07152754397087645,0.3475352436304092,0.0,0.0
assured,normal,707,78,modify,0.23378137410019462,24,0.0,0.0,0.45,0.0,0.0,0.19699335098266602,0.05973917699524869,0.3391912400722504,0.0,0.0
assured,normal,707,79,modify,0.2575741607630855,24,0.0,0.0,0.45,0.0,0.0,0.13042932748794556,0.029813642276034093,0.22990050986409186,0.0,0.0
assured,normal,707,80,modify,0.1209759034673906,24,0.0,0.0,0.45,0.0,0.0,0.061382544040679936,0.011743325571750606,0.3464169569313526,0.0,0.0
assured,normal,707,81,modify,0.16258602490063534,24,0.0,0.0,0.45,0.0,0.0,0.08255271911621094,0.01458166713768187,0.310692286491394,0.0,0.0
assured,normal,707,82,modify,0.1190273116207578,24,0.0,0.0,0.45,0.0,0.0,0.06048350334167481,0.009581041980594803,0.34793408811092374,0.0,0.0
assured,normal,707,83,modify,0.24969041429927352,24,0.0,0.0,0.45,0.0,0.0,0.12693955898284912,0.01858791462577053,0.2357894942164421,0.0,0.0
assured,normal,707,85,modify,0.02039212673515632,24,0.0,0.0,0.45,0.0,0.0,0.010375511646270753,0.0012782249338891096,0.4324913240969181,0.0,0.0
assured,normal,808,12,modify,0.01062629535430958,24,0.0,0.0,0.45,0.0,0.0,0.0,0.0,0.44064158499240874,0.0,0.005033708523813419
assured,normal,808,37,modify,0.2246466510541465,24,0.0,0.0,0.45,0.0,0.0,-0.09115746021270753,-0.009416334516592954,0.2448957145214081,0.0,0.0
assured,normal,808,38,modify,0.3189811064274354,24,-4.103381758937261e-09,1.1806245804816244e-05,0.24488281972672613,0.0,0.0,-0.2709962619663844,-0.028010203062581934,0.0789769986225812,0.0,0.0
assured,normal,808,39,modify,0.3269326670867122,24,0.0,0.0,0.0,0.0,0.0,-0.325196123123169,-0.0336518991156773,0.0,0.0,0.0
assured,normal,808,40,modify,0.284026434796798,24,-1.1790936142205684e-07,9.88574393914768e-06,0.007619840082856312,0.0,0.0,-0.2824621547031933,-0.029269125982508363,0.002239049622125209,0.0,0.0
assured,normal,808,41,modify,0.3875084809983248,24,0.0,0.0,0.0,0.0,0.0,0.0,0.0,0.0,0.3626069208929993,0.1366712982528783
assured,normal,808,42,modify,0.5054010800868186,24,0.0,0.0,0.0,0.0,0.0,-0.17748179435729983,-0.018479473719857975,0.0,0.45083003095011187,0.1426227775258716
assured,normal,808,43,modify,0.7649574490681541,24,0.0,0.0,0.0,0.0,0.0,0.0,0.0,0.0,0.7359573078817186,0.20863063020647482
assured,normal,808,44,modify,0.7673997105731476,24,0.0,0.0,0.0,0.0,0.0,0.0,0.0,0.0,0.7474215919211716,0.173963443624723
assured,normal,808,45,modify,0.5790054714417674,24,0.0,0.0,0.0,0.0,0.0,-0.1937364459037781,-0.020476655924917,0.0,0.5273653484282244,0.13849195401677974
assured,normal,808,46,modify,0.8456973774648429,24,0.0,0.0,0.0,0.0,0.0,0.0,0.0,0.0,0.8137547555133048,0.23023303874638504
assured,normal,808,47,modify,0.9715805039650058,24,0.0,0.0,0.0,0.0,0.0,0.0,0.0,0.0,0.9447306632995605,0.2268317647651386
assured,normal,808,48,modify,0.9636045569905201,24,0.0,0.0,0.0,0.0,0.0,0.0,0.0,0.0,0.9377135753631591,0.22187156832847524
assured,normal,808,49,modify,0.9817065750248859,24,0.0,0.0,0.0,0.0,0.0,0.0,0.0,0.0,0.9581301212310791,0.2138561905505887
assured,normal,808,50,modify,0.909050924400821,24,0.0,0.0,0.0,0.0,0.0,0.0,0.0,0.0,0.8925804194274153,0.17226078488375313
assured,normal,808,51,modify,0.919180258462248,24,0.0,0.0,0.0,0.0,0.0,0.0,0.0,0.0,0.9008518811507302,0.18264237124477875
assured,normal,808,52,modify,0.9485267928266864,24,0.0,0.0,0.0,0.0,0.0,0.0,0.0,0.0,0.9302062511444091,0.1855246804119174
assured,normal,808,53,modify,1.0107713125724562,24,0.0,0.0,0.0,0.0,0.0,0.0,0.0,0.0,0.9914287090301513,0.19679370221186898
assured,normal,808,54,modify,0.5460083917992485,24,0.0,0.0,0.0,0.0,0.0,-0.1904838800430298,-0.02490975919897967,0.0,0.4946932606278513,0.12844896708416131
assured,normal,808,55,modify,0.5587538570595412,24,0.0,0.0,0.0,0.0,0.0,-0.1965920329093933,-0.027050969207332867,0.0,0.5114845347162716,0.10587379839454716
assured,normal,808,56,modify,0.36525395090466745,24,0.0,0.0,0.0,0.0,0.0,0.0,0.0,0.0,0.3562452673426896,0.08062107756291065
assured,normal,808,57,modify,0.3341671061004593,24,-4.449707509411176e-09,2.7788571424823712e-06,0.12720313591596946,0.0,0.0,-1.265632018419186e-09,7.90391405884549e-07,0.03618043687547508,0.3144033785718257,0.06732784414791873
assured,normal,808,58,modify,0.26192134005538403,24,3.706831060588933e-06,0.0021832451145181726,0.09078090500403681,0.0,0.0,-0.2519011839888629,-0.0411563675273367,0.0336110498925841,0.0,0.0
assured,normal,808,60,modify,0.24064571690027342,24,0.303946781363828,0.13114167109041358,0.3878217479728095,0.0,0.0,0.1604971429542941,0.0692485159336778,0.2047867795996466,0.0,0.0
assured,normal,808,62,modify,0.09729603882886909,24,0.8,0.03187903799130554,0.45,0.0,0.0,0.7230296254158021,0.07271469910855627,0.40670416429638867,0.0,0.0
assured,normal,808,70,modify,0.1136988019862129,24,0.0,0.0,0.45,0.0,0.0,0.056573235988616945,0.024756299225464365,0.35453266426920893,0.0,0.0
assured,normal,808,71,modify,0.2317343684718689,24,0.0,0.0,0.45,0.0,0.0,0.1149362325668335,0.0535908543183813,0.2560451075434685,0.0,0.0
assured,normal,808,72,modify,0.31297197860077053,24,0.0,0.0,0.45,0.0,0.0,0.154722797870636,0.07643207220743187,0.18890527859330175,0.0,0.0
assured,normal,808,73,modify,0.2426634814140857,24,0.0,0.0,0.45,0.0,0.0,0.19262483119964602,0.10020578375082269,0.3416485324501991,0.0,0.0
assured,normal,808,74,modify,0.2748707482465301,24,0.0,0.0,0.45,0.0,0.0,0.21644527912139894,0.11782271666698026,0.3282495304942131,0.0,0.0
assured,normal,808,75,modify,0.3447615143999264,24,0.0,0.0,0.45,0.0,0.0,0.16887370347976685,0.09556034686572519,0.16502562537789345,0.0,0.0
assured,normal,808,76,modify,0.2684585126458059,24,0.0,0.0,0.45,0.0,0.0,0.21425909996032716,0.10787845673495132,0.329479256272316,0.0,0.0
assured,normal,808,77,modify,0.28633855562469235,24,0.0,0.0,0.45,0.0,0.0,0.2376022815704346,0.08759143040125113,0.31634871661663055,0.0,0.0
assured,normal,808,78,modify,0.22131817943147092,24,0.0,0.0,0.45,0.0,0.0,0.1881553888320923,0.04876196925207162,0.3441625937819481,0.0,0.0
assured,normal,808,79,modify,0.2136351709251611,24,0.0,0.0,0.45,0.0,0.0,0.183481502532959,0.03636704511988939,0.34679165482521057,0.0,0.0
assured,normal,808,80,modify,0.2384517350737345,24,0.0,0.0,0.45,0.0,0.0,0.20601108074188235,0.031467513864309585,0.33411876708269117,0.0,0.0
assured,normal,808,81,modify,0.3077075244793638,24,0.0,0.0,0.45,0.0,0.0,0.15660848617553713,0.017761330667370345,0.1857231795787811,0.0,0.0
assured,normal,808,82,modify,0.16486157735327114,24,0.0,0.0,0.45,0.0,0.0,0.08395611047744751,0.0076576913879808405,0.3083240635693073,0.0,0.0
assured,normal,808,83,modify,0.25935322326617694,24,0.0,0.0,0.45,0.0,0.0,0.13210452795028688,0.010784820198102552,0.2270736090838909,0.0,0.0
assured,normal,808,84,modify,0.012359705055374403,24,0.0,0.0,0.45,0.0,0.0,0.00629720687866211,0.00042920194255208845,0.4393734633922577,0.0,0.0
assured,normal,808,85,modify,0.03240800412691876,24,0.0,0.0,0.45,0.0,0.0,0.016511869430541993,0.0011165492523698068,0.4221362203359604,0.0,0.0
assured,normal,909,9,modify,0.04055982668040105,24,0.0,0.0,0.45,0.0,0.0,0.0,0.0,0.41444318890571596,0.0,0.01951442351568633
assured,normal,909,38,modify,0.26156448251697084,24,0.0,0.0,0.45,0.0,0.0,-0.10613789558410645,-0.01097191575321947,0.21118973493576051,0.0,0.0
assured,normal,909,39,modify,0.39686453385738335,24,0.0,0.0,0.0,0.0,0.0,0.0,0.0,0.0,0.3746053994650844,0.1310429430585359
assured,normal,909,40,modify,0.3602374281888158,24,0.0,0.0,0.0,0.0,0.0,0.0,0.0,0.0,0.33341233895869515,0.13640827283630716
assured,normal,909,41,modify,0.5699556547189888,24,0.03015698686463406,0.0033501117452936686,0.3645305586294079,0.0,0.0,0.0024666055703198783,0.00027401292871955104,0.029815747524882086,0.439158262523558,0.1384891491437098
assured,normal,909,42,modify,0.4913181855785208,24,0.0,0.0,0.0,0.0,0.0,-0.17021093368530274,-0.017722428868043896,0.0,0.4471355064396715,0.1103519457467919
assured,normal,909,43,modify,0.5899294938188377,24,0.0,0.0,0.0,0.0,0.0,-0.19861466884613038,-0.020755655190735845,0.0,0.5384470592145045,0.13495550450925398
assured,normal,909,44,modify,0.821413337890649,24,0.0,0.0,0.0,0.0,0.0,0.0,0.0,0.0,0.7971827382483533,0.19803927262923146
assured,normal,909,45,modify,0.8971209892444676,24,0.0,0.0,0.0,0.0,0.0,0.0,0.0,0.0,0.8771834850932667,0.18808296792267704
assured,normal,909,46,modify,0.883392302870404,24,0.0,0.0,0.0,0.0,0.0,0.0,0.0,0.0,0.8624402244791897,0.19125590179380247
assured,normal,909,47,modify,0.8540305090375786,24,0.0,0.0,0.0,0.0,0.0,0.0,0.0,0.0,0.8279398859306933,0.20948426110821836
assured,normal,909,48,modify,0.9227644788384265,24,0.0,0.0,0.0,0.0,0.0,0.0,0.0,0.0,0.9059164524078369,0.17552682035162692
assured,normal,909,49,modify,0.9721701501165986,24,0.0,0.0,0.0,0.0,0.0,0.0,0.0,0.0,0.9516699314117432,0.19859290627939832
assured,normal,909,50,modify,0.8218028321567485,24,0.0,0.0,0.0,0.0,0.0,0.0,0.0,0.0,0.7992152823146664,0.19135001294889173
assured,normal,909,51,modify,0.8357007760745088,24,0.0,0.0,0.0,0.0,0.0,0.0,0.0,0.0,0.8154382643991147,0.18291042639854033
assured,normal,909,52,modify,0.7065517555916501,24,0.0,0.0,0.0,0.0,0.0,0.0,0.0,0.0,0.6886035370625684,0.15824206796728527
assured,normal,909,53,modify,0.7329090443105397,24,0.0,0.0,0.0,0.0,0.0,0.0,0.0,0.0,0.7136177111309528,0.1670491831539699
assured,normal,909,54,modify,0.43611078731722275,24,-9.665773297091561e-07,-2.7925216361407124e-09,0.033371882073026826,0.0,0.0,-0.16161506845693413,-0.02113453337016306,0.00640491799842469,0.38981598578074866,0.1046093331579057
assured,normal,909,55,modify,0.4807063796729278,24,0.0036269612417220206,0.007725386327597079,0.1499209596482557,0.0,0.0,-0.16835960314205045,-0.022043345326346893,0.02329533688303906,0.4171076832724304,0.10295727249622477
assured,normal,909,56,modify,0.37727594702304545,24,0.0,0.0,0.0,0.0,0.0,0.0,0.0,0.0,0.36870313296540635,0.07996961887885735
assured,normal,909,57,modify,0.2971107937134574,24,0.0,0.0,0.0,0.0,0.0,-0.29358882904052735,-0.045611656444955254,0.0,0.0,0.0
assured,normal,909,58,modify,0.31587578644899894,24,0.0,0.0,0.0,0.0,0.0,-0.3115817785263062,-0.051906721676074546,0.0,0.0,0.0
assured,normal,909,59,modify,0.28367943665108564,24,0.08108455743128162,0.07982260400721439,0.29776079157474084,0.0,0.0,-0.10630587352719803,0.0026640814264225626,0.09925282811477784,0.0,0.0
assured,normal,909,61,modify,0.34763699029051953,24,0.7236840078987937,0.002770809247606475,0.4499999992040589,0.0,0.0,0.44417761967175007,0.07333004814573714,0.2557088523016834,0.0,0.0
assured,normal,909,70,modify,0.2619969007449382,24,0.0,0.0,0.45,0.0,0.0,0.13036208152770998,0.05704610389626161,0.23001398742198945,0.0,0.0
assured,normal,909,71,modify,0.21862769054021125,24,0.0,0.0,0.45,0.0,0.0,0.10843554735183716,0.05055980600101151,0.2670150138437748,0.0,0.0
assured,normal,909,72,modify,0.2560989112309117,24,0.0,0.0,0.45,0.0,0.0,0.20501458644866943,0.10127589399025048,0.33467929512262345,0.0,0.0
assured,normal,909,73,modify,0.3032340572093906,24,0.0,0.0,0.45,0.0,0.0,0.24070539474487307,0.1252178786257412,0.3146032154560089,0.0,0.0
assured,normal,909,74,modify,0.3606504353652698,24,0.0,0.0,0.45,0.0,0.0,0.1771649479866028,0.09644033611949578,0.1510341502726078,0.0,0.0
assured,normal,909,75,modify,0.26898367228748504,24,0.0,0.0,0.45,0.0,0.0,0.21223392486572268,0.1142672953935996,0.330618417263031,0.0,0.0
assured,normal,909,76,modify,0.2954483855697373,24,0.0,0.0,0.45,0.0,0.0,0.14764797687530518,0.058404884812680996,0.2008440390229225,0.0,0.0
assured,normal,909,77,modify,0.37112559484208213,24,0.0,0.0,0.45,0.0,0.0,0.31139204502105716,0.10044335522556716,0.2748419746756554,0.0,0.0
assured,normal,909,78,modify,0.35372405947503816,24,0.0,0.0,0.45,0.0,0.0,0.17942668199539186,0.03534852286997069,0.14721747413277625,0.0,0.0
assured,normal,909,79,modify,0.3236808898603078,24,0.0,0.0,0.45,0.0,0.0,0.16451475620269776,0.0251415595808389,0.17238134890794754,0.0,0.0
assured,normal,909,80,modify,0.22398851868129313,24,0.0,0.0,0.45,0.0,0.0,0.11397182941436768,0.013835675228229032,0.25767253786325456,0.0,0.0
assured,normal,909,81,modify,0.225037871613856,24,0.0,0.0,0.45,0.0,0.0,0.19533512592315674,0.020334577304542155,0.3401239916682243,0.0,0.0
assured,normal,909,82,modify,0.16455071329054216,24,0.0,0.0,0.45,0.0,0.0,0.08382093906402588,0.006595262380346577,0.30855216532945634,0.0,0.0
assured,normal,909,83,modify,0.06446837345781754,24,0.0,0.0,0.45,0.0,0.0,0.03284496068954468,0.0023135555653962616,0.39457412883639337,0.0,0.0
assured,normal,909,84,modify,0.20621181222303875,24,0.0,0.0,0.45,0.0,0.0,0.10506500005722047,0.007096797421120668,0.27270281240344046,0.0,0.0
assured,normal,909,85,modify,0.048949070264158456,24,0.0,0.0,0.45,0.0,0.0,0.024572492664004138,0.0014711132833970882,0.40769113674759866,0.0,0.0
assured,normal,1010,7,modify,0.0212160572358359,24,0.0,0.0,0.45,0.0,0.0,0.0,0.0,0.4313815265893936,0.0,0.010172194084503454
assured,normal,1010,11,modify,0.07378208475940551,24,0.0,0.0,0.45,0.0,0.0,0.0,0.0,0.3853801667690277,0.0,0.035610015229502856
assured,normal,1010,18,modify,0.014327894408221022,24,0.0,0.0,0.45,0.0,0.0,0.0,0.0,0.4374422460794449,0.0,0.006898650204490245
assured,normal,1010,38,modify,0.2108636131721864,24,0.0,0.0,0.45,0.0,0.0,-0.0855644464492798,-0.0088451527397057,0.2574799954891205,0.0,0.0
assured,normal,1010,39,modify,0.4619286543191193,24,-4.3092851701109584e-07,-7.979301053091079e-05,0.4296161225994465,0.0,0.0,-0.31399559703374685,-0.03250999466859873,0.09237229483674508,0.0,0.0
assured,normal,1010,40,modify,0.5489340543270872,24,9.25929709392505e-07,0.002943510656956672,0.22214930708907518,0.0,0.0,2.3997369558764224e-08,7.628712235780181e-05,0.005757455415203783,0.4841274020469748,0.14182947558516437
assured,normal,1010,41,modify,0.4356585476998315,24,0.0,0.0,0.0,0.0,0.0,0.0,0.0,0.0,0.41521305498979777,0.1318957510686585
assured,normal,1010,42,modify,0.5534339115086505,24,0.0,0.0,0.0,0.0,0.0,-0.19084509611129763,-0.019870865915704215,0.0,0.5031816323063458,0.12759560061113379
assured,normal,1010,43,modify,0.7845512275786418,24,0.0,0.0,0.0,0.0,0.0,0.0,0.0,0.0,0.7609911923021717,0.19082199541371808
assured,normal,1010,44,modify,0.8421566110059975,24,0.0,0.0,0.0,0.0,0.0,0.0,0.0,0.0,0.8141836902506294,0.21525026362579477
assured,normal,1010,45,modify,0.938521018384319,24,0.0,0.0,0.0,0.0,0.0,0.0,0.0,0.0,0.9115653991699219,0.22331642345631506
assured,normal,1010,46,modify,0.9802360797618554,24,0.0,0.0,0.0,0.0,0.0,0.0,0.0,0.0,0.9564233779907226,0.21474890942611558
assured,normal,1010,47,modify,1.004681502262541,24,0.0,0.0,0.0,0.0,0.0,0.0,0.0,0.0,0.9770709514617919,0.23391724348167423
assured,normal,1010,48,modify,0.9420239357847954,24,-0.001247354157970616,-5.83103608562023e-09,0.18163823349597297,0.0,0.0,-0.0002969864653456178,-1.388329677906837e-09,0.04324681694680477,0.9142882347106933,0.17981388179960942
assured,normal,1010,49,modify,1.0149808706719292,24,0.0,0.0,0.0,0.0,0.0,0.0,0.0,0.0,0.9876011610031128,0.23415831101041648
assured,normal,1010,50,modify,0.8306033364101875,24,0.0,0.0,0.0,0.0,0.0,0.0,0.0,0.0,0.8058565772539008,0.20123886143675826
assured,normal,1010,51,modify,0.9353906008375303,24,0.0,0.0,0.0,0.0,0.0,0.0,0.0,0.0,0.9142379830726933,0.19779910627292968
assured,normal,1010,52,modify,0.76448173474521,24,0.0,0.0,0.0,0.0,0.0,0.0,0.0,0.0,0.7485532516630425,0.1552428812658772
assured,normal,1010,53,modify,0.7277926359325324,24,3.134836577707016e-07,-6.092911177056339e-08,0.014659606265930566,0.0,0.0,1.0738875346314286e-07,-2.0872224757066205e-08,0.005021878506694822,0.7119154718926574,0.1508827226725227
assured,normal,1010,54,modify,0.7073171614051645,24,0.0,0.0,0.0,0.0,0.0,0.0,0.0,0.0,0.6947110014169797,0.13294431664601805
assured,normal,1010,55,modify,0.4183406823198316,24,0.0,0.0,0.0,0.0,0.0,-0.15532976388931274,-0.021373300828974325,0.0,0.37647995649363314,0.09320737794905984
assured,normal,1010,56,modify,0.4206262833688944,24,0.0,0.0,0.0,0.0,0.0,0.0,0.0,0.0,0.4084011126157855,0.10067274444912058
assured,normal,1010,57,modify,0.21700988192993237,24,0.0,0.0,0.0,0.0,0.0,-0.21443743705749513,-0.033314778154086455,0.0,0.0,0.0
assured,normal,1010,58,modify,0.25084667015218726,24,0.0,0.0,0.0,0.0,0.0,-0.24743666648864748,-0.04122072298524205,0.0,0.0,0.0
assured,normal,1010,59,modify,0.4469438260929533,24,-1.4110081973525365e-08,6.854682580371578e-07,0.4045516458967999,0.0,0.0,-0.1974498988996983,-0.0354567917091198,0.005158238350567335,0.0,0.0
assured,normal,1010,60,modify,0.1953635342201172,24,0.3888287208403607,0.15317368627979247,0.4435412426045991,0.0,0.0,0.2961112083620591,0.09705570706730716,0.2809954158605145,0.0,0.0
assured,normal,1010,61,modify,0.2420995093980576,24,0.5497956441328871,0.07667606368691816,0.4499983923497249,0.0,0.0,0.41568499218926236,0.08366495822387018,0.2485594168777783,0.0,0.0
assured,normal,1010,70,modify,0.06904564412107593,24,0.0,0.0,0.45,0.0,0.0,0.034355115890502934,0.015033708325999342,0.3920257419347763,0.0,0.0
assured,normal,1010,71,modify,0.24660048636882345,24,0.0,0.0,0.45,0.0,0.0,0.19911689758300782,0.09284143400553958,0.3379967451095581,0.0,0.0
assured,normal,1010,72,modify,0.27575973663029185,24,0.0,0.0,0.45,0.0,0.0,0.22075364589691163,0.10905088865671789,0.3258260741829872,0.0,0.0
assured,normal,1010,73,modify,0.3197270815896328,24,0.0,0.0,0.45,0.0,0.0,0.25379745960235595,0.1320285302524827,0.3072389289736748,0.0,0.0
assured,normal,1010,74,modify,0.31229457340549593,24,0.0,0.0,0.45,0.0,0.0,0.15341074466705323,0.08350965553948941,0.19111936837434768,0.0,0.0
assured,normal,1010,75,modify,0.2860415389071706,24,0.0,0.0,0.45,0.0,0.0,0.22359187602996827,0.12652364926870907,0.3242295697331429,0.0,0.0
assured,normal,1010,76,modify,0.3013021245757582,24,0.0,0.0,0.45,0.0,0.0,0.24572613239288332,0.1062854988248022,0.3117790505290031,0.0,0.0
assured,normal,1010,77,modify,0.27622478628342234,24,0.0,0.0,0.45,0.0,0.0,0.23293616771698,0.06980620246153223,0.31897340565919874,0.0,0.0
assured,normal,1010,78,modify,0.2443515356702371,24,0.0,0.0,0.45,0.0,0.0,0.12384691238403321,0.026307781833123513,0.24100833535194396,0.0,0.0
assured,normal,1010,79,modify,0.27853064952695883,24,0.0,0.0,0.45,0.0,0.0,0.14140452146530152,0.025387351316987702,0.21137987002730368,0.0,0.0
assured,normal,1010,80,modify,0.2843983034112221,24,0.0,0.0,0.45,0.0,0.0,0.14457708597183228,0.021368907612160194,0.20602616742253302,0.0,0.0
assured,normal,1010,81,modify,0.3782164098403785,24,0.0,0.0,0.45,0.0,0.0,0.19244927167892456,0.02330401546083232,0.12524185404181482,0.0,0.0
assured,normal,1010,82,modify,0.25395965520908437,24,0.0,0.0,0.45,0.0,0.0,0.12932718992233277,0.011893149767061417,0.23176036700606345,0.0,0.0
assured,normal,1010,83,modify,0.15272548421475612,24,0.0,0.0,0.45,0.0,0.0,0.07779974937438966,0.005997993040854268,0.31871292293071746,0.0,0.0
assured,normal,1010,85,modify,0.13259288921217885,24,0.0,0.0,0.45,0.0,0.0,0.06755366325378419,0.004701585215338897,0.3360031932592392,0.0,0.0
assured,normal,1111,16,modify,0.06479573391398558,24,0.0,0.0,0.45,0.0,0.0,0.032987463474273684,0.003401832510628257,0.39433365538716314,0.0,0.0
assured,normal,1111,38,modify,0.3777805298566818,24,0.0,0.0,0.45,0.0,0.0,0.0,0.0,0.0722194701433182,0.0,0.0
assured,normal,1111,39,modify,0.37421983179479096,24,0.0,0.0,0.3692228229674242,0.0,0.0,-0.17802146673202515,-0.018421992185380376,0.04057488048942559,0.0,0.0
assured,normal,1111,40,modify,0.46766146509642853,24,6.669784967761489e-05,3.2951620744067885e-09,0.07670108620978196,0.0,0.0,4.289566266664648e-06,2.11923115151222e-10,0.004932908536216904,0.4418994151179722,0.13520901461497986
assured,normal,1111,41,modify,0.4652094384677907,24,0.011297011582121971,0.002059041397226656,0.19399131606882386,0.0,0.0,0.001445975298207518,0.0002635496101542629,0.024830164071549754,0.4084478585963973,0.14447977850157878
assured,normal,1111,42,modify,0.7856910214388637,24,0.0,0.0,0.0,0.0,0.0,0.0,0.0,0.0,0.746743098427462,0.24430539519339065
assured,normal,1111,43,modify,0.49123781217589463,24,0.0,0.0,0.0,0.0,0.0,-0.1723084092140198,-0.018006595126571812,0.0,0.44224427910505804,0.12538006363169807
assured,normal,1111,44,modify,0.7507764078008747,24,0.0,0.0,0.0,0.0,0.0,0.0,0.0,0.0,0.7169292663362823,0.2228848168469658
assured,normal,1111,45,modify,0.5515948699441837,24,0.0,0.0,0.0,0.0,0.0,-0.18949271440505983,-0.02002812168381636,0.0,0.5048458160195272,0.11436340378608616
assured,normal,1111,46,modify,0.9628641198417928,24,0.0,0.0,0.0,0.0,0.0,0.0,0.0,0.0,0.9372771978378296,0.22049663873169675
assured,normal,1111,47,modify,0.9716669927409628,24,0.0,0.0,0.0,0.0,0.0,0.0,0.0,0.0,0.9497469663619995,0.20522535093999777
assured,normal,1111,48,modify,0.929613388331245,24,0.0,0.0,0.0,0.0,0.0,0.0,0.0,0.0,0.8992246416860312,0.23574582827555374
assured,normal,1111,49,modify,0.9701854139290167,24,0.0,0.0,0.0,0.0,0.0,0.0,0.0,0.0,0.9402957916259765,0.23896351531373086
assured,normal,1111,50,modify,0.924794567970971,24,0.0,0.0,0.0,0.0,0.0,0.0,0.0,0.0,0.9067640858054314,0.18172475241984787
assured,normal,1111,51,modify,0.894824417382825,24,0.0,0.0,0.0,0.0,0.0,0.0,0.0,0.0,0.8755635748768662,0.18465959030972212
assured,normal,1111,52,modify,0.8758981994945679,24,0.0,0.0,0.0,0.0,0.0,0.0,0.0,0.0,0.8635204721188391,0.1467312172289285
assured,normal,1111,53,modify,0.5098189778662748,24,0.0,0.0,0.0,0.0,0.0,-0.18010704517364504,-0.022532090090919207,0.0,0.46247838635971006,0.11438045959728138
assured,normal,1111,54,modify,0.7058453436705638,24,0.0,0.0,0.0,0.0,0.0,0.0,0.0,0.0,0.6896478436785641,0.15034460712284656
assured,normal,1111,55,modify,0.507087132023105,24,0.001232119636300268,-0.0007517381370657093,0.20245555083410374,0.0,0.0,4.774940069728973e-05,-2.9132759894946627e-05,0.007845935520673947,0.45916892472722576,0.0917955922930614
assured,normal,1111,56,modify,0.3622720972964217,24,0.0,0.0,0.0,0.0,0.0,0.0,0.0,0.0,0.35342327262415,0.07958054314456366
assured,normal,1111,57,modify,0.3000967889761964,24,0.0,0.0,0.0,0.0,0.0,0.0,0.0,0.0,0.2908064695514757,0.07409237491692632
assured,normal,1111,58,modify,0.3228390237698932,24,0.08364071708273436,0.04502930890399354,0.2674242296740511,0.0,0.0,-0.14665203879835675,-0.01858237620745594,0.050297917646531826,0.0,0.0
assured,normal,1111,59,modify,0.13405987525706428,24,-0.0004901412190569934,-0.00017364120118220229,0.2550184917219688,0.0,0.0,-0.00023248094647739545,-8.236048964822162e-05,0.12095889515031236,0.0,0.0
assured,normal,1111,60,modify,0.38930499564318016,24,0.31490659560618023,0.05793218129925837,0.44999993462055354,0.0,0.0,0.09293061736521699,0.01709609594899225,0.13279738284965475,0.0,0.0
assured,normal,1111,70,modify,0.12866791227494034,24,0.0,0.0,0.45,0.0,0.0,0.06402143239974976,0.028015610378906864,0.3419638328254223,0.0,0.0
assured,normal,1111,71,modify,0.2756236664469602,24,0.0,0.0,0.45,0.0,0.0,0.13670456409454346,0.06374068660018489,0.2193110480904579,0.0,0.0
assured,normal,1111,72,modify,0.3708351308252581,24,0.0,0.0,0.45,0.0,0.0,0.18332839012145996,0.09056305175628523,0.14063334167003633,0.0,0.0
assured,normal,1111,73,modify,0.2992761830893296,24,0.0,0.0,0.45,0.0,0.0,0.23756365776062013,0.12358350877381015,0.3163704425096512,0.0,0.0
assured,normal,1111,74,modify,0.26056491615095495,24,0.0,0.0,0.45,0.0,0.0,0.2051802396774292,0.11169055450554653,0.3345861151814461,0.0,0.0
assured,normal,1111,75,modify,0.3919765392224457,24,0.0,0.0,0.45,0.0,0.0,0.19200092554092407,0.108647318470334,0.12599843814969064,0.0,0.0
assured,normal,1111,76,modify,0.3729702677245699,24,0.0,0.0,0.45,0.0,0.0,0.1846439003944397,0.08903512017068368,0.138413418084383,0.0,0.0
assured,normal,1111,77,modify,0.2619690331034123,24,0.0,0.0,0.45,0.0,0.0,0.21725571155548096,0.08058127025184934,0.327793662250042,0.0,0.0
assured,normal,1111,78,modify,0.3742249067890787,24,0.0,0.0,0.45,0.0,0.0,0.18899638652801515,0.051062778902781346,0.13106859773397445,0.0,0.0
assured,normal,1111,79,modify,0.2629378734078289,24,0.0,0.0,0.45,0.0,0.0,0.2255514144897461,0.04654256262734657,0.3231273293495178,0.0,0.0
assured,normal,1111,80,modify,0.23866155780716203,24,0.0,0.0,0.45,0.0,0.0,0.20629837512969973,0.030567626738715336,0.3339571639895439,0.0,0.0
assured,normal,1111,81,modify,0.10248278252653562,24,0.0,0.0,0.45,0.0,0.0,0.05216406583786011,0.005736085274938303,0.36197313889861105,0.0,0.0
assured,normal,1111,82,modify,0.10381222234679041,24,0.0,0.0,0.45,0.0,0.0,0.052851200103759766,0.005432695461709566,0.3608135998249054,0.0,0.0
assured,normal,1111,84,modify,0.10594655165193778,24,0.0,0.0,0.45,0.0,0.0,0.05394723415374756,0.005179010685088556,0.358964042365551,0.0,0.0
assured,normal,1111,85,modify,0.02161183564030667,24,0.0,0.0,0.45,0.0,0.0,0.011006307601928712,0.0009853688465481117,0.4314268559217453,0.0,0.0
assured,normal,1212,20,modify,0.013587586084544894,24,0.0,0.0,0.45,0.0,0.0,0.0,0.0,0.4380851715803146,0.0,0.0065314132723611595
assured,normal,1212,38,modify,0.34574252166618197,24,0.0,0.0,0.45,0.0,0.0,-0.14029574394226074,-0.01450295461953967,0.13433457612991334,0.0,0.0
assured,normal,1212,39,modify,0.2900118855910711,24,-3.800744370595049e-08,-0.00032366146533955345,0.2292171466797032,0.0,0.0,-0.25063318241314864,-0.026056846705041777,0.08559359747269904,0.0,0.0
assured,normal,1212,40,modify,0.3977500638476602,24,-2.052833705140863e-08,-0.0009303742117939415,0.11293250597127685,0.0,0.0,-0.38098006346086044,-0.03952585226648944,0.005369923017538192,0.0,0.0
assured,normal,1212,41,modify,0.30259989879655247,24,0.0,0.0,0.0,0.0,0.0,0.0,0.0,0.0,0.29001875862169724,0.08634708101154026
assured,normal,1212,42,modify,0.5127991906371173,24,0.0,0.0,0.0,0.0,0.0,0.0,0.0,0.0,0.4910013040985553,0.14792136185014182
assured,normal,1212,43,modify,0.7117130956071123,24,0.0,0.0,0.0,0.0,0.0,0.0,0.0,0.0,0.691989620766347,0.16639079064150694
assured,normal,1212,44,modify,0.854516151972393,24,0.0,0.0,0.0,0.0,0.0,0.0,0.0,0.0,0.8284704179139347,0.2093671908948871
assured,normal,1212,45,modify,0.9379041848857623,24,0.0,0.0,0.0,0.0,0.0,0.0,0.0,0.0,0.9138258934020995,0.21115514811171654
assured,normal,1212,46,modify,0.8769937252615841,24,0.0,0.0,0.0,0.0,0.0,0.0,0.0,0.0,0.8612268836561705,0.1655483283397083
assured,normal,1212,47,modify,0.9276770262474597,24,0.0,0.0,0.0,0.0,0.0,0.0,0.0,0.0,0.9071083932145231,0.19426535457228683
assured,normal,1212,48,modify,0.8346714166009225,24,0.0,0.0,0.0,0.0,0.0,0.0,0.0,0.0,0.8176340112814443,0.1677825893422968
assured,normal,1212,49,modify,0.9798391284228516,24,-8.992922935389624e-09,-0.002307093369266436,0.027980381167544706,0.0,0.0,-1.8752830423709474e-09,-0.000481095312796023,0.005834714107921871,0.9497654914855956,0.239867596671915
assured,normal,1212,50,modify,0.8930027903604888,24,0.0,0.0,0.0,0.0,0.0,0.0,0.0,0.0,0.8705420863189751,0.19902376626680837
assured,normal,1212,51,modify,0.8633012416136262,24,0.0,0.0,0.0,0.0,0.0,0.0,0.0,0.0,0.8509673733832805,0.145408263894419
assured,normal,1212,52,modify,0.8432071439764741,24,0.0,0.0,0.0,0.0,0.0,0.0,0.0,0.0,0.8223438385159227,0.186410565440536
assured,normal,1212,53,modify,0.7333560839582058,24,0.0,0.0,0.0,0.0,0.0,0.0,0.0,0.0,0.7126153802301054,0.1731775555261631
assured,normal,1212,54,modify,0.7733177042067565,24,0.0,0.0,0.0,0.0,0.0,0.0,0.0,0.0,0.755158964689243,0.16659894864337874
assured,normal,1212,55,modify,0.46225717441622916,24,0.0,0.0,0.0,0.0,0.0,-0.1681658983230591,-0.02313954675547375,0.0,0.4150443491742869,0.11227054615934906
assured,normal,1212,56,modify,0.36655882195417444,24,0.0,0.0,0.0,0.0,0.0,0.0,0.0,0.0,0.35686902463366643,0.08372496168674984
assured,normal,1212,57,modify,0.3723189593502859,24,0.0,0.0,0.0,0.0,0.0,-0.3679054737091065,-0.057157413399819244,0.0,0.0,0.0
assured,normal,1212,58,modify,0.21088528425466607,24,0.0038177308919481886,0.045187537251610455,0.19486390470804715,0.0,0.0,-0.14302644322204952,-0.011373343154574903,0.05447067676728631,0.0,0.0
assured,normal,1212,70,modify,0.18661969192867434,24,0.0,0.0,0.45,0.0,0.0,0.09285656213760377,0.040633787287490154,0.29330455139279366,0.0,0.0
assured,normal,1212,71,modify,0.2382620741418091,24,0.0,0.0,0.45,0.0,0.0,0.11817386150360108,0.05510045052501175,0.2505816087126732,0.0,0.0
assured,normal,1212,72,modify,0.2901481725818744,24,0.0,0.0,0.45,0.0,0.0,0.23227200508117676,0.11474088439748112,0.3193469971418381,0.0,0.0
assured,normal,1212,73,modify,0.23073486438489477,24,0.0,0.0,0.45,0.0,0.0,0.18315596580505372,0.09527996462258816,0.3469747692346573,0.0,0.0
assured,normal,1212,74,modify,0.27812391789987534,24,0.0,0.0,0.45,0.0,0.0,0.21900696754455568,0.11921718038776852,0.32680858075618746,0.0,0.0
assured,normal,1212,75,modify,0.3528861019066919,24,0.0,0.0,0.45,0.0,0.0,0.17285335063934326,0.09781230472024033,0.15830997079610826,0.0,0.0
assured,normal,1212,76,modify,0.3999064324082696,24,0.0,0.0,0.45,0.0,0.0,0.3208910942077637,0.15611970574066308,0.26949875950813296,0.0,0.0
assured,normal,1212,77,modify,0.24572587997850978,24,0.0,0.0,0.45,0.0,0.0,0.20757973194122314,0.060482434444466694,0.333236400783062,0.0,0.0
assured,normal,1212,78,modify,0.2533803973610505,24,0.0,0.0,0.45,0.0,0.0,0.21703572273254396,0.04682906210879656,0.32791740596294405,0.0,0.0
assured,normal,1212,79,modify,0.28701797760212455,24,0.0,0.0,0.45,0.0,0.0,0.14585464000701906,0.02293276620948461,0.20387029498815537,0.0,0.0
assured,normal,1212,80,modify,0.29277617108368686,24,0.0,0.0,0.45,0.0,0.0,0.14893842935562135,0.019148168554006497,0.19866640046238898,0.0,0.0
assured,normal,1212,81,modify,0.27306951878458285,24,0.0,0.0,0.45,0.0,0.0,0.13901387453079225,0.014544898491458456,0.2154140867292881,0.0,0.0
assured,normal,1212,82,modify,0.2636447593408611,24,0.0,0.0,0.45,0.0,0.0,0.1342763900756836,0.011607924112191312,0.22340859174728392,0.0,0.0
assured,normal,1212,83,modify,0.08932644583916936,24,0.0,0.0,0.45,0.0,0.0,0.04550824165344239,0.003273775778926297,0.373204842209816,0.0,0.0
assured,normal,1212,86,modify,0.06660092565116307,24,0.0,0.0,0.45,0.0,0.0,0.03393301963806152,0.0023022150956800353,0.3927380293607712,0.0,0.0
assured,normal,1313,6,modify,0.015366256026154487,24,0.0,0.0,0.45,0.0,0.0,0.0,0.0,0.43646144270896914,0.0,0.00726837607301685
assured,normal,1313,16,modify,0.04318613746463841,24,0.0,0.0,0.45,0.0,0.0,0.0,0.0,0.4121500074863434,0.0,0.020794723749806905
assured,normal,1313,39,modify,0.5096316056357544,24,0.0,0.0,0.44999997726420576,0.0,0.0,0.0,0.0,0.10351151002992826,0.3477657917643134,0.1368541910759706
assured,normal,1313,40,modify,0.4893493136381501,24,0.0,0.0,0.45,0.0,0.0,0.0,0.0,0.11741109788417814,0.33286401379375435,0.13434627374301156
assured,normal,1313,41,modify,0.515076041638366,24,0.0,0.0,0.11741113387410057,0.0,0.0,-0.17538055181503298,-0.01821121301486592,0.014452986633758241,0.4530933483573834,0.1353491042695155
assured,normal,1313,42,modify,0.5574924549376263,24,0.0,0.0,0.0,0.0,0.0,-0.18894939422607424,-0.019673484695306213,0.0,0.5044340706479592,0.14232071565114532
assured,normal,1313,43,modify,0.5777361433786403,24,0.0,0.0,0.0,0.0,0.0,-0.1941933035850525,-0.020293613120206177,0.0,0.5237868563657672,0.14595722172521322
assured,normal,1313,44,modify,0.9147720942179596,24,0.0,0.0,0.0,0.0,0.0,0.0,0.0,0.0,0.8903945337397402,0.20977501911882218
assured,normal,1313,45,modify,0.8518803615528939,24,0.0,0.0,0.0,0.0,0.0,0.0,0.0,0.0,0.8245148663630308,0.2141853999362297
assured,normal,1313,46,modify,0.9668363231649726,24,0.0,0.0,0.0,0.0,0.0,0.0,0.0,0.0,0.9441791296005249,0.20808230827717827
assured,normal,1313,47,modify,0.85866249155066,24,0.0,0.0,0.0,0.0,0.0,0.0,0.0,0.0,0.8409818066910196,0.17335188262806878
assured,normal,1313,48,modify,0.9672475543354937,24,0.0,0.0,0.0,0.0,0.0,0.0,0.0,0.0,0.935175347328186,0.24701194529334133
assured,normal,1313,49,modify,0.7868763831848692,24,0.0,0.0,0.0,0.0,0.0,0.0,0.0,0.0,0.7611745577976781,0.19946863155797265
assured,normal,1313,50,modify,0.9011014256240975,24,0.0,0.0,0.0,0.0,0.0,0.0,0.0,0.0,0.8795826922604113,0.1957500108242844
assured,normal,1313,51,modify,0.8589513950095802,24,0.0,0.0,0.0,0.0,0.0,0.0,0.0,0.0,0.8348619366660354,0.20199763784544755
assured,normal,1313,52,modify,0.5893358600307789,24,0.0,0.0,0.0,0.0,0.0,-0.19980785846710206,-0.024066432217156705,0.0,0.5397178469513298,0.12457539137231786
assured,normal,1313,53,modify,0.5535121614537024,24,0.0,0.0,0.0,0.0,0.0,-0.1923352360725403,-0.02406188421261625,0.0,0.49999014097559413,0.1371632403285001
assured,normal,1313,54,modify,0.6985076346740344,24,0.0,0.0,0.0,0.0,0.0,0.0,0.0,0.0,0.6774012355802694,0.17041268066736917
assured,normal,1313,55,modify,0.433477594552456,24,0.0,0.0,0.0,0.0,0.0,0.0,0.0,0.0,0.4204274499541239,0.1055631768376457
assured,normal,1313,56,modify,0.44027368546364587,24,0.005381196266052239,0.04996626614916235,0.22202853135260223,0.0,0.0,0.0008924398800285189,0.008286612560285796,0.036822131378714706,0.38642826684825804,0.09195302955272004
assured,normal,1313,57,modify,0.3622045697979054,24,0.0,0.0,0.0,0.0,0.0,0.0,0.0,0.0,0.35302572046326985,0.081024632513051
assured,normal,1313,58,modify,0.12473858678959016,24,0.0,0.0,0.0,0.0,0.0,-0.12304289340972902,-0.0204978392916468,0.0,0.0,0.0
assured,normal,1313,59,modify,0.3032445005747126,24,0.1893158671825844,0.07894002631508612,0.3306158992903981,0.0,0.0,0.04176312713402758,0.01741418933353782,0.07293394917225376,0.0,0.0
assured,normal,1313,60,modify,0.08560705291991129,24,0.2172097677435521,0.044484361580038295,0.4092917809454967,0.0,0.0,0.17726307920597245,0.03630331633842248,0.33401960757931354,0.0,0.0
assured,normal,1313,61,modify,0.19872255670526676,24,0.6759053485238287,0.02723477815473793,0.4466254907752001,0.0,0.0,0.5229644000350486,0.05896847874955369,0.3237731685936927,0.0,0.0
assured,normal,1313,71,modify,0.3038550705265897,24,0.0,0.0,0.45,0.0,0.0,0.15070685148239138,0.07026947675423768,0.19568218812346455,0.0,0.0
assured,normal,1313,72,modify,0.32771172486856653,24,0.0,0.0,0.45,0.0,0.0,0.2623427152633667,0.1295956228303756,0.3024322226643562,0.0,0.0
assured,normal,1313,73,modify,0.3436577740199846,24,0.0,0.0,0.45,0.0,0.0,0.1693434476852417,0.08809452443220243,0.16423293203115463,0.0,0.0
assured,normal,1313,74,modify,0.3115712910249684,24,0.0,0.0,0.45,0.0,0.0,0.15305544137954713,0.08331624499829116,0.19171894267201423,0.0,0.0
assured,normal,1313,75,modify,0.3758348606907828,24,0.0,0.0,0.45,0.0,0.0,0.18409428596496583,0.10417319843357312,0.13934089243412018,0.0,0.0
assured,normal,1313,76,modify,0.35291144410300795,24,0.0,0.0,0.45,0.0,0.0,0.2785367012023926,0.1497202197937047,0.29332310557365415,0.0,0.0
assured,normal,1313,77,modify,0.28193192434426506,24,0.0,0.0,0.45,0.0,0.0,0.14149012565612792,0.04957445188441141,0.2112354129552841,0.0,0.0
assured,normal,1313,78,modify,0.2715937142263408,24,0.0,0.0,0.45,0.0,0.0,0.2295726776123047,0.06621010751495529,0.3208653688430786,0.0,0.0
assured,normal,1313,79,modify,0.358150564838457,24,0.0,0.0,0.45,0.0,0.0,0.1815908193588257,0.03734292341201033,0.14356549233198163,0.0,0.0
assured,normal,1313,80,modify,0.23685721557949496,24,0.0,0.0,0.45,0.0,0.0,0.2044856309890747,0.03250597245322612,0.33497683256864547,0.0,0.0
assured,normal,1313,81,modify,0.1401669395276972,24,0.0,0.0,0.45,0.0,0.0,0.07132776975631715,0.008440365815534727,0.32963438853621485,0.0,0.0
assured,normal,1313,82,modify,0.24115244200384242,24,0.0,0.0,0.45,0.0,0.0,0.12275491952896118,0.013230728656080803,0.242851073294878,0.0,0.0
assured,normal,1313,83,modify,0.012397044810777918,24,0.0,0.0,0.45,0.0,0.0,0.00631321668624878,0.0005760383855426325,0.4393464468419552,0.0,0.0
assured,normal,1313,84,modify,0.16633988062375626,24,0.0,0.0,0.45,0.0,0.0,0.08471031188964845,0.007668248369400349,0.30705134868621825,0.0,0.0
assured,normal,1414,38,modify,0.4331861905117624,24,0.0,0.0,0.45,0.0,0.0,-0.17577872276306153,-0.018170977733740126,0.05449787378311155,0.0,0.0
assured,normal,1414,39,modify,0.4706524986237824,24,0.04042767862415393,0.0011606459983332376,0.4499997237811975,0.0,0.0,-0.2880280662677182,-0.030574201418603182,0.11440547834817666,0.0,0.0
assured,normal,1414,40,modify,0.39941013865410635,24,-9.491753653225171e-08,1.8983119456391847e-08,0.20151044411033553,0.0,0.0,-2.3175568908228116e-08,4.635019082119223e-09,0.049201858305918944,0.3502278365534948,0.11692312026714094
assured,normal,1414,41,modify,0.4954393255281714,24,0.0,0.0,0.0,0.0,0.0,-0.1754572868347168,-0.018219181046524507,0.0,0.4494703363295439,0.11099254019171707
assured,normal,1414,42,modify,0.48199742789126887,24,0.0,0.0,0.0,0.0,0.0,0.0,0.0,0.0,0.4624387565320185,0.13591143053812468
assured,normal,1414,43,modify,0.8408603915840106,24,0.0,0.0,0.0,0.0,0.0,0.0,0.0,0.0,0.8160732515309927,0.20265894076119295
assured,normal,1414,44,modify,0.8649463926442249,24,0.0,0.0,0.0,0.0,0.0,0.0,0.0,0.0,0.8404848284910206,0.20424866027633418
assured,normal,1414,45,modify,0.7630792695603114,24,0.0,0.0,0.0,0.0,0.0,0.0,0.0,0.0,0.7436861612184367,0.170941116308756
assured,normal,1414,46,modify,0.8830420248394528,24,0.0,0.0,0.0,0.0,0.0,0.0,0.0,0.0,0.8506218704478627,0.23707731048824568
assured,normal,1414,47,modify,0.9748064222028383,24,0.0,0.0,0.0,0.0,0.0,0.0,0.0,0.0,0.9490861415863037,0.22244787393167206
assured,normal,1414,48,modify,0.8646351946284451,24,0.0,0.0,0.0,0.0,0.0,0.0,0.0,0.0,0.8429883640105393,0.19226189932746313
assured,normal,1414,49,modify,0.8401447104930467,24,0.0,0.0,0.0,0.0,0.0,0.0,0.0,0.0,0.8219102124148363,0.1740883031614818
assured,normal,1414,50,modify,0.9170803775613139,24,0.0,0.0,0.0,0.0,0.0,0.0,0.0,0.0,0.8971637866464166,0.19008829221776152
assured,normal,1414,51,modify,0.7918491599131747,24,0.0,0.0,0.0,0.0,0.0,0.0,0.0,0.0,0.7704116454001688,0.18300543349038859
assured,normal,1414,52,modify,0.9376302640720283,24,0.0,0.0,0.0,0.0,0.0,0.0,0.0,0.0,0.9185809688111327,0.18804126100880753
assured,normal,1414,53,modify,0.8964200248234891,24,0.0,0.0,0.0,0.0,0.0,0.0,0.0,0.0,0.876597155258067,0.18747343357929197
assured,normal,1414,54,modify,0.5191160705005784,24,0.0,0.0,0.0,0.0,0.0,-0.18370568752288818,-0.024023368479497733,0.0,0.4765168594810704,0.08993483986142714
assured,normal,1414,55,modify,0.6716553912027116,24,0.11701237884099969,0.05827820109581949,0.29908073392315765,0.0,0.0,-0.18896379553765624,-0.024533000199595964,0.010411947137178856,0.49905690202564046,0.1351088089665564
assured,normal,1414,56,modify,0.4042488706642411,24,0.0,0.0,0.0,0.0,0.0,0.0,0.0,0.0,0.39251196403236777,0.09670319293987958
assured,normal,1414,57,modify,0.29119292937488583,24,3.978010124047772e-05,0.04992858526038582,0.22152380405725275,0.0,0.0,-0.18830571078986907,-0.026336525490290072,0.012950241348309827,0.0,0.0
assured,normal,1414,58,modify,0.24380841721782937,24,9.277569805915205e-05,6.968978827849165e-05,0.0506587399347288,0.0,0.0,-0.23854207189623503,-0.03971707725736143,0.020443396349604345,0.0,0.0
assured,normal,1414,59,modify,0.19555962639404223,24,0.0,0.0,0.0,0.0,0.0,-0.1924808144569397,-0.03456448381461131,0.0,0.0,0.0
assured,normal,1414,70,modify,0.07575148448996827,24,0.0,0.0,0.45,0.0,0.0,0.03769174814224244,0.016493809820741813,0.3863951750099659,0.0,0.0
assured,normal,1414,71,modify,0.27488925389264823,24,0.0,0.0,0.45,0.0,0.0,0.1363403081893921,0.06357084646612424,0.21992572993040085,0.0,0.0
assured,normal,1414,72,modify,0.2659722704850292,24,0.0,0.0,0.45,0.0,0.0,0.21291849613189698,0.10518037480331442,0.33023334592580794,0.0,0.0
assured,normal,1414,73,modify,0.2744361807864055,24,0.0,0.0,0.45,0.0,0.0,0.13523328304290771,0.07035000125433627,0.22179383486509321,0.0,0.0
assured,normal,1414,74,modify,0.28361589920708485,24,0.0,0.0,0.45,0.0,0.0,0.13932271003723146,0.07584078644092568,0.21489292681217192,0.0,0.0
assured,normal,1414,75,modify,0.33508425131093333,24,0.0,0.0,0.45,0.0,0.0,0.16413351297378542,0.09287802131931189,0.1730246968567371,0.0,0.0
assured,normal,1414,76,modify,0.3115975782927359,24,0.0,0.0,0.45,0.0,0.0,0.24201035499572754,0.14139461603362077,0.31386917531490327,0.0,0.0
assured,normal,1414,77,modify,0.2890846157307681,24,0.0,0.0,0.45,0.0,0.0,0.23573992252349854,0.10204342715060256,0.3173962935805321,0.0,0.0
assured,normal,1414,78,modify,0.27140671500869357,24,0.0,0.0,0.45,0.0,0.0,0.22859644889831543,0.06979281516280114,0.3214144974946976,0.0,0.0
assured,normal,1414,79,modify,0.22296479495855337,24,0.0,0.0,0.45,0.0,0.0,0.19091296195983887,0.04163222293520963,0.34261145889759065,0.0,0.0
assured,normal,1414,80,modify,0.2406315640003515,24,0.0,0.0,0.45,0.0,0.0,0.20756661891937256,0.03446204667770594,0.33324377685785295,0.0,0.0
assured,normal,1414,81,modify,0.2066609527527681,24,0.0,0.0,0.45,0.0,0.0,0.10514988899230958,0.012928314486457943,0.2725595623254776,0.0,0.0
assured,normal,1414,82,modify,0.1184161552664135,24,0.0,0.0,0.45,0.0,0.0,0.060279572010040285,0.006437309554339009,0.34827822223305704,0.0,0.0
assured,normal,1414,83,modify,0.12900847464504578,24,0.0,0.0,0.45,0.0,0.0,0.06568565368652345,0.006486081257230399,0.3391554594039917,0.0,0.0
assured,normal,1414,84,modify,0.13859411347690617,24,0.0,0.0,0.45,0.0,0.0,0.07058030366897583,0.006397162866115029,0.3308957375586033,0.0,0.0
assured,normal,1414,85,modify,0.0007287825712626965,24,0.0,0.0,0.45,0.0,0.0,0.00037120580673217775,3.0676523859355386e-05,0.4493735902011395,0.0,0.0
assured,normal,1515,7,modify,0.011982730900636547,24,0.0,0.0,0.45,0.0,0.0,0.0,0.0,0.43944590985774995,0.0,0.005674241897058148
assured,normal,1515,38,modify,0.15258334538907978,24,0.0,0.0,0.45,0.0,0.0,-0.06191542148590088,-0.006400454659759667,0.31069030165672307,0.0,0.0
assured,normal,1515,39,modify,0.3258960280079641,24,1.655562709598484e-08,1.027363338969681e-07,0.3105886854486248,0.0,0.0,-0.2565540254349754,-0.026548651064494007,0.11138173707263338,0.0,0.0
assured,normal,1515,40,modify,0.3863130500111166,24,0.0,0.0,0.0,0.0,0.0,0.0,0.0,0.0,0.3569870275225301,0.14764157540990894
assured,normal,1515,41,modify,0.3808027544710785,24,0.0010326361128144379,4.751016246577384e-06,0.07906547330003577,0.0,0.0,0.0002385409796083123,1.0974941274373477e-06,0.01826428034051774,0.35786147576022576,0.11510206911148246
assured,normal,1515,42,modify,0.5175567480283059,24,0.0,0.0,0.0,0.0,0.0,-0.17939462661743166,-0.01867863856157938,0.0,0.4595260857862167,0.1554652382814632
assured,normal,1515,43,modify,0.5506698947687744,24,0.0,0.0,0.0,0.0,0.0,-0.18770811557769776,-0.019615897184571886,0.0,0.5013734084082255,0.12744770798129595
assured,normal,1515,44,modify,0.8237822463880969,24,0.0,0.0,0.0,0.0,0.0,0.0,0.0,0.0,0.8085523316625695,0.15767154602921074
assured,normal,1515,45,modify,0.7996028285034995,24,0.0,0.0,0.0,0.0,0.0,0.0,0.0,0.0,0.7752155638210423,0.19597324552198525
assured,normal,1515,46,modify,0.9440324666937765,24,0.0,0.0,0.0,0.0,0.0,0.0,0.0,0.0,0.9185690880989966,0.21778000036944167
assured,normal,1515,47,modify,0.8312969070391368,24,0.0,0.0,0.0,0.0,0.0,0.0,0.0,0.0,0.8040142584189109,0.21122409879538867
assured,normal,1515,48,modify,0.7730437594208199,24,0.0,0.0,0.0,0.0,0.0,0.0,0.0,0.0,0.74535542478361,0.2050413244327075
assured,normal,1515,49,modify,0.9778789451077308,24,0.0,0.0,0.0,0.0,0.0,0.0,0.0,0.0,0.9611361265182494,0.18017929289045387
assured,normal,1515,50,modify,0.9272270093502722,24,0.0,0.0,0.0,0.0,0.0,0.0,0.0,0.0,0.9093863279319457,0.18101500887799743
assured,normal,1515,51,modify,0.8159158723739799,24,0.0,0.0,0.0,0.0,0.0,0.0,0.0,0.0,0.7996190229145969,0.1622594496012419
assured,normal,1515,52,modify,0.9694010478218162,24,0.15792106692439264,0.04849474873151955,0.32156285329544043,0.0,0.0,0.036852101306213206,0.01131662436101026,0.07503917670232091,0.9142252887181385,0.16467143801436104
assured,normal,1515,53,modify,0.7324470907418102,24,-6.350077241817524e-09,3.9076702045194686e-07,0.08725216725320888,0.0,0.0,-2.1389753708233866e-09,1.3162690793309433e-07,0.029390230968617183,0.714511003721497,0.15034880320897517
assured,normal,1515,54,modify,0.7622741714672552,24,0.0,0.0,0.0,0.0,0.0,0.0,0.0,0.0,0.744535550676421,0.16348922369700344
assured,normal,1515,55,modify,0.4759565352061442,24,0.0,0.0,0.0,0.0,0.0,-0.17309184074401857,-0.02381735406421593,0.0,0.42817502075283026,0.11257319095583145
assured,normal,1515,56,modify,0.4790011085888409,24,2.1901284120748715e-06,2.798069016489097e-05,0.08009427732186308,0.0,0.0,8.239565082730295e-08,1.0526721465382696e-06,0.0030132571547370063,0.45884691613762235,0.11384236988382977
assured,normal,1515,57,modify,0.31779598817847843,24,0.0,0.0,0.0,0.0,0.0,0.0,0.0,0.0,0.3069978057065641,0.0821379169062031
assured,normal,1515,58,modify,0.24144686090457104,24,-2.7602466303138087e-09,-5.400894768956146e-06,0.083669585462239,0.0,0.0,-0.23325185890823338,-0.038859912913568544,0.034879369845056796,0.0,0.0
assured,normal,1515,70,modify,0.10545424345423873,24,0.0,0.0,0.45,0.0,0.0,0.05247098207473755,0.02296116370570614,0.3614552177488804,0.0,0.0
assured,normal,1515,71,modify,0.2986987041254943,24,0.0,0.0,0.45,0.0,0.0,0.14814938306808473,0.06907701625545395,0.19999791607260703,0.0,0.0
assured,normal,1515,72,modify,0.28138582559778846,24,0.0,0.0,0.45,0.0,0.0,0.13910766839981079,0.06871829815688507,0.21525580957531928,0.0,0.0
assured,normal,1515,73,modify,0.3874039684336451,24,0.0,0.0,0.45,0.0,0.0,0.19090015888214112,0.09930858820125305,0.12785598188638686,0.0,0.0
assured,normal,1515,74,modify,0.3315843543419485,24,0.0,0.0,0.45,0.0,0.0,0.26110405921936036,0.1421328740219201,0.3031289666891098,0.0,0.0
assured,normal,1515,75,modify,0.3170389091692607,24,0.0,0.0,0.45,0.0,0.0,0.24782178401947022,0.14023459635099905,0.31060024648904805,0.0,0.0
assured,normal,1515,76,modify,0.3090508872551912,24,0.0,0.0,0.45,0.0,0.0,0.24986813068389893,0.11542891402288259,0.3094491764903069,0.0,0.0
assured,normal,1515,77,modify,0.25090854454216394,24,0.0,0.0,0.45,0.0,0.0,0.21075656414031985,0.06695170932861357,0.3314494326710701,0.0,0.0
assured,normal,1515,78,modify,0.3447616570017143,24,0.0,0.0,0.45,0.0,0.0,0.29442572593688965,0.06889077654995254,0.2843855291604996,0.0,0.0
assured,normal,1515,79,modify,0.22301395141498784,24,0.0,0.0,0.45,0.0,0.0,0.1927790641784668,0.028506255499337038,0.34156177639961244,0.0,0.0
assured,normal,1515,80,modify,0.2898099621170561,24,0.0,0.0,0.45,0.0,0.0,0.14750454425811768,0.01655550586793189,0.20108608156442642,0.0,0.0
assured,normal,1515,81,modify,0.2978372829594803,24,0.0,0.0,0.45,0.0,0.0,0.1516730785369873,0.013884590055965708,0.19405167996883393,0.0,0.0
assured,normal,1515,82,modify,0.2531381772024884,24,0.0,0.0,0.45,0.0,0.0,0.12895824909210205,0.009567043676826297,0.23238295465707778,0.0,0.0
assured,normal,1515,83,modify,0.10626688726717443,24,0.0,0.0,0.45,0.0,0.0,0.052955751521185576,0.003395163494609173,0.3579303927719593,0.0,0.0
assured,normal,1515,84,modify,0.11974417535446089,24,0.0,0.0,0.45,0.0,0.0,0.05653870513568237,0.0036248781708318476,0.34450638592243193,0.0,0.0
assured,normal,1515,85,modify,0.038450040071939064,24,0.0,0.0,0.45,0.0,0.0,0.01702461523322233,0.001091502820547822,0.4155416674911976,0.0,0.0
assured,normal,1616,7,modify,0.010828082343011877,24,0.0,0.0,0.45,0.0,0.0,0.0,0.0,0.4404740005731583,0.0,0.005148077519507307
assured,normal,1616,8,modify,0.04721056742151878,24,0.0,0.0,0.45,0.0,0.0,0.0,0.0,0.4087203472852707,0.0,0.022909123684966868
assured,normal,1616,16,modify,0.08856719593828316,24,0.0,0.0,0.45,0.0,0.0,0.0,0.0,0.372889307141304,0.0,0.04356706603871891
assured,normal,1616,38,modify,0.3911232712764522,24,0.0,0.0,0.44999997726420576,0.0,0.0,-0.15871039628982545,-0.016406553829514583,0.09290160365413308,0.0,0.0
assured,normal,1616,39,modify,0.5604910989791456,24,0.1432361326515677,0.014806914831136811,0.45,0.0,0.0,-0.19601626578221854,-0.02028430647412898,0.005222877860069253,0.0,0.0
assured,normal,1616,40,modify,0.3790744808984683,24,0.0,0.0,0.0,0.0,0.0,0.0,0.0,0.0,0.3661218391079428,0.09824592101792752
assured,normal,1616,41,modify,0.5197471776494268,24,0.0,0.0,0.0,0.0,0.0,0.0,0.0,0.0,0.4962954762928364,0.15436297770453733
assured,normal,1616,42,modify,0.7489043173294294,24,0.0,0.0,0.0,0.0,0.0,0.0,0.0,0.0,0.71677605386285,0.21700176295011847
assured,normal,1616,43,modify,0.7100748748946388,24,0.0,0.0,0.0,0.0,0.0,0.0,0.0,0.0,0.6863689600117964,0.18194498808420648
assured,normal,1616,44,modify,0.8957938083910292,24,0.0,0.0,0.0,0.0,0.0,0.0,0.0,0.0,0.8738623007376406,0.19700565093727984
assured,normal,1616,45,modify,0.8415056412911461,24,0.0,0.0,0.0,0.0,0.0,0.0,0.0,0.0,0.8193635180124454,0.19176853150371695
assured,normal,1616,46,modify,0.9621169067671532,24,0.0,0.0,0.0,0.0,0.0,0.0,0.0,0.0,0.9370275735855103,0.21828483370964213
assured,normal,1616,47,modify,0.9403573473018569,24,0.0,0.0,0.0,0.0,0.0,0.0,0.0,0.0,0.9221735715866088,0.18403218330439589
assured,normal,1616,48,modify,0.9821931745423619,24,0.0,0.0,0.0,0.0,0.0,0.0,0.0,0.0,0.959168529510498,0.21142176830750256
assured,normal,1616,49,modify,0.8278918681823293,24,0.0,0.0,0.0,0.0,0.0,0.0,0.0,0.0,0.8142364334357186,0.14974637180348588
assured,normal,1616,50,modify,0.9307396602385465,24,0.0,0.0,0.0,0.0,0.0,0.0,0.0,0.0,0.9089679479598999,0.20013391697194574
assured,normal,1616,51,modify,0.5695343526782556,24,0.0,0.0,0.0,0.0,0.0,-0.19694849252700808,-0.022976113788611623,0.0,0.5200832458442621,0.12069045430044666
assured,normal,1616,52,modify,0.7631500345801652,24,0.0,0.0,0.0,0.0,0.0,0.0,0.0,0.0,0.7453433009922475,0.16389429198628927
assured,normal,1616,53,modify,0.5677357288019388,24,0.0,0.0,0.0,0.0,0.0,-0.19738576412200928,-0.024693724865532597,0.0,0.5171964677887428,0.12353441439272049
assured,normal,1616,54,modify,0.4917072002618583,24,0.0,0.0,0.0,0.0,0.0,-0.17607145309448244,-0.023025032340832405,0.0,0.44435209889226157,0.11311885028720083
assured,normal,1616,55,modify,0.4543405172769116,24,0.0,0.0,0.0,0.0,0.0,-0.1637981414794922,-0.022538545513806445,0.0,0.41697917326069434,0.07222089393150584
assured,normal,1616,56,modify,0.3959115161813481,24,0.0,0.0,0.0,0.0,0.0,0.0,0.0,0.0,0.387038400524126,0.08334989600917371
assured,normal,1616,57,modify,0.24436179117847523,24,0.0,0.0,0.0,0.0,0.0,-0.2414651155471802,-0.037513770294914976,0.0,0.0,0.0
assured,normal,1616,58,modify,0.44308669927115923,24,0.0003276977486546823,0.06273771355134986,0.21970439318131926,0.0,0.0,-0.37339779505593446,-0.0580393533048697,0.014599592602234979,0.0,0.0
assured,normal,1616,59,modify,0.15516743020313684,24,0.004871120603184856,0.02193409639743285,0.2079233556877836,0.0,0.0,0.0012569788546524072,0.005660031358996582,0.05365403215782319,0.0,0.0
assured,normal,1616,61,modify,0.1714852472555916,24,0.4713526696564617,0.12349037008130931,0.44998588497681913,0.0,0.0,0.42020574669685967,0.09552869353688094,0.2887118109819557,0.0,0.0
assured,normal,1616,62,modify,0.031711232327710545,24,0.7750871049386718,0.049736879275635665,0.44938608765244153,0.0,0.0,0.7504922595947175,0.06213348686181108,0.4336692190520052,0.0,0.0
assured,normal,1616,71,modify,0.31654676066001625,24,0.0,0.0,0.45,0.0,0.0,0.15700170993804932,0.07320455505738142,0.18505961447954178,0.0,0.0
assured,normal,1616,72,modify,0.2631559950805859,24,0.0,0.0,0.45,0.0,0.0,0.2106639862060547,0.10406666132465549,0.33150150775909426,0.0,0.0
assured,normal,1616,73,modify,0.31459722556099945,24,0.0,0.0,0.45,0.0,0.0,0.15502334833145143,0.08064503430053326,0.18839809969067572,0.0,0.0
assured,normal,1616,74,modify,0.34898837149645184,24,0.0,0.0,0.45,0.0,0.0,0.1714361071586609,0.09332182232034637,0.16070156916975975,0.0,0.0
assured,normal,1616,75,modify,0.28083393828704406,24,0.0,0.0,0.45,0.0,0.0,0.1375602126121521,0.0778410217888964,0.21786714121699333,0.0,0.0
assured,normal,1616,76,modify,0.34601221085679645,24,0.0,0.0,0.45,0.0,0.0,0.16905810832977297,0.098772245985427,0.16471444219350811,0.0,0.0
assured,normal,1616,77,modify,0.2705211186805794,24,0.0,0.0,0.45,0.0,0.0,0.21853606700897218,0.10155160953606288,0.32707346230745316,0.0,0.0
assured,normal,1616,78,modify,0.2583411629208646,24,0.0,0.0,0.45,0.0,0.0,0.21599934101104737,0.07295396642755658,0.32850037068128585,0.0,0.0
assured,normal,1616,79,modify,0.285098220174927,24,0.0,0.0,0.45,0.0,0.0,0.14420900344848633,0.03555594360354185,0.20664730668067932,0.0,0.0
assured,normal,1616,80,modify,0.23993069220744406,24,0.0,0.0,0.45,0.0,0.0,0.20594673156738283,0.041624612149879364,0.33415496349334717,0.0,0.0
assured,normal,1616,81,modify,0.27819554670298535,24,0.0,0.0,0.45,0.0,0.0,0.14141143560409547,0.021223413217187168,0.2113682024180889,0.0,0.0
assured,normal,1616,82,modify,0.0693852766984562,24,0.0,0.0,0.45,0.0,0.0,0.035302817821502686,0.004361785139910316,0.39042649492621423,0.0,0.0
assured,normal,1616,83,modify,0.13826864838806024,24,0.0,0.0,0.45,0.0,0.0,0.07036226987838745,0.008309870219631034,0.3312636695802212,0.0,0.0
assured,normal,1616,84,modify,0.05726000471079881,24,0.0,0.0,0.45,0.0,0.0,0.029147374629974368,0.0031395770044298924,0.40081380531191824,0.0,0.0
assured,normal,1616,85,modify,0.18960918245887023,24,0.0,0.0,0.45,0.0,0.0,0.09652818441390992,0.010018603820770772,0.287108688801527,0.0,0.0
assured,normal,1616,86,modify,0.07828419298434319,24,0.0,0.0,0.45,0.0,0.0,0.03986634016036988,0.003638447800780604,0.38272555097937583,0.0,0.0
assured,normal,1717,14,modify,0.012073754709502968,24,0.0,0.0,0.45,0.0,0.0,0.0,0.0,0.43937418758869173,0.0,0.0057330326516540995
assured,normal,1717,37,modify,0.2162543814723589,24,0.0,0.0,0.45,0.0,0.0,-0.08775203227996826,-0.009064562445365893,0.25255792737007143,0.0,0.0
assured,normal,1717,38,modify,0.23721636167224677,24,0.0,0.0,0.0,0.0,0.0,-0.23595895767211916,-0.02439205893944299,0.0,0.0,0.0
assured,normal,1717,39,modify,0.3189321743476987,24,-1.6008902449653363e-05,0.013709225628693025,0.1855847927061164,0.0,0.0,-0.2870912442789878,-0.02583838390494317,0.052387466727585014,0.0,0.0
assured,normal,1717,40,modify,0.43281878105678845,24,0.0,0.0,0.0,0.0,0.0,0.0,0.0,0.0,0.4135327037917828,0.12776071434577146
assured,normal,1717,41,modify,0.4843993084181717,24,0.0,0.0,0.0,0.0,0.0,0.0,0.0,0.0,0.4623087076209555,0.14461448355488096
assured,normal,1717,42,modify,0.5569051172130782,24,0.0,0.0,0.0,0.0,0.0,-0.19141769409179688,-0.019930485040984065,0.0,0.5001006184200633,0.15167307997331964
assured,normal,1717,43,modify,0.8275527144813971,24,0.0,0.0,0.0,0.0,0.0,0.0,0.0,0.0,0.7996574179022862,0.21305283203791772
assured,normal,1717,44,modify,0.819893816332241,24,0.0,0.0,0.0,0.0,0.0,0.0,0.0,0.0,0.7914389026072878,0.21412690979794818
assured,normal,1717,45,modify,0.8316780703267392,24,0.0,0.0,0.0,0.0,0.0,0.0,0.0,0.0,0.8098897801813718,0.18912153928143094
assured,normal,1717,46,modify,0.9115715719013244,24,0.0,0.0,0.0,0.0,0.0,0.0,0.0,0.0,0.8807264344767295,0.23512481432753657
assured,normal,1717,47,modify,0.8798972046257404,24,0.0,0.0,0.0,0.0,0.0,0.0,0.0,0.0,0.8628005423409674,0.17261029761959334
assured,normal,1717,48,modify,0.9644314610106728,24,0.0,0.0,0.0,0.0,0.0,0.0,0.0,0.0,0.9418430328369141,0.20750842027191171
assured,normal,1717,49,modify,0.7219111825003559,24,0.0,0.0,0.0,0.0,0.0,0.0,0.0,0.0,0.7048128628809897,0.15618765551914002
assured,normal,1717,50,modify,0.9004328483732683,24,0.0,0.0,0.0,0.0,0.0,0.0,0.0,0.0,0.8786313047953407,0.1969424907510674
assured,normal,1717,51,modify,0.7858214486587378,24,0.0,0.0,0.0,0.0,0.0,0.0,0.0,0.0,0.7665913919486765,0.17278016947065386
assured,normal,1717,52,modify,0.8468144679342997,24,0.0,0.0,0.0,0.0,0.0,0.0,0.0,0.0,0.8258902532377057,0.1870829567593194
assured,normal,1717,53,modify,0.5284607790735161,24,0.0,0.0,0.0,0.0,0.0,-0.18666185140609742,-0.023352121780494377,0.0,0.4848519668957389,0.09381576015956929
assured,normal,1717,54,modify,0.4752465887290712,24,0.0,0.0,0.0,0.0,0.0,-0.17007217407226563,-0.022240500884537245,0.0,0.42560569020802247,0.12369289505832441
assured,normal,1717,55,modify,0.46345830061973303,24,0.0,0.0,0.0,0.0,0.0,0.0,0.0,0.0,0.4471811901248227,0.12174801687041147
assured,normal,1717,56,modify,0.4733719735976481,24,0.0,0.0,0.0,0.0,0.0,0.0,0.0,0.0,0.4645840131716097,0.09078942720985764
assured,normal,1717,57,modify,0.35875550089861824,24,0.0,0.0,0.0,0.0,0.0,0.0,0.0,0.0,0.3438718762892497,0.10226261351212104
assured,normal,1717,58,modify,0.3128343524651865,24,0.017838616093071233,0.03938802207228588,0.29949552308741845,0.0,0.0,-0.16272791221423438,-0.020878199445028292,0.0512435473019566,0.0,0.0
assured,normal,1717,59,modify,0.23959330582371235,24,0.010342720270019671,0.04342188738703142,0.3336599181143506,0.0,0.0,0.002981436755998646,0.012516978869262528,0.09618223425738373,0.0,0.0
assured,normal,1717,60,modify,0.3380057927939789,24,0.274962716744901,0.07972497648776734,0.4499999945959491,0.0,0.0,0.20217979319184226,0.040071266084833884,0.12231394781849458,0.0,0.0
assured,normal,1717,70,modify,0.04217525261430166,24,0.0,0.0,0.45,0.0,0.0,0.020985186100006104,0.009183062225719914,0.4145874984562397,0.0,0.0
assured,normal,1717,71,modify,0.25917295501921234,24,0.0,0.0,0.45,0.0,0.0,0.1285452961921692,0.05993629761217344,0.23307981267571448,0.0,0.0
assured,normal,1717,72,modify,0.27629787899641406,24,0.0,0.0,0.45,0.0,0.0,0.22118444442749025,0.10926370037450735,0.32558375000953677,0.0,0.0
assured,normal,1717,73,modify,0.24893086131460307,24,0.0,0.0,0.45,0.0,0.0,0.19759984016418458,0.10279384401986588,0.3388500899076462,0.0,0.0
assured,normal,1717,74,modify,0.26483871120189534,24,0.0,0.0,0.45,0.0,0.0,0.2085456132888794,0.11352250696535525,0.33269309252500534,0.0,0.0
assured,normal,1717,75,modify,0.3474611842640029,24,0.0,0.0,0.45,0.0,0.0,0.27160215377807617,0.1536911638088203,0.29722378849983216,0.0,0.0
assured,normal,1717,76,modify,0.22622769517216937,24,0.0,0.0,0.45,0.0,0.0,0.183314847946167,0.08331875806810904,0.34688539803028107,0.0,0.0
assured,normal,1717,77,modify,0.26537157425548263,24,0.0,0.0,0.45,0.0,0.0,0.22120745182037355,0.07750298024951441,0.3255708083510399,0.0,0.0
assured,normal,1717,78,modify,0.3730712196383304,24,0.0,0.0,0.45,0.0,0.0,0.18862414360046387,0.04781331716495909,0.13169675767421724,0.0,0.0
assured,normal,1717,79,modify,0.27230774055449386,24,0.0,0.0,0.45,0.0,0.0,0.23402454853057864,0.04533475857327127,0.3183611914515495,0.0,0.0
assured,normal,1717,80,modify,0.3651532011637477,24,0.0,0.0,0.45,0.0,0.0,0.1857032656669617,0.025450542246983406,0.13662573918700216,0.0,0.0
assured,normal,1717,81,modify,0.29823636026196243,24,0.0,0.0,0.45,0.0,0.0,0.15182327032089235,0.015977324667369282,0.19379823133349416,0.0,0.0
assured,normal,1717,82,modify,0.3516479654692131,24,0.0,0.0,0.45,0.0,0.0,0.17910184860229494,0.015271061813710934,0.14776563048362729,0.0,0.0
assured,normal,1717,83,modify,0.03794094377092555,24,0.0,0.0,0.45,0.0,0.0,0.019326699390773052,0.001279379666872215,0.4173755139112473,0.0,0.0
assured,normal,1717,84,modify,0.02553149801511993,24,0.0,0.0,0.45,0.0,0.0,0.01277087933063744,0.0008454006042799342,0.42790820673108104,0.0,0.0
assured,normal,1717,85,modify,0.001485055860945867,24,0.0,0.0,0.45,0.0,0.0,0.0007336690235848738,4.856707356024812e-05,0.44870974346995357,0.0,0.0
assured,normal,1818,11,modify,0.2000319200842261,24,0.0,0.0,0.45,0.0,0.0,0.0,0.0,0.27751719653606416,0.0,0.10130375887302255
assured,normal,1818,17,modify,0.08965866419854272,24,0.0,0.0,0.45,0.0,0.0,0.0,0.0,0.37188275456428527,0.0,0.04400422742650247
assured,normal,1818,38,modify,0.28947145634973687,24,0.0,0.0,0.45,0.0,0.0,-0.11746201515197754,-0.012142537096277934,0.18571046590805051,0.0,0.0
assured,normal,1818,39,modify,0.2707129713766787,24,0.0,0.0,0.0,0.0,0.0,-0.2692750453948975,-0.02786508207715134,0.0,0.0,0.0
assured,normal,1818,40,modify,0.436762071099753,24,0.0,0.0,0.0,0.0,0.0,0.0,0.0,0.0,0.41684796905753324,0.13037974322706547
assured,normal,1818,41,modify,0.4416315140294853,24,0.0,0.0,0.0,0.0,0.0,-0.15686196088790894,-0.016288274578312823,0.0,0.3926565716491404,0.12644456596619946
assured,normal,1818,42,modify,0.5306041728555203,24,0.0,0.0,0.0,0.0,0.0,-0.18161864280700685,-0.01891020399552499,0.0,0.48372379261869775,0.11920215382308523
assured,normal,1818,43,modify,0.8105333331587865,24,0.0,0.0,0.0,0.0,0.0,0.0,0.0,0.0,0.7813365553015982,0.21558634351675682
assured,normal,1818,44,modify,0.9138748551624183,24,0.0,0.0,0.0,0.0,0.0,0.0,0.0,0.0,0.8883866786956787,0.21432769306413002
assured,normal,1818,45,modify,0.7712647531527032,24,0.0,0.0,0.0,0.0,0.0,0.0,0.0,0.0,0.7408743359831226,0.21437009524947148
assured,normal,1818,46,modify,0.7667468572850266,24,0.0,0.0,0.0,0.0,0.0,0.0,0.0,0.0,0.736485697102594,0.21328281956072082
assured,normal,1818,47,modify,0.9074046918897118,24,0.0,0.0,0.0,0.0,0.0,0.0,0.0,0.0,0.8860409856886955,0.19574127450097953
assured,normal,1818,48,modify,0.9884499587754806,24,0.0,0.0,0.0,0.0,0.0,0.0,0.0,0.0,0.9715523958206176,0.1819869862887656
assured,normal,1818,49,modify,0.9770545420803497,24,0.0,0.0,0.0,0.0,0.0,0.0,0.0,0.0,0.9509243488311767,0.22445146691399542
assured,normal,1818,50,modify,0.8346002568907546,24,0.0,0.0,0.0,0.0,0.0,0.0,0.0,0.0,0.8170777519476471,0.1701221210609976
assured,normal,1818,51,modify,0.7555956238419326,24,0.0,0.0,0.0,0.0,0.0,0.0,0.0,0.0,0.734809625354923,0.17601011691046933
assured,normal,1818,52,modify,0.8987051283141998,24,0.0,0.0,0.0,0.0,0.0,0.0,0.0,0.0,0.8686138370796934,0.23060986468911984
assured,normal,1818,53,modify,0.5136731825567973,24,6.797827719025435e-08,-4.658098254090875e-07,0.022034958321150863,0.0,0.0,-0.17838001708469253,-0.022316083450151566,0.002381976302600744,0.46771286176736787,0.11136038871809333
assured,normal,1818,54,modify,0.7497029876028698,24,0.0,0.0,0.0,0.0,0.0,0.0,0.0,0.0,0.7334400373309758,0.15530705476766143
assured,normal,1818,55,modify,0.4917460072307268,24,0.0,0.0,0.0,0.0,0.0,-0.17555180788040162,-0.024155844359435664,0.0,0.4435364721546543,0.11699398031168476
assured,normal,1818,56,modify,0.34618974489996424,24,-1.593352618683757e-06,-7.529914202393736e-09,0.008884466603794468,0.0,0.0,-4.0301425247442064e-07,-1.9045769956314635e-09,0.002247190373917376,0.337376388337485,0.07733342504433777
assured,normal,1818,57,modify,0.39324440536867306,24,-2.2678990932935167e-06,0.0005884519291509211,0.07751298708927651,0.0,0.0,-0.38156858404003524,-0.05925296867681942,0.00357170551902386,0.0,0.0
assured,normal,1818,58,modify,0.19431743609325408,24,0.0,0.0,0.0,0.0,0.0,-0.19167588949203493,-0.03193147909654506,0.0,0.0,0.0
assured,normal,1818,59,modify,0.34349243732624074,24,0.2849978960926265,0.1233759916751297,0.3855397455516448,0.0,0.0,0.08725572962509093,0.03777312857191688,0.11803789522238167,0.0,0.0
assured,normal,1818,70,modify,0.12020569310440489,24,0.0,0.0,0.45,0.0,0.0,0.05981087684631348,0.026173082346618186,0.349069145321846,0.0,0.0
assured,normal,1818,71,modify,0.1722949253734386,24,0.0,0.0,0.45,0.0,0.0,0.08545529842376709,0.039844897873252696,0.30579418390989305,0.0,0.0
assured,normal,1818,72,modify,0.3840934868619616,24,0.0,0.0,0.45,0.0,0.0,0.18988287448883057,0.09380092509715009,0.12957264930009843,0.0,0.0
assured,normal,1818,73,modify,0.26148581141364646,24,0.0,0.0,0.45,0.0,0.0,0.12885175943374635,0.06703025493296184,0.23256265595555306,0.0,0.0
assured,normal,1818,74,modify,0.2429802996081705,24,0.0,0.0,0.45,0.0,0.0,0.19133334159851076,0.1041529489006033,0.3423749953508377,0.0,0.0
assured,normal,1818,75,modify,0.3128360020528524,24,0.0,0.0,0.45,0.0,0.0,0.24453647136688234,0.13837554067699787,0.3124482348561287,0.0,0.0
assured,normal,1818,76,modify,0.3859065433322817,24,0.0,0.0,0.45,0.0,0.0,0.30296101570129397,0.1676216459754112,0.27958442866802213,0.0,0.0
assured,normal,1818,77,modify,0.2191791787009077,24,0.0,0.0,0.45,0.0,0.0,0.18299460411071777,0.06290455624337436,0.34706553518772126,0.0,0.0
assured,normal,1818,78,modify,0.31634067286948164,24,0.0,0.0,0.45,0.0,0.0,0.1598180651664734,0.04237099499401411,0.18030701503157615,0.0,0.0
assured,normal,1818,79,modify,0.24362642473812046,24,0.0,0.0,0.45,0.0,0.0,0.20879921913146973,0.044298099256171425,0.33255043923854827,0.0,0.0
assured,normal,1818,80,modify,0.24541436406160508,24,0.0,0.0,0.45,0.0,0.0,0.2119276523590088,0.03322682629209798,0.33079069554805757,0.0,0.0
assured,normal,1818,81,modify,0.34389189001667536,24,0.0,0.0,0.45,0.0,0.0,0.1750150799751282,0.020170537717652336,0.15466205254197118,0.0,0.0
assured,normal,1818,82,modify,0.18098889955728495,24,0.0,0.0,0.45,0.0,0.0,0.0921715259552002,0.008298858016434226,0.29446054995059967,0.0,0.0
assured,normal,1818,83,modify,0.19663518521160886,24,0.0,0.0,0.45,0.0,0.0,0.10016251802444459,0.00797930072073303,0.28097575083374976,0.0,0.0
assured,normal,1818,84,modify,0.034943736846725644,24,0.0,0.0,0.45,0.0,0.0,0.017803168296813967,0.0012406923605301086,0.41995715349912643,0.0,0.0
assured,normal,1919,6,modify,0.041440598125447654,24,0.0,0.0,0.45,0.0,0.0,0.0,0.0,0.413629487156868,0.0,0.01986224983536417
assured,normal,1919,37,modify,0.31552002131938933,24,0.0,0.0,0.45,0.0,0.0,0.0,0.0,0.13447997868061068,0.0,0.0
assured,normal,1919,38,modify,0.19444799896748471,24,0.0,0.0,0.13447997876641332,0.0,0.0,-0.16077178716659546,-0.016619648378920392,0.02637704614440292,0.0,0.0
assured,normal,1919,39,modify,0.3384650620884695,24,0.08909250268984396,0.012164085682420504,0.39084540545889157,0.0,0.0,0.039771577051909396,0.005430141217029294,0.1744763890257745,0.23790499328722656,0.09309329426696679
assured,normal,1919,40,modify,0.44393981393526144,24,0.0,0.0,0.0,0.0,0.0,0.0,0.0,0.0,0.42814429589263175,0.11736703238762204
assured,normal,1919,41,modify,0.5279353518992943,24,0.0016754222289395895,0.0009219282532962057,0.2275506759169332,0.0,0.0,8.431568406849516e-05,4.6396072581620924e-05,0.011451495968468756,0.4612054500661417,0.13893565008047415
assured,normal,1919,42,modify,0.5564435516356836,24,0.0,0.0,0.0,0.0,0.0,-0.18706016540527345,-0.01947677745290307,0.0,0.501598878343014,0.15052289214789152
assured,normal,1919,43,modify,0.7065102921394089,24,0.0,0.0,0.0,0.0,0.0,0.0,0.0,0.0,0.6790059034168124,0.19521213083215688
assured,normal,1919,44,modify,0.8335776002136042,24,0.0,0.0,0.0,0.0,0.0,0.0,0.0,0.0,0.8128696724472387,0.18464699075097316
assured,normal,1919,45,modify,0.8708076695238128,24,0.0,0.0,0.0,0.0,0.0,0.0,0.0,0.0,0.8515618904647483,0.18206686686379284
assured,normal,1919,46,modify,0.852226569685174,24,0.0,0.0,0.0,0.0,0.0,0.0,0.0,0.0,0.8302914526691086,0.19210994170521195
assured,normal,1919,47,modify,0.9579655085874449,24,0.0,0.0,0.0,0.0,0.0,0.0,0.0,0.0,0.932112979888916,0.2210504656539029
assured,normal,1919,48,modify,0.9807714417026484,24,0.0,0.0,0.0,0.0,0.0,0.0,0.0,0.0,0.9549834861869451,0.2234259652988442
assured,normal,1919,49,modify,0.9708005007890463,24,0.0,0.0,0.0,0.0,0.0,0.0,0.0,0.0,0.9447794929890327,0.22326065922963068
assured,normal,1919,50,modify,0.9376621026745148,24,0.0,0.0,0.0,0.0,0.0,0.0,0.0,0.0,0.9181034803390502,0.19051566387390684
assured,normal,1919,51,modify,0.9272857435322406,24,-3.5088917755742635e-08,-4.6321877615656226e-05,0.04999379864729124,0.0,0.0,-8.1126658317525e-09,-1.0709760740159989e-05,0.011558720189340024,0.9097081113045884,0.17553559713199635
assured,normal,1919,52,modify,0.7886790186317894,24,0.0,0.0,0.0,0.0,0.0,0.0,0.0,0.0,0.772421884666765,0.15930796125067062
assured,normal,1919,53,modify,0.7015048109745254,24,0.0,0.0,0.0,0.0,0.0,0.0,0.0,0.0,0.6851724958946396,0.15049136417055575
assured,normal,1919,54,modify,0.5237746775022253,24,0.0,0.0,0.0,0.0,0.0,-0.18639174699783326,-0.024374627046363888,0.0,0.4790421661303057,0.09758334934398974
assured,normal,1919,55,modify,0.6179486377171794,24,0.08521949054815858,0.03191587730614705,0.2943964771725163,0.0,0.0,-0.17571894852943515,-0.022460069891380857,0.025062298516979775,0.4763537139414617,0.10658867508681204
assured,normal,1919,56,modify,0.4719162663072541,24,0.0,0.0,0.0,0.0,0.0,-0.17156476974487306,-0.025004570910784594,0.0,0.4259389205165248,0.10593063584512734
assured,normal,1919,57,modify,0.39316420223734866,24,0.0017033655696347615,-0.0003503973471459917,0.12383257562874984,0.0,0.0,-0.37001890561271505,-0.05753165673439348,0.00924223309127982,0.0,0.0
assured,normal,1919,58,modify,0.41795535017317664,24,0.04036631689586643,0.039609173922528454,0.44999330953750943,0.0,0.0,-0.15457279801188695,-0.019535543648571206,0.08504493154303294,0.0,0.0
assured,normal,1919,59,modify,0.16087077105673617,24,-0.0012263579501548844,-3.0706443531777407e-09,0.09699189253370855,0.0,0.0,-0.14393437504547607,-0.025784707825648265,0.027357304592028175,0.0,0.0
assured,normal,1919,61,modify,0.3634157811593445,24,0.7269990616742985,0.09571577731500042,0.4459365945382903,0.0,0.0,0.42599495050566283,0.08537535551547633,0.2425634627527861,0.0,0.0
assured,normal,1919,62,modify,0.1210552355041041,24,0.7396871780856163,0.02249122852474893,0.45,0.0,0.0,0.6604194093807252,0.0880309133502404,0.38616003915667535,0.0,0.0
assured,normal,1919,70,modify,0.07856046870219914,24,0.0,0.0,0.45,0.0,0.0,0.03908941745758057,0.017105426235891244,0.3840366080403328,0.0,0.0
assured,normal,1919,71,modify,0.27780712332929,24,0.0,0.0,0.45,0.0,0.0,0.13778752088546753,0.06424563250209415,0.21748355850577353,0.0,0.0
assured,normal,1919,72,modify,0.3003433721707719,24,0.0,0.0,0.45,0.0,0.0,0.1484796404838562,0.07334799240306016,0.19944060668349267,0.0,0.0
assured,normal,1919,73,modify,0.28392864570341764,24,0.0,0.0,0.45,0.0,0.0,0.22538087368011475,0.11724587608413473,0.3232232585549355,0.0,0.0
assured,normal,1919,74,modify,0.3319813230917741,24,0.0,0.0,0.45,0.0,0.0,0.26141664981842044,0.1423030337673085,0.30295313447713856,0.0,0.0
assured,normal,1919,75,modify,0.3857335790400143,24,0.0,0.0,0.45,0.0,0.0,0.3025413274765015,0.1682203259681394,0.27982050329446795,0.0,0.0
assured,normal,1919,76,modify,0.26969270412906765,24,0.0,0.0,0.45,0.0,0.0,0.2250607490539551,0.07781450186586016,0.32340332865715027,0.0,0.0
assured,normal,1919,77,modify,0.2526222043086461,24,0.0,0.0,0.45,0.0,0.0,0.2151906728744507,0.05347074031365982,0.32895524650812147,0.0,0.0
assured,normal,1919,78,modify,0.21048425429181128,24,0.0,0.0,0.45,0.0,0.0,0.18119626045227052,0.032912910400718844,0.34807710349559784,0.0,0.0
assured,normal,1919,79,modify,0.30087427479357115,24,0.0,0.0,0.45,0.0,0.0,0.15299445390701294,0.021495902691355557,0.19182185903191568,0.0,0.0
assured,normal,1919,80,modify,0.228772629404719,24,0.0,0.0,0.45,0.0,0.0,0.19842188358306886,0.022546938699466657,0.3383876904845238,0.0,0.0
assured,normal,1919,81,modify,0.2645780761685916,24,0.0,0.0,0.45,0.0,0.0,0.134754741191864,0.011514474250804256,0.22260137423872947,0.0,0.0
assured,normal,1919,82,modify,0.18946721262283925,24,0.0,0.0,0.45,0.0,0.0,0.0965275287628174,0.006858719587355645,0.28710979521274566,0.0,0.0
assured,normal,1919,83,modify,0.09817632446983096,24,0.0,0.0,0.45,0.0,0.0,0.05002515316009522,0.003125628848724395,0.3655825540423393,0.0,0.0
assured,normal,1919,84,modify,0.1142278142849673,24,0.0,0.0,0.45,0.0,0.0,0.05820766687393189,0.0034094622211242073,0.35177456215023994,0.0,0.0
assured,normal,1919,85,modify,0.021373639277528562,24,0.0,0.0,0.45,0.0,0.0,0.010532567004865639,0.0005982781541942582,0.4314113058149815,0.0,0.0
assured,normal,2020,14,modify,0.0964788007977439,24,0.0,0.0,0.45,0.0,0.0,0.0,0.0,0.36595740616321565,0.0,0.04738144599477779
assured,normal,2020,18,modify,0.06993473094788144,24,0.0,0.0,0.45,0.0,0.0,0.0,0.0,0.38887723088264464,0.0,0.03398343255439383
assured,normal,2020,38,modify,0.4719522644171881,24,0.0,0.0,0.45,0.0,0.0,-0.19150925874710084,-0.019797108670480797,0.019104167819023132,0.0,0.0
assured,normal,2020,39,modify,0.3190618639040024,24,-1.2731481932451487e-07,0.000145836119631353,0.12060407881415527,0.0,0.0,-0.3039799042191892,-0.031421394189317615,0.02895104721297248,0.0,0.0
assured,normal,2020,40,modify,0.3908821663292844,24,0.0,0.0,0.0,0.0,0.0,-0.3887999773025513,-0.04029200421684103,0.0,0.0,0.0
assured,normal,2020,41,modify,0.47461825875626873,24,0.0,0.0,0.0,0.0,0.0,0.0,0.0,0.0,0.4430602465338795,0.17017670077355004
assured,normal,2020,42,modify,0.4281844633977339,24,-0.00013669964953666735,-6.620353024932124e-10,0.0810680912311758,0.0,0.0,-2.0376214961245984e-05,-9.868184506147406e-11,0.012083870434366081,0.4074687929700794,0.1120369635460882
assured,normal,2020,43,modify,0.7022508255523531,24,0.0,0.0,0.0,0.0,0.0,0.0,0.0,0.0,0.6873298457186133,0.143992726112775
assured,normal,2020,44,modify,0.8610543998633302,24,0.0,0.0,0.0,0.0,0.0,0.0,0.0,0.0,0.8296130315958637,0.2305577960736096
assured,normal,2020,45,modify,0.9108950144433225,24,0.0,0.0,0.0,0.0,0.0,0.0,0.0,0.0,0.8871219994462411,0.20674691155179115
assured,normal,2020,46,modify,0.971679002550486,24,0.0,0.0,0.0,0.0,0.0,0.0,0.0,0.0,0.9507533311843872,0.20056965682599695
assured,normal,2020,47,modify,0.9475782869215628,24,0.0,0.0,0.0,0.0,0.0,0.0,0.0,0.0,0.9280069828033447,0.19159240515593573
assured,normal,2020,48,modify,0.970217987641693,24,0.0,0.0,0.0,0.0,0.0,0.0,0.0,0.0,0.9481927871704101,0.20555627429369677
assured,normal,2020,49,modify,0.9155444903481688,24,0.0,0.0,0.0,0.0,0.0,0.0,0.0,0.0,0.9010904073715209,0.16204256092124297
assured,normal,2020,50,modify,0.9592016816662063,24,0.0,0.0,0.0,0.0,0.0,0.0,0.0,0.0,0.936938452720642,0.20546094987789676
assured,normal,2020,51,modify,0.9520161940408208,24,0.0,0.0,0.0,0.0,0.0,0.0,0.0,0.0,0.9208746777409632,0.2415049929327487
assured,normal,2020,52,modify,0.8820144830046589,24,0.0,0.0,0.0,0.0,0.0,0.0,0.0,0.0,0.8548207729816609,0.2173269295531768
assured,normal,2020,53,modify,0.5725093128042764,24,0.0,0.0,0.0,0.0,0.0,-0.19557029008865356,-0.024466602020682987,0.0,0.5215741974702739,0.12992658234967178
assured,normal,2020,54,modify,0.5239554413756081,24,0.0,0.0,0.0,0.0,0.0,-0.18322288990020752,-0.02396023257256378,0.0,0.473989875898918,0.12537217380312807
assured,normal,2020,55,modify,0.49410067017470255,24,0.0,0.0,0.0,0.0,0.0,0.0,0.0,0.0,0.4792374541936684,0.12027857151239257
assured,normal,2020,56,modify,0.31977185577771394,24,0.0,0.0,0.0,0.0,0.0,0.0,0.0,0.0,0.3093335926932564,0.08103559822081675
assured,normal,2020,57,modify,0.475088348191996,24,9.031368078656496e-06,0.0287750393074748,0.3339120723736505,0.0,0.0,-0.35927926154190604,-0.05288811086025655,0.033992097929948506,0.0,0.0
assured,normal,2020,58,modify,0.20947649006014485,24,-0.0001428081988121719,-6.547610758718182e-05,0.35501591453008263,0.0,0.0,-0.10256319582171598,-0.017106428928463664,0.1730816681275739,0.0,0.0
assured,normal,2020,59,modify,0.0988022767846243,24,-9.881389232284e-06,0.009662563627065381,0.25932827823455773,0.0,0.0,-0.05977072974019892,-0.0039567983645210705,0.1818360600372419,0.0,0.0
assured,normal,2020,61,modify,0.028527756540631024,24,0.3771556783525548,0.11173578009893426,0.42872630772764003,0.0,0.0,0.36346219694693155,0.10636410304545814,0.40428317892078464,0.0,0.0
assured,normal,2020,70,modify,0.12016767137260559,24,0.0,0.0,0.45,0.0,0.0,0.05979195833206177,0.026164803654555906,0.34910107031464577,0.0,0.0
assured,normal,2020,71,modify,0.3359687952984859,24,0.0,0.0,0.45,0.0,0.0,0.16663470268249514,0.07769609179291374,0.16880393922328946,0.0,0.0
assured,normal,2020,72,modify,0.2679899841947004,24,0.0,0.0,0.45,0.0,0.0,0.21453373432159425,0.10597829213447828,0.32932477444410324,0.0,0.0
assured,normal,2020,73,modify,0.26592604619246474,24,0.0,0.0,0.45,0.0,0.0,0.2110905170440674,0.10981185847656198,0.3312615841627121,0.0,0.0
assured,normal,2020,74,modify,0.25897134897523844,24,0.0,0.0,0.45,0.0,0.0,0.20392539501190188,0.1110074755856105,0.3352919653058052,0.0,0.0
assured,normal,2020,75,modify,0.3458023603037067,24,0.0,0.0,0.45,0.0,0.0,0.27030549049377445,0.15295742261251397,0.29795316159725194,0.0,0.0
assured,normal,2020,76,modify,0.3108417716265608,24,0.0,0.0,0.45,0.0,0.0,0.2550884246826172,0.1047087143380799,0.3065127611160279,0.0,0.0
assured,normal,2020,77,modify,0.24155504703448344,24,0.0,0.0,0.45,0.0,0.0,0.20454766750335696,0.05719033670308533,0.3349419370293617,0.0,0.0
assured,normal,2020,78,modify,0.2878903174892299,24,0.0,0.0,0.45,0.0,0.0,0.24688982963562012,0.05137931805976464,0.3111244708299637,0.0,0.0
assured,normal,2020,79,modify,0.2744881700782668,24,0.0,0.0,0.45,0.0,0.0,0.23737792968750002,0.034154436988049444,0.31647491455078125,0.0,0.0
assured,normal,2020,80,modify,0.2475085381162479,24,0.0,0.0,0.45,0.0,0.0,0.12601288557052612,0.012751125699361621,0.23735325559973716,0.0,0.0
assured,normal,2020,81,modify,0.21448932591116485,24,0.0,0.0,0.45,0.0,0.0,0.18642973899841309,0.015893164135743373,0.34513327181339265,0.0,0.0
assured,normal,2020,82,modify,0.209205244846369,24,0.0,0.0,0.45,0.0,0.0,0.1065941333770752,0.0069695188144072535,0.2701223999261856,0.0,0.0
assured,normal,2020,83,modify,0.01083225437114108,24,0.0,0.0,0.45,0.0,0.0,0.004999628298128627,0.0003225349746213267,0.44039596840739254,0.0,0.0
assured,normal,2020,85,modify,0.07486616406759951,24,0.0,0.0,0.45,0.0,0.0,0.03436080725546181,0.0022166772078350133,0.38352170437574384,0.0,0.0
assured,solar_surge,101,19,modify,0.03301496930515554,24,0.0,0.0,0.45,0.0,0.0,0.0,0.0,0.42101991176605225,0.0,0.015815899726950872
assured,solar_surge,101,38,modify,0.41263581432910995,24,0.0,0.0,0.45,0.0,0.0,-0.16743977069854737,-0.017308945572479847,0.07326051592826843,0.0,0.0
assured,solar_surge,101,39,modify,0.25690997190236375,24,0.002655836682884139,-0.0009236686308538157,0.14969794192314018,0.0,0.0,-0.2370892307494226,-0.02501933582686053,0.06056638114284581,0.0,0.0
assured,solar_surge,101,40,modify,0.9206982888380979,24,0.0,0.0,0.0,0.0,0.0,0.0,0.0,0.0,0.8966199159622192,0.20918428566530617
assured,solar_surge,101,41,modify,0.8604018516386663,24,0.0,0.0,0.0,0.0,0.0,0.0,0.0,0.0,0.8308477878570556,0.2235694516616318
assured,solar_surge,101,42,modify,0.8843095201912744,24,0.0,0.0,0.0,0.0,0.0,0.0,0.0,0.0,0.8604120254516602,0.20419224754895485
assured,solar_surge,101,43,modify,0.9184718349244618,24,0.0,0.0,0.0,0.0,0.0,0.0,0.0,0.0,0.8855418205261231,0.24373386233510397
assured,solar_surge,101,44,modify,0.978506111424945,24,0.0,0.0,0.0,0.0,0.0,0.0,0.0,0.0,0.9460472345352172,0.24993767247902976
assured,solar_surge,101,45,modify,0.9952296062719127,24,0.0,0.0,0.0,0.0,0.0,0.0,0.0,0.0,0.9699254751205444,0.22299448852456527
assured,solar_surge,101,46,modify,0.9962351005297158,24,0.0,0.0,0.0,0.0,0.0,0.0,0.0,0.0,0.9704108476638793,0.22536007247008982
assured,solar_surge,101,47,modify,0.9908677247703381,24,0.0,0.0,0.0,0.0,0.0,0.0,0.0,0.0,0.9655804395675659,0.22242585891944455
assured,solar_surge,101,48,modify,0.9516138093935911,24,0.0,0.0,0.0,0.0,0.0,0.0,0.0,0.0,0.9272593975067138,0.21391318791525663
assured,solar_surge,101,49,modify,0.9430690730916241,24,0.0,0.0,0.0,0.0,0.0,0.0,0.0,0.0,0.923135232925415,0.1928746182203219
assured,solar_surge,101,50,modify,0.9468221556061271,24,0.0,0.0,0.0,0.0,0.0,0.0,0.0,0.0,0.9213767766952514,0.2180298826154387
assured,solar_surge,101,51,modify,0.9105683781316934,24,0.0,0.0,0.0,0.0,0.0,0.0,0.0,0.0,0.8936948060989379,0.17448313616268077
assured,solar_surge,101,52,modify,0.928871588621896,24,0.0,0.0,0.0,0.0,0.0,0.0,0.0,0.0,0.9174155473709106,0.14543432054057015
assured,solar_surge,101,53,modify,0.9542091094855236,24,0.0,0.0,0.0,0.0,0.0,0.0,0.0,0.0,0.9346097946166991,0.1924046684248784
assured,solar_surge,101,54,modify,0.9620735369372294,24,0.0,0.0,0.0,0.0,0.0,0.0,0.0,0.0,0.9443581581115722,0.18377475257235237
assured,solar_surge,101,55,modify,0.9673933984086202,24,0.0,0.0,0.0,0.0,0.0,0.0,0.0,0.0,0.9459896564483642,0.20236985244172392
assured,solar_surge,101,56,modify,0.9770359413221781,24,0.0,0.0,0.0,0.0,0.0,0.0,0.0,0.0,0.956915545463562,0.19726091727833048
assured,solar_surge,101,57,modify,0.9254280410592699,24,0.0,0.0,0.0,0.0,0.0,0.0,0.0,0.0,0.9085971593856811,0.1756936570712472
assured,solar_surge,101,58,modify,0.8461879691299076,24,0.0,0.0,0.0,0.0,0.0,0.0,0.0,0.0,0.8301388395835427,0.1640231267690218
assured,solar_surge,101,59,modify,0.4771831319825666,24,0.0,0.0,0.0,0.0,0.0,-0.1705112934112549,-0.030619336571023482,0.0,0.4337947197293269,0.0975409536083057
assured,solar_surge,101,60,modify,0.09632680105562512,24,0.16041167605715,0.048481264951437085,0.31657435082062124,0.0,0.0,0.1172729834061711,0.03544344601283557,0.23143962773245585,0.0,0.0
assured,solar_surge,101,70,modify,0.14924631810412742,24,0.0,0.0,0.45,0.0,0.0,0.0742606520652771,0.03249626596534101,0.3246851496398449,0.0,0.0
assured,solar_surge,101,71,modify,0.3497735208743013,24,0.0,0.0,0.45,0.0,0.0,0.1734816074371338,0.08088857050082954,0.1572497874498367,0.0,0.0
assured,solar_surge,101,72,modify,0.3077007554415697,24,0.0,0.0,0.45,0.0,0.0,0.15211688280105592,0.07514476683611153,0.19330276027321813,0.0,0.0
assured,solar_surge,101,73,modify,0.32577192981200787,24,0.0,0.0,0.45,0.0,0.0,0.2585958242416382,0.13452469799164174,0.30453984886407853,0.0,0.0
assured,solar_surge,101,74,modify,0.24740418039573545,24,0.0,0.0,0.45,0.0,0.0,0.1948168992996216,0.10604923526765707,0.3404154941439629,0.0,0.0
assured,solar_surge,101,75,modify,0.2935723727599442,24,0.0,0.0,0.45,0.0,0.0,0.2294785499572754,0.12985473392420896,0.3209183156490326,0.0,0.0
assured,solar_surge,101,76,modify,0.2976358988201112,24,0.0,0.0,0.45,0.0,0.0,0.1480353593826294,0.0653283241321265,0.20019033104181289,0.0,0.0
assured,solar_surge,101,77,modify,0.18817400759821326,24,0.0,0.0,0.45,0.0,0.0,0.09435869455337526,0.03393532667169936,0.29076970294117926,0.0,0.0
assured,solar_surge,101,78,modify,0.26599084088743324,24,0.0,0.0,0.45,0.0,0.0,0.22344784736633302,0.07088270674574905,0.3243105858564377,0.0,0.0
assured,solar_surge,101,79,modify,0.27606445130463647,24,0.0,0.0,0.45,0.0,0.0,0.13979204893112182,0.03195914848369506,0.2141009174287319,0.0,0.0
assured,solar_surge,101,80,modify,0.391133353892635,24,0.0,0.0,0.45,0.0,0.0,0.19848469495773316,0.03744816284460838,0.1150570772588253,0.0,0.0
assured,solar_surge,101,81,modify,0.2735476354856746,24,0.0,0.0,0.45,0.0,0.0,0.13909196853637695,0.019731597199103924,0.21528230309486387,0.0,0.0
assured,solar_surge,101,82,modify,0.22904039430878465,24,0.0,0.0,0.45,0.0,0.0,0.11655749082565309,0.013660022658662995,0.2533092342317104,0.0,0.0
assured,solar_surge,101,83,modify,0.24296091571617606,24,0.0,0.0,0.45,0.0,0.0,0.12370102405548096,0.012385014684384618,0.2412545219063759,0.0,0.0
assured,solar_surge,101,84,modify,0.1154080385237421,24,0.0,0.0,0.45,0.0,0.0,0.0587805986404419,0.004975147700767467,0.3508077397942543,0.0,0.0
assured,solar_surge,202,10,modify,0.029042389189978198,24,0.0,0.0,0.45,0.0,0.0,0.0,0.0,0.42444326877593996,0.0,0.01379542891697524
assured,solar_surge,202,12,modify,0.2619012006542067,24,0.0,0.0,0.45,0.0,0.0,0.22735018730163575,0.02344548830378143,0.3221155196428299,0.0,0.0
assured,solar_surge,202,38,modify,0.16825146416250306,24,0.0,0.0,0.45,0.0,0.0,-0.06827324628829956,-0.0070576894553221045,0.296385195851326,0.0,0.0
assured,solar_surge,202,39,modify,0.4724511898290726,24,0.0,0.0,0.29638516118527,0.0,0.0,-0.3782958745956421,-0.039146760070530716,0.016081951765889835,0.0,0.0
assured,solar_surge,202,40,modify,0.8850322302213265,24,0.0,0.0,0.0,0.0,0.0,0.0,0.0,0.0,0.8652286291122436,0.18617590578558388
assured,solar_surge,202,41,modify,0.9199570252344879,24,0.0,0.0,0.0,0.0,0.0,0.0,0.0,0.0,0.8890993595123291,0.23626945886646933
assured,solar_surge,202,42,modify,0.9397955275585327,24,0.0,0.0,0.0,0.0,0.0,0.0,0.0,0.0,0.903745937347412,0.2577962651922412
assured,solar_surge,202,43,modify,0.9426384654207973,24,0.0,0.0,0.0,0.0,0.0,0.0,0.0,0.0,0.9142769336700439,0.2294884856583826
assured,solar_surge,202,44,modify,0.9703758852688056,24,0.0,0.0,0.0,0.0,0.0,0.0,0.0,0.0,0.9430129766464233,0.22881408301866046
assured,solar_surge,202,45,modify,0.9843347664233951,24,0.0,0.0,0.0,0.0,0.0,0.0,0.0,0.0,0.9416810274124146,0.28662130939847985
assured,solar_surge,202,46,modify,1.0088576906889644,24,0.0,0.0,0.0,0.0,0.0,0.0,0.0,0.0,0.9823490381240845,0.22974813896733973
assured,solar_surge,202,47,modify,0.9570615092545038,24,0.0,0.0,0.0,0.0,0.0,0.0,0.0,0.0,0.9329554080963134,0.21345008550092015
assured,solar_surge,202,48,modify,0.965191188427349,24,0.0,0.0,0.0,0.0,0.0,0.0,0.0,0.0,0.9420928716659546,0.20989295217799364
assured,solar_surge,202,49,modify,0.9253045543725632,24,0.0,0.0,0.0,0.0,0.0,0.0,0.0,0.0,0.9086974382400512,0.17452072678789735
assured,solar_surge,202,50,modify,0.9720132828004482,24,0.0,0.0,0.0,0.0,0.0,0.0,0.0,0.0,0.9474650144577026,0.21707111350700123
assured,solar_surge,202,51,modify,0.9699019622150481,24,0.0,0.0,0.0,0.0,0.0,0.0,0.0,0.0,0.9436318159103393,0.22420707462155645
assured,solar_surge,202,52,modify,0.9972099680588411,24,0.0,0.0,0.0,0.0,0.0,0.0,0.0,0.0,0.9719810485839844,0.22289136723860162
assured,solar_surge,202,53,modify,0.9656510507035662,24,0.0,0.0,0.0,0.0,0.0,0.0,0.0,0.0,0.9430572509765625,0.20766553181842717
assured,solar_surge,202,54,modify,0.929135584651541,24,0.0,0.0,0.0,0.0,0.0,0.0,0.0,0.0,0.9143930912017821,0.16485814941400445
assured,solar_surge,202,55,modify,0.9213329388028808,24,0.0,0.0,0.0,0.0,0.0,0.0,0.0,0.0,0.9061312437057495,0.16667499303562167
assured,solar_surge,202,56,modify,0.9754990172982655,24,0.0,0.0,0.0,0.0,0.0,0.0,0.0,0.0,0.9444746017456054,0.24406158937317782
assured,solar_surge,202,57,modify,0.8850609961545727,24,0.0,0.0,0.0,0.0,0.0,0.0,0.0,0.0,0.873680591583252,0.14147505364856156
assured,solar_surge,202,58,modify,0.7631611138925767,24,0.0,0.0,0.0,0.0,0.0,0.0,0.0,0.0,0.752964302620324,0.12433681971663728
assured,solar_surge,202,59,modify,0.8338719396922382,24,0.0,0.0,0.0,0.0,0.0,0.0,0.0,0.0,0.8184219602174467,0.15977455003825758
assured,solar_surge,202,60,modify,0.1383489952305,24,0.1756784442961215,0.018254027393300908,0.45,0.0,0.0,0.12540151668164093,0.013029957829144387,0.32121574580669404,0.0,0.0
assured,solar_surge,202,70,modify,0.21645800663240322,24,0.0,0.0,0.45,0.0,0.0,0.10770324468612671,0.04713065650937218,0.2682507745921612,0.0,0.0
assured,solar_surge,202,71,modify,0.2689415360924587,24,0.0,0.0,0.45,0.0,0.0,0.1333903431892395,0.06219537816481574,0.22490379586815834,0.0,0.0
assured,solar_surge,202,72,modify,0.256126400599661,24,0.0,0.0,0.45,0.0,0.0,0.20503659248352052,0.10128676483066887,0.33466691672801974,0.0,0.0
assured,solar_surge,202,73,modify,0.27075164067715435,24,0.0,0.0,0.45,0.0,0.0,0.21492104530334474,0.11180454594063419,0.3291069120168686,0.0,0.0
assured,solar_surge,202,74,modify,0.27926961979091336,24,0.0,0.0,0.45,0.0,0.0,0.219909143447876,0.1197082828792258,0.3263011068105698,0.0,0.0
assured,solar_surge,202,75,modify,0.30129975465081865,24,0.0,0.0,0.45,0.0,0.0,0.23551886081695558,0.13327275691437215,0.3175206407904625,0.0,0.0
assured,solar_surge,202,76,modify,0.3670329701561582,24,0.0,0.0,0.45,0.0,0.0,0.1829527497291565,0.07697773872972859,0.1412672348320484,0.0,0.0
assured,solar_surge,202,77,modify,0.23717813219337613,24,0.0,0.0,0.45,0.0,0.0,0.19891462326049805,0.06455373186271608,0.33811052441596984,0.0,0.0
assured,solar_surge,202,78,modify,0.32307733963004054,24,0.0,0.0,0.45,0.0,0.0,0.27543485164642334,0.06716139527460986,0.2950678959488869,0.0,0.0
assured,solar_surge,202,79,modify,0.33911346649057195,24,0.0,0.0,0.45,0.0,0.0,0.17230939865112305,0.027549849505147352,0.15922788977622987,0.0,0.0
assured,solar_surge,202,80,modify,0.2491395247116755,24,0.0,0.0,0.45,0.0,0.0,0.12675297260284424,0.01590098603083578,0.23610435873270033,0.0,0.0
assured,solar_surge,202,81,modify,0.2060636188274888,24,0.0,0.0,0.45,0.0,0.0,0.1788444995880127,0.018881041563420686,0.34939996898174286,0.0,0.0
assured,solar_surge,202,82,modify,0.18222074977663572,24,0.0,0.0,0.45,0.0,0.0,0.09281556606292725,0.007608193095297642,0.29337373226881025,0.0,0.0
assured,solar_surge,202,83,modify,0.2711412767993923,24,0.0,0.0,0.45,0.0,0.0,0.13813425302505494,0.010009325163696452,0.2168984480202198,0.0,0.0
assured,solar_surge,202,84,modify,0.07046667787569239,24,0.0,0.0,0.45,0.0,0.0,0.03276126544614333,0.002214961376345545,0.387651414424181,0.0,0.0
assured,solar_surge,202,85,modify,0.08945518867142892,24,0.0,0.0,0.45,0.0,0.0,0.04006303489661742,0.002708627817233401,0.370063479244709,0.0,0.0
assured,solar_surge,202,86,modify,0.0340241952822003,24,0.0,0.0,0.45,0.0,0.0,0.014504575593863936,0.0009806420565013584,0.41923798620700836,0.0,0.0
assured,solar_surge,303,8,modify,0.07242839839567347,24,0.0,0.0,0.45,0.0,0.0,0.0,0.0,0.38657613694667814,0.0,0.034975512713266536
assured,solar_surge,303,38,modify,0.47831994854769766,24,0.0,0.0,0.45,0.0,0.0,-0.19409314393997193,-0.020064215630687176,0.01329042613506315,0.0,0.0
assured,solar_surge,303,39,modify,0.4302136405587961,24,0.00016747892027132522,0.005614534956785402,0.18734038663989877,0.0,0.0,3.1405501940291063e-05,0.0010528327278053612,0.035129906895641494,0.3782457550611426,0.1372044733742348
assured,solar_surge,303,40,modify,0.8902961412107879,24,0.0,0.0,0.0,0.0,0.0,0.0,0.0,0.0,0.8675464153289795,0.19997608933234273
assured,solar_surge,303,41,modify,0.9598323847307858,24,0.0,0.0,0.0,0.0,0.0,0.0,0.0,0.0,0.932202672958374,0.22864029239670342
assured,solar_surge,303,42,modify,0.956173695069704,24,0.0,0.0,0.0,0.0,0.0,0.0,0.0,0.0,0.9326610803604125,0.2107402294869191
assured,solar_surge,303,43,modify,0.9297115084525458,24,0.0,0.0,0.0,0.0,0.0,0.0,0.0,0.0,0.9081394672393799,0.19911352789623174
assured,solar_surge,303,44,modify,0.933420959766716,24,0.0,0.0,0.0,0.0,0.0,0.0,0.0,0.0,0.9073614120483398,0.21902044666528334
assured,solar_surge,303,45,modify,0.9666798402495225,24,0.0,0.0,0.0,0.0,0.0,0.0,0.0,0.0,0.9347511291503906,0.24639448065431993
assured,solar_surge,303,46,modify,0.960360571318814,24,0.0,0.0,0.0,0.0,0.0,0.0,0.0,0.0,0.9399199247360229,0.19708617919079963
assured,solar_surge,303,47,modify,0.9674485703462118,24,0.0,0.0,0.0,0.0,0.0,0.0,0.0,0.0,0.9422211170196533,0.21949055311599638
assured,solar_surge,303,48,modify,0.9499781715696106,24,0.0,0.0,0.0,0.0,0.0,0.0,0.0,0.0,0.9293752670288086,0.19677433647168346
assured,solar_surge,303,49,modify,0.9370406024419362,24,0.0,0.0,0.0,0.0,0.0,0.0,0.0,0.0,0.9229353189468383,0.16197372523111392
assured,solar_surge,303,50,modify,0.9918932337368352,24,0.0,0.0,0.0,0.0,0.0,0.0,0.0,0.0,0.9729604482650757,0.19287341248792955
assured,solar_surge,303,51,modify,0.996070833860666,24,0.0,0.0,0.0,0.0,0.0,0.0,0.0,0.0,0.9765695571899413,0.19613517287249718
assured,solar_surge,303,52,modify,0.9704909381106545,24,0.0,0.0,0.0,0.0,0.0,0.0,0.0,0.0,0.9402093172073364,0.24053918764187351
assured,solar_surge,303,53,modify,0.9987824996252344,24,0.0,0.0,0.0,0.0,0.0,0.0,0.0,0.0,0.9790656566619873,0.1974763821388847
assured,solar_surge,303,54,modify,0.9298609306146423,24,0.0,0.0,0.0,0.0,0.0,0.0,0.0,0.0,0.9137970685958862,0.1720937759161963
assured,solar_surge,303,55,modify,0.9389419918359033,24,0.0,0.0,0.0,0.0,0.0,0.0,0.0,0.0,0.9201987504959106,0.18667170010084147
assured,solar_surge,303,56,modify,0.9703666826440811,24,0.0,0.0,0.0,0.0,0.0,0.0,0.0,0.0,0.9488435983657837,0.20324203459410187
assured,solar_surge,303,57,modify,0.9329771069529698,24,0.0,0.0,0.0,0.0,0.0,0.0,0.0,0.0,0.9166509389877319,0.17377381319186916
assured,solar_surge,303,58,modify,0.8859226673335951,24,0.0,0.0,0.0,0.0,0.0,0.0,0.0,0.0,0.8680500803130606,0.17705375049391348
assured,solar_surge,303,59,modify,0.8951973244506087,24,0.0,0.0,0.0,0.0,0.0,0.0,0.0,0.0,0.8880954265594482,0.11253782931850174
assured,solar_surge,303,70,modify,0.18215004209598387,24,0.0,0.0,0.45,0.0,0.0,0.09063259363174439,0.03966058452054676,0.29705749824643135,0.0,0.0
assured,solar_surge,303,71,modify,0.12611704155566414,24,0.0,0.0,0.45,0.0,0.0,0.06255186796188354,0.02916580758237983,0.3444437228143215,0.0,0.0
assured,solar_surge,303,72,modify,0.30774095273803076,24,0.0,0.0,0.45,0.0,0.0,0.15213675498962403,0.07515458357011881,0.19326922595500945,0.0,0.0
assured,solar_surge,303,73,modify,0.22633985623275327,24,0.0,0.0,0.45,0.0,0.0,0.17966723442077637,0.09346508405666948,0.3489371806383133,0.0,0.0
assured,solar_surge,303,74,modify,0.3310004823740104,24,0.0,0.0,0.45,0.0,0.0,0.26064429283142093,0.14188259864017427,0.3033875852823258,0.0,0.0
assured,solar_surge,303,75,modify,0.33882124469644437,24,0.0,0.0,0.45,0.0,0.0,0.16596399545669557,0.09391383410362432,0.16993575766682623,0.0,0.0
assured,solar_surge,303,76,modify,0.26254525726294264,24,0.0,0.0,0.45,0.0,0.0,0.2064535140991211,0.11322878658276841,0.3338698983192444,0.0,0.0
assured,solar_surge,303,77,modify,0.2710922189041759,24,0.0,0.0,0.45,0.0,0.0,0.22268731594085694,0.09061389641077108,0.324738384783268,0.0,0.0
assured,solar_surge,303,78,modify,0.22550991882667076,24,0.0,0.0,0.45,0.0,0.0,0.11369855403900148,0.033386844839652305,0.258133690059185,0.0,0.0
assured,solar_surge,303,79,modify,0.3428990083177829,24,0.0,0.0,0.45,0.0,0.0,0.1733867645263672,0.043677855450694796,0.15740983486175536,0.0,0.0
assured,solar_surge,303,80,modify,0.2914974176210027,24,0.0,0.0,0.45,0.0,0.0,0.14785990715026856,0.02917463089271151,0.20048640668392181,0.0,0.0
assured,solar_surge,303,81,modify,0.2378180583736512,24,0.0,0.0,0.45,0.0,0.0,0.12083466053009034,0.019435574446844604,0.24609151035547255,0.0,0.0
assured,solar_surge,303,82,modify,0.22825681351017546,24,0.0,0.0,0.45,0.0,0.0,0.11608493328094482,0.015851385871844606,0.2541066750884056,0.0,0.0
assured,solar_surge,303,83,modify,0.08499352357489139,24,0.0,0.0,0.45,0.0,0.0,0.04325337409973145,0.005049211444779492,0.3770099312067032,0.0,0.0
assured,solar_surge,303,84,modify,0.018154949993963585,24,0.0,0.0,0.45,0.0,0.0,0.009240806102752686,0.0010204081775360269,0.43440613970160485,0.0,0.0
assured,solar_surge,303,85,modify,0.06868733238627943,24,0.0,0.0,0.45,0.0,0.0,0.03496288061141968,0.0038161509307921273,0.39100013896822927,0.0,0.0
assured,solar_surge,404,11,modify,0.35409152471501854,24,0.0,0.0,0.45,0.0,0.0,0.18026775121688843,0.01859011194867112,0.1457981698215008,0.0,0.0
assured,solar_surge,404,23,modify,0.03171249187778368,24,0.0,0.0,0.45,0.0,0.0,0.0,0.0,0.42233043909072876,0.0,0.015494435781486992
assured,solar_surge,404,38,modify,0.310810786485672,24,0.0,0.0,0.45,0.0,0.0,0.0,0.0,0.139189213514328,0.0,0.0
assured,solar_surge,404,39,modify,0.4117679404329856,24,0.0,0.0,0.45,0.0,0.0,-0.272919511795044,-0.028242218232559176,0.14296554923057558,0.0,0.0
assured,solar_surge,404,40,modify,0.9115370346133895,24,0.0,0.0,0.0,0.0,0.0,0.0,0.0,0.0,0.8800113916397094,0.23765461505326108
assured,solar_surge,404,41,modify,0.9133993908802475,24,0.0,0.0,0.0,0.0,0.0,0.0,0.0,0.0,0.8856160640716553,0.22356796353376934
assured,solar_surge,404,42,modify,0.9111752003688826,24,0.0,0.0,0.0,0.0,0.0,0.0,0.0,0.0,0.8661989450454711,0.2827359782011941
assured,solar_surge,404,43,modify,0.9809383778631945,24,0.0,0.0,0.0,0.0,0.0,0.0,0.0,0.0,0.9453113794326782,0.2619665953513203
assured,solar_surge,404,44,modify,0.9802885703637744,24,0.0,0.0,0.0,0.0,0.0,0.0,0.0,0.0,0.947441267967224,0.2516360962551106
assured,solar_surge,404,45,modify,0.9640585240086054,24,0.0,0.0,0.0,0.0,0.0,0.0,0.0,0.0,0.935500431060791,0.2329115308410579
assured,solar_surge,404,46,modify,0.9470362659929032,24,0.0,0.0,0.0,0.0,0.0,0.0,0.0,0.0,0.9278749465942382,0.1895409522729075
assured,solar_surge,404,47,modify,0.9423704439137938,24,0.0,0.0,0.0,0.0,0.0,0.0,0.0,0.0,0.9240606307983398,0.18486212205548003
assured,solar_surge,404,48,modify,0.9723855128457692,24,0.0,0.0,0.0,0.0,0.0,0.0,0.0,0.0,0.9452928543090819,0.22793640600947992
assured,solar_surge,404,49,modify,0.953299925857001,24,0.0,0.0,0.0,0.0,0.0,0.0,0.0,0.0,0.927333927154541,0.22098085027237097
assured,solar_surge,404,50,modify,1.0062993476459505,24,0.0,0.0,0.0,0.0,0.0,0.0,0.0,0.0,0.9691550016403198,0.27088181900640235
assured,solar_surge,404,51,modify,0.9666755778871519,24,0.0,0.0,0.0,0.0,0.0,0.0,0.0,0.0,0.9510011672973633,0.17337373700336323
assured,solar_surge,404,52,modify,0.9404530206858359,24,0.0,0.0,0.0,0.0,0.0,0.0,0.0,0.0,0.9187494277954101,0.20087651192391756
assured,solar_surge,404,53,modify,0.9379704928294407,24,0.0,0.0,0.0,0.0,0.0,0.0,0.0,0.0,0.9235053777694702,0.1640928476490427
assured,solar_surge,404,54,modify,0.9582993940303053,24,0.0,0.0,0.0,0.0,0.0,0.0,0.0,0.0,0.945066475868225,0.1587043943590219
assured,solar_surge,404,55,modify,0.9391551927392418,24,0.0,0.0,0.0,0.0,0.0,0.0,0.0,0.0,0.9187896251678467,0.19452018078597977
assured,solar_surge,404,56,modify,0.9277600503262589,24,0.0,0.0,0.0,0.0,0.0,0.0,0.0,0.0,0.9122214317321777,0.1690880553731643
assured,solar_surge,404,57,modify,0.9245627446284023,24,0.0,0.0,0.0,0.0,0.0,0.0,0.0,0.0,0.9089256763458251,0.1693233109589122
assured,solar_surge,404,58,modify,0.9330952144382568,24,0.0,0.0,0.0,0.0,0.0,0.0,0.0,0.0,0.9212591171264648,0.14814964839291092
assured,solar_surge,404,59,modify,0.5660732741070382,24,0.0,0.0,0.0,0.0,0.0,-0.1941876292228699,-0.034870982784485166,0.0,0.5211646259637319,0.09950660037801884
assured,solar_surge,404,70,modify,0.2124360165720317,24,0.0,0.0,0.45,0.0,0.0,0.10570201873779297,0.04625492529957039,0.27162784337997437,0.0,0.0
assured,solar_surge,404,71,modify,0.19190109191983415,24,0.0,0.0,0.45,0.0,0.0,0.09517961740493774,0.04437901692541804,0.28938439562916757,0.0,0.0
assured,solar_surge,404,72,modify,0.28763159979685055,24,0.0,0.0,0.45,0.0,0.0,0.2302574157714844,0.1137456901681506,0.32048020362854,0.0,0.0
assured,solar_surge,404,73,modify,0.2762614997982914,24,0.0,0.0,0.45,0.0,0.0,0.21929473876953126,0.11407979456219342,0.3266467094421387,0.0,0.0
assured,solar_surge,404,74,modify,0.3526806804019147,24,0.0,0.0,0.45,0.0,0.0,0.2777162313461304,0.1511757658681208,0.2937846198678017,0.0,0.0
assured,solar_surge,404,75,modify,0.3000510721513314,24,0.0,0.0,0.45,0.0,0.0,0.23558490276336672,0.1302680876057778,0.31748349219560623,0.0,0.0
assured,solar_surge,404,76,modify,0.29411691972078374,24,0.0,0.0,0.45,0.0,0.0,0.24269909858703614,0.09468199063974583,0.3134817570447922,0.0,0.0
assured,solar_surge,404,77,modify,0.22775461863406313,24,0.0,0.0,0.45,0.0,0.0,0.19316058158874513,0.052494944357844776,0.34134717285633087,0.0,0.0
assured,solar_surge,404,78,modify,0.20933447273322867,24,0.0,0.0,0.45,0.0,0.0,0.17957520484924316,0.037019380123026996,0.34898894727230073,0.0,0.0
assured,solar_surge,404,79,modify,0.22527359450727286,24,0.0,0.0,0.45,0.0,0.0,0.19446411132812502,0.03109004811238312,0.34061393737792967,0.0,0.0
assured,solar_surge,404,80,modify,0.2146846066195847,24,0.0,0.0,0.45,0.0,0.0,0.10923904180526733,0.013219338203955398,0.2656591169536114,0.0,0.0
assured,solar_surge,404,81,modify,0.2110614618609829,24,0.0,0.0,0.45,0.0,0.0,0.1831978797912598,0.019142121614634133,0.34695119261741636,0.0,0.0
assured,solar_surge,404,82,modify,0.1732563751863718,24,0.0,0.0,0.45,0.0,0.0,0.08825211524963379,0.007109689304152875,0.30107455551624296,0.0,0.0
assured,solar_surge,404,83,modify,0.16724247877950188,24,0.0,0.0,0.45,0.0,0.0,0.08520375490188599,0.006106894697271918,0.3062186636030674,0.0,0.0
assured,solar_surge,404,84,modify,0.017803004625211526,24,0.0,0.0,0.45,0.0,0.0,0.008662907059857351,0.0005898159700925171,0.4344580203294754,0.0,0.0
assured,solar_surge,404,85,modify,0.15985572067743622,24,0.0,0.0,0.45,0.0,0.0,0.07710018257260313,0.005249383222532102,0.31006481051445006,0.0,0.0
assured,solar_surge,404,86,modify,0.002493865841623979,24,0.0,0.0,0.45,0.0,0.0,0.0011037911441929816,7.515186761133657e-05,0.44776496887207035,0.0,0.0
assured,solar_surge,505,8,modify,0.08256257225861774,24,0.0,0.0,0.45,0.0,0.0,0.0,0.0,0.3779938995838165,0.0,0.04039430455910801
assured,solar_surge,505,16,modify,0.032716168086211854,24,0.0,0.0,0.45,0.0,0.0,0.0,0.0,0.42129741311073304,0.0,0.01570061018270777
assured,solar_surge,505,38,modify,0.3683242805099971,24,0.0,0.0,0.45,0.0,0.0,-0.1494589924812317,-0.015450197736073212,0.11371726691722872,0.0,0.0
assured,solar_surge,505,39,modify,0.4920328764104248,24,0.022355432933907744,0.003353222374953887,0.348977593724062,0.0,0.0,-0.35569116306049353,-0.03669849399582113,0.03661084974910339,0.0,0.0
assured,solar_surge,505,40,modify,0.8867024638896823,24,0.0,0.0,0.0,0.0,0.0,0.0,0.0,0.0,0.8533241987228394,0.24099599860175583
assured,solar_surge,505,41,modify,0.9711784118288153,24,0.0,0.0,0.0,0.0,0.0,0.0,0.0,0.0,0.92510347366333,0.295585978385952
assured,solar_surge,505,42,modify,0.908533746657353,24,0.0,0.0,0.0,0.0,0.0,0.0,0.0,0.0,0.8818739175796508,0.21847645710228492
assured,solar_surge,505,43,modify,0.9704826571052775,24,0.0,0.0,0.0,0.0,0.0,0.0,0.0,0.0,0.9440860033035278,0.2248070419459565
assured,solar_surge,505,44,modify,0.9587575813547011,24,0.0,0.0,0.0,0.0,0.0,0.0,0.0,0.0,0.9348582744598388,0.21273482667181912
assured,solar_surge,505,45,modify,1.0133469343402906,24,0.0,0.0,0.0,0.0,0.0,0.0,0.0,0.0,0.9844244241714477,0.24037587739117874
assured,solar_surge,505,46,modify,0.9660291323795109,24,0.0,0.0,0.0,0.0,0.0,0.0,0.0,0.0,0.9368989706039428,0.23544129520367324
assured,solar_surge,505,47,modify,0.9617093718979038,24,0.0,0.0,0.0,0.0,0.0,0.0,0.0,0.0,0.9411349296569824,0.19786348873859333
assured,solar_surge,505,48,modify,1.0077905631939623,24,0.0,0.0,0.0,0.0,0.0,0.0,0.0,0.0,0.9740954160690307,0.25841814885202186
assured,solar_surge,505,49,modify,0.9455168093389529,24,0.0,0.0,0.0,0.0,0.0,0.0,0.0,0.0,0.9318175792694091,0.1603684373778463
assured,solar_surge,505,50,modify,1.002183843320177,24,0.0,0.0,0.0,0.0,0.0,0.0,0.0,0.0,0.9762283086776733,0.22660702802060353
assured,solar_surge,505,51,modify,0.9285763113761996,24,0.0,0.0,0.0,0.0,0.0,0.0,0.0,0.0,0.9064840078353882,0.2013472363548124
assured,solar_surge,505,52,modify,0.9969234477608057,24,0.0,0.0,0.0,0.0,0.0,0.0,0.0,0.0,0.9711352586746216,0.22528353258564546
assured,solar_surge,505,53,modify,0.9084030779998093,24,0.0,0.0,0.0,0.0,0.0,0.0,0.0,0.0,0.8915491819381713,0.17417292644066462
assured,solar_surge,505,54,modify,0.9332142760484979,24,0.0,0.0,0.0,0.0,0.0,0.0,0.0,0.0,0.9152707815170288,0.182121611902403
assured,solar_surge,505,55,modify,0.944166218341494,24,0.0,0.0,0.0,0.0,0.0,0.0,0.0,0.0,0.9253004550933838,0.18780020144093146
assured,solar_surge,505,56,modify,0.9160221233213166,24,0.0,0.0,0.0,0.0,0.0,0.0,0.0,0.0,0.8945142745971679,0.197334089695612
assured,solar_surge,505,57,modify,0.9225122134857171,24,0.0,0.0,0.0,0.0,0.0,0.0,0.0,0.0,0.9079532861709594,0.1632470954157323
assured,solar_surge,505,58,modify,0.9269217101279554,24,0.0,0.0,0.0,0.0,0.0,0.0,0.0,0.0,0.9075614690780639,0.18845698859792914
assured,solar_surge,505,59,modify,0.8880578854467188,24,0.0,0.0,0.0,0.0,0.0,0.0,0.0,0.0,0.8672072465063112,0.1913070817064534
assured,solar_surge,505,60,modify,0.36593949182976887,24,0.3409546458480205,0.047064134284729345,0.4101154994115136,0.0,0.0,0.10791893588325963,0.014896735833125521,0.12980972344764752,0.0,0.0
assured,solar_surge,505,70,modify,0.00834990292688378,24,0.0,0.0,0.45,0.0,0.0,0.004154670238494873,0.0018180727655035625,0.44298899397253994,0.0,0.0
assured,solar_surge,505,71,modify,0.30373417462568025,24,0.0,0.0,0.45,0.0,0.0,0.15064688920974734,0.07024151838683602,0.19578337445855137,0.0,0.0
assured,solar_surge,505,72,modify,0.3175084336241949,24,0.0,0.0,0.45,0.0,0.0,0.2541746854782105,0.1255606683768406,0.30702673941850667,0.0,0.0
assured,solar_surge,505,73,modify,0.24635256946481268,24,0.0,0.0,0.45,0.0,0.0,0.19555320739746096,0.10172916072248199,0.3400013208389282,0.0,0.0
assured,solar_surge,505,74,modify,0.3231634151652848,24,0.0,0.0,0.45,0.0,0.0,0.25447304248809816,0.13852325773131344,0.3068589136004448,0.0,0.0
assured,solar_surge,505,75,modify,0.3444685238272657,24,0.0,0.0,0.45,0.0,0.0,0.2692628622055054,0.15236743187490367,0.29853964000940325,0.0,0.0
assured,solar_surge,505,76,modify,0.34407543087578424,24,0.0,0.0,0.45,0.0,0.0,0.28300318717956546,0.11382384302095884,0.2908107072114945,0.0,0.0
assured,solar_surge,505,77,modify,0.2197341022884811,24,0.0,0.0,0.45,0.0,0.0,0.111050283908844,0.028864196334609783,0.26260264590382576,0.0,0.0
assured,solar_surge,505,78,modify,0.2506824321867139,24,0.0,0.0,0.45,0.0,0.0,0.21444573402404787,0.04800149310620874,0.32937427461147306,0.0,0.0
assured,solar_surge,505,79,modify,0.29979992236703945,24,0.0,0.0,0.45,0.0,0.0,0.15230835676193238,0.024953888498114817,0.1929796479642391,0.0,0.0
assured,solar_surge,505,80,modify,0.3122527916874915,24,0.0,0.0,0.45,0.0,0.0,0.1588244915008545,0.02106736782216698,0.18198367059230802,0.0,0.0
assured,solar_surge,505,81,modify,0.18261643036942274,24,0.0,0.0,0.45,0.0,0.0,0.09296185970306398,0.009882903285632164,0.29312686175107955,0.0,0.0
assured,solar_surge,505,82,modify,0.24333139141225352,24,0.0,0.0,0.45,0.0,0.0,0.2113741159439087,0.01986023583355911,0.3311020597815514,0.0,0.0
assured,solar_surge,505,83,modify,0.09351411489784937,24,0.0,0.0,0.45,0.0,0.0,0.04764413833618164,0.0032937561447745917,0.3696005165576935,0.0,0.0
assured,solar_surge,505,84,modify,0.1353751959897851,24,0.0,0.0,0.45,0.0,0.0,0.06847191423835211,0.004495990739757131,0.3333045557141304,0.0,0.0
assured,solar_surge,505,85,modify,0.109881893940641,24,0.0,0.0,0.45,0.0,0.0,0.05188793911318562,0.003407056694017419,0.3532009072601795,0.0,0.0
assured,solar_surge,606,5,modify,0.04285377647487452,24,0.0,0.04349999998865626,0.45,0.0,0.0,0.0,0.039883538951009864,0.41258833408355716,0.0,0.020584815303474613
assured,solar_surge,606,38,modify,0.31388950027632695,24,0.0,0.0,0.45,0.0,0.0,-0.1273703932762146,-0.013166807357449864,0.16341661512851713,0.0,0.0
assured,solar_surge,606,39,modify,0.36152226980625285,24,0.08979802631541439,0.008292065356115026,0.4309239624407562,0.0,0.0,0.03825368080099654,0.0035323941330253506,0.18357227196517628,0.23987598790929265,0.09641332472546149
assured,solar_surge,606,40,modify,0.8821866988445035,24,0.0,0.0,0.0,0.0,0.0,0.0,0.0,0.0,0.856900405883789,0.2097023271553284
assured,solar_surge,606,41,modify,0.9271241642049374,24,0.0,0.0,0.0,0.0,0.0,0.0,0.0,0.0,0.8869277715682983,0.27003396799957624
assured,solar_surge,606,42,modify,0.950801367977485,24,0.0,0.0,0.0,0.0,0.0,0.0,0.0,0.0,0.918238091468811,0.24670234843546243
assured,solar_surge,606,43,modify,0.9188309866179477,24,0.0,0.0,0.0,0.0,0.0,0.0,0.0,0.0,0.8929815530776978,0.21641240221450822
assured,solar_surge,606,44,modify,0.9656388272711605,24,0.0,0.0,0.0,0.0,0.0,0.0,0.0,0.0,0.936018705368042,0.23733379012428185
assured,solar_surge,606,45,modify,0.9478627576677131,24,0.0,0.0,0.0,0.0,0.0,0.0,0.0,0.0,0.9244842767715453,0.2092190941946612
assured,solar_surge,606,46,modify,0.9782177809502665,24,0.0,0.0,0.0,0.0,0.0,0.0,0.0,0.0,0.9500422954559326,0.2330872450652031
assured,solar_surge,606,47,modify,0.9390834701249425,24,0.0,0.0,0.0,0.0,0.0,0.0,0.0,0.0,0.9223692655563354,0.17638792991293462
assured,solar_surge,606,48,modify,0.9431520692215378,24,0.0,0.0,0.0,0.0,0.0,0.0,0.0,0.0,0.9151181459426879,0.2282424251608055
assured,solar_surge,606,49,modify,0.9602610837772186,24,0.0,0.0,0.0,0.0,0.0,0.0,0.0,0.0,0.9355127334594726,0.21660395784053488
assured,solar_surge,606,50,modify,0.9611138610387979,24,0.0,0.0,0.0,0.0,0.0,0.0,0.0,0.0,0.9412292718887328,0.19449244617905245
assured,solar_surge,606,51,modify,1.0178170483216238,24,0.0,0.0,0.0,0.0,0.0,0.0,0.0,0.0,0.9918661594390868,0.2283704569634575
assured,solar_surge,606,52,modify,0.9572756329611151,24,0.0,0.0,0.0,0.0,0.0,0.0,0.0,0.0,0.9374528646469116,0.19380083597962794
assured,solar_surge,606,53,modify,0.9903605642151565,24,0.0,0.0,0.0,0.0,0.0,0.0,0.0,0.0,0.9676114082336426,0.21105025422555201
assured,solar_surge,606,54,modify,0.9384342356353584,24,0.0,0.0,0.0,0.0,0.0,0.0,0.0,0.0,0.91210777759552,0.22072203483630898
assured,solar_surge,606,55,modify,0.9590878603895772,24,0.0,0.0,0.0,0.0,0.0,0.0,0.0,0.0,0.9409234285354614,0.18577574001932953
assured,solar_surge,606,56,modify,0.9504129367849402,24,0.0,0.0,0.0,0.0,0.0,0.0,0.0,0.0,0.9401591062545775,0.13923219934615907
assured,solar_surge,606,57,modify,0.9550897262203195,24,0.0,0.0,0.0,0.0,0.0,0.0,0.0,0.0,0.9382770538330077,0.17841680240957083
assured,solar_surge,606,58,modify,0.9200457329362802,24,0.0,0.0,0.0,0.0,0.0,0.0,0.0,0.0,0.9037536621093749,0.17237595226176652
assured,solar_surge,606,59,modify,0.8289492613354373,24,0.0,0.0,0.0,0.0,0.0,0.0,0.0,0.0,0.8099962348926356,0.17624692147189852
assured,solar_surge,606,70,modify,0.16692520152040966,24,0.0,0.0,0.45,0.0,0.0,0.08305715322494507,0.036345591729377236,0.3098410539329052,0.0,0.0
assured,solar_surge,606,71,modify,0.21920775051487298,24,0.0,0.0,0.45,0.0,0.0,0.10872324705123902,0.050693950581304076,0.2665295206010342,0.0,0.0
assured,solar_surge,606,72,modify,0.3280896585356281,24,0.0,0.0,0.45,0.0,0.0,0.1621964693069458,0.08012401807925004,0.17629345804452895,0.0,0.0
assured,solar_surge,606,73,modify,0.29610592513824235,24,0.0,0.0,0.45,0.0,0.0,0.23504712581634524,0.12227437819993991,0.3177859917283058,0.0,0.0
assured,solar_surge,606,74,modify,0.27602077982494716,24,0.0,0.0,0.45,0.0,0.0,0.2173508644104004,0.11831567506901572,0.32774013876914976,0.0,0.0
assured,solar_surge,606,75,modify,0.27182962730675797,24,0.0,0.0,0.45,0.0,0.0,0.21248276233673097,0.12023734929410274,0.33047844618558886,0.0,0.0
assured,solar_surge,606,76,modify,0.24842477472004523,24,0.0,0.0,0.45,0.0,0.0,0.1997447729110718,0.09587974737594299,0.33764356523752215,0.0,0.0
assured,solar_surge,606,77,modify,0.39279339986711276,24,0.0,0.0,0.45,0.0,0.0,0.1969545602798462,0.0709354719386368,0.11763917952775954,0.0,0.0
assured,solar_surge,606,78,modify,0.31863590245896195,24,0.0,0.0,0.45,0.0,0.0,0.1609074354171753,0.04368512524973846,0.17846870273351667,0.0,0.0
assured,solar_surge,606,79,modify,0.22834095780093222,24,0.0,0.0,0.45,0.0,0.0,0.19555318355560303,0.04241272148695065,0.3400013342499733,0.0,0.0
assured,solar_surge,606,80,modify,0.27083689058549115,24,0.0,0.0,0.45,0.0,0.0,0.13759398460388184,0.022547521268523687,0.21781015098094939,0.0,0.0
assured,solar_surge,606,81,modify,0.3358036617707868,24,0.0,0.0,0.45,0.0,0.0,0.17078540325164795,0.023173113448755077,0.16179963201284409,0.0,0.0
assured,solar_surge,606,82,modify,0.1401475549232985,24,0.0,0.0,0.45,0.0,0.0,0.07134205102920532,0.00761356449676703,0.32961028888821603,0.0,0.0
assured,solar_surge,606,83,modify,0.19961452628951734,24,0.0,0.0,0.45,0.0,0.0,0.1016392469406128,0.009879559905824134,0.2784837707877159,0.0,0.0
assured,solar_surge,606,85,modify,0.0544890339469169,24,0.0,0.0,0.45,0.0,0.0,0.027752685546875003,0.0023548921005217462,0.4031673431396484,0.0,0.0
assured,solar_surge,707,37,modify,0.39643558859825134,24,0.0,0.0,0.45,0.0,0.0,0.0,0.0,0.05356441140174867,0.0,0.0
assured,solar_surge,707,38,modify,0.46407353217360703,24,0.0,0.0,0.4469795648115653,0.0,0.0,-0.18937116861343384,-0.019576085399854573,0.02375435213811422,0.0,0.0
assured,solar_surge,707,39,modify,0.31804692720374733,24,0.0,0.0,0.0,0.0,0.0,0.0,0.0,0.0,0.3015297390759524,0.10116157549452187
assured,solar_surge,707,40,modify,0.9133780945440476,24,0.0,0.0,0.0,0.0,0.0,0.0,0.0,0.0,0.8825268745422363,0.2353844924875617
assured,solar_surge,707,41,modify,0.91433441890312,24,0.0,0.0,0.0,0.0,0.0,0.0,0.0,0.0,0.8811726093292236,0.24401283195527546
assured,solar_surge,707,42,modify,0.9280982198242624,24,0.0,0.0,0.0,0.0,0.0,0.0,0.0,0.0,0.895732069015503,0.24296165577755552
assured,solar_surge,707,43,modify,0.9370646874179068,24,0.0,0.0,0.0,0.0,0.0,0.0,0.0,0.0,0.9055760622024536,0.2408780271662761
assured,solar_surge,707,44,modify,0.9595154081799379,24,0.0,0.0,0.0,0.0,0.0,0.0,0.0,0.0,0.9328150033950805,0.22477986559242516
assured,solar_surge,707,45,modify,0.9946475987235269,24,0.0,0.0,0.0,0.0,0.0,0.0,0.0,0.0,0.9576796531677245,0.2686513122153419
assured,solar_surge,707,46,modify,0.9923229838687362,24,0.0,0.0,0.0,0.0,0.0,0.0,0.0,0.0,0.9679462909698486,0.21859753455120476
assured,solar_surge,707,47,modify,1.0055708086139001,24,0.0,0.0,0.0,0.0,0.0,0.0,0.0,0.0,0.9776485919952392,0.23532080593551252
assured,solar_surge,707,48,modify,0.9379652771379965,24,0.0,0.0,0.0,0.0,0.0,0.0,0.0,0.0,0.9161616325378418,0.201063980320084
assured,solar_surge,707,49,modify,1.0126854528433036,24,0.0,0.0,0.0,0.0,0.0,0.0,0.0,0.0,0.9887922048568725,0.2186819654537872
assured,solar_surge,707,50,modify,0.961031315821473,24,0.0,0.0,0.0,0.0,0.0,0.0,0.0,0.0,0.9391684055328369,0.20382319798899434
assured,solar_surge,707,51,modify,0.9603155716872777,24,0.0,0.0,0.0,0.0,0.0,0.0,0.0,0.0,0.9344323396682739,0.22145473534593607
assured,solar_surge,707,52,modify,0.9111099006234629,24,0.0,0.0,0.0,0.0,0.0,0.0,0.0,0.0,0.8945986747741699,0.17266864830187123
assured,solar_surge,707,53,modify,0.9580625795773443,24,0.0,0.0,0.0,0.0,0.0,0.0,0.0,0.0,0.9380465984344482,0.19481397678800255
assured,solar_surge,707,54,modify,0.9182498743255734,24,0.0,0.0,0.0,0.0,0.0,0.0,0.0,0.0,0.9058834075927734,0.15019348703268182
assured,solar_surge,707,55,modify,0.9518274657138684,24,0.00011605825802904142,-2.0399892587288697e-05,0.13161733943637724,0.0,0.0,2.6149566634829806e-05,-4.596384260921708e-06,0.02965524768628984,0.9296230316162108,0.17714476308543253
assured,solar_surge,707,56,modify,0.9425204690945326,24,0.0,0.0,0.0,0.0,0.0,0.0,0.0,0.0,0.9250498294830322,0.18063124767213154
assured,solar_surge,707,57,modify,0.9398378157380552,24,0.0,0.0,0.0,0.0,0.0,0.0,0.0,0.0,0.9240994691848754,0.17127548261064737
assured,solar_surge,707,58,modify,0.9189635345690949,24,0.0,0.0,0.0,0.0,0.0,0.0,0.0,0.0,0.903226089477539,0.16934169349228997
assured,solar_surge,707,59,modify,0.848920316814296,24,0.0,0.0,0.0,0.0,0.0,0.0,0.0,0.0,0.8294949588839492,0.18056527209350154
assured,solar_surge,707,71,modify,0.29984957061122935,24,0.0,0.0,0.45,0.0,0.0,0.14872019290924074,0.06934316546147654,0.19903467446565626,0.0,0.0
assured,solar_surge,707,72,modify,0.2905642163275823,24,0.0,0.0,0.45,0.0,0.0,0.1436451554298401,0.07095978771816777,0.20759880021214486,0.0,0.0
assured,solar_surge,707,73,modify,0.2742110486438275,24,0.0,0.0,0.45,0.0,0.0,0.2176671028137207,0.11323307851007669,0.3275622546672821,0.0,0.0
assured,solar_surge,707,74,modify,0.27875568892678865,24,0.0,0.0,0.45,0.0,0.0,0.219504451751709,0.11948798759143521,0.3265287458896637,0.0,0.0
assured,solar_surge,707,75,modify,0.23715448456078297,24,0.0,0.0,0.45,0.0,0.0,0.18537802696228028,0.10489962731184913,0.34572485983371737,0.0,0.0
assured,solar_surge,707,76,modify,0.2805620371148193,24,0.0,0.0,0.45,0.0,0.0,0.22105784416198732,0.11994497860730893,0.32565496265888216,0.0,0.0
assured,solar_surge,707,77,modify,0.22090116262715642,24,0.0,0.0,0.45,0.0,0.0,0.18215956687927248,0.07152754397087645,0.3475352436304092,0.0,0.0
assured,solar_surge,707,78,modify,0.23378137410019462,24,0.0,0.0,0.45,0.0,0.0,0.19699335098266602,0.05973917699524869,0.3391912400722504,0.0,0.0
assured,solar_surge,707,79,modify,0.2575741607630855,24,0.0,0.0,0.45,0.0,0.0,0.13042932748794556,0.029813642276034093,0.22990050986409186,0.0,0.0
assured,solar_surge,707,80,modify,0.1209759034673906,24,0.0,0.0,0.45,0.0,0.0,0.061382544040679936,0.011743325571750606,0.3464169569313526,0.0,0.0
assured,solar_surge,707,81,modify,0.16258602490063534,24,0.0,0.0,0.45,0.0,0.0,0.08255271911621094,0.01458166713768187,0.310692286491394,0.0,0.0
assured,solar_surge,707,82,modify,0.1190273116207578,24,0.0,0.0,0.45,0.0,0.0,0.06048350334167481,0.009581041980594803,0.34793408811092374,0.0,0.0
assured,solar_surge,707,83,modify,0.24969041429927352,24,0.0,0.0,0.45,0.0,0.0,0.12693955898284912,0.01858791462577053,0.2357894942164421,0.0,0.0
assured,solar_surge,707,85,modify,0.02039212673515632,24,0.0,0.0,0.45,0.0,0.0,0.010375511646270753,0.0012782249338891096,0.4324913240969181,0.0,0.0
assured,solar_surge,808,12,modify,0.01062629535430958,24,0.0,0.0,0.45,0.0,0.0,0.0,0.0,0.44064158499240874,0.0,0.005033708523813419
assured,solar_surge,808,37,modify,0.2246466510541465,24,0.0,0.0,0.45,0.0,0.0,-0.09115746021270753,-0.009416334516592954,0.2448957145214081,0.0,0.0
assured,solar_surge,808,38,modify,0.3189811064274354,24,-4.103381758937261e-09,1.1806245804816244e-05,0.24488281972672613,0.0,0.0,-0.2709962619663844,-0.028010203062581934,0.0789769986225812,0.0,0.0
assured,solar_surge,808,39,modify,0.3269326670867122,24,0.0,0.0,0.0,0.0,0.0,-0.325196123123169,-0.0336518991156773,0.0,0.0,0.0
assured,solar_surge,808,40,modify,0.884728781640769,24,0.0,0.0,0.0,0.0,0.0,0.0,0.0,0.0,0.8547331094741821,0.22842138392049705
assured,solar_surge,808,41,modify,0.9030443040114324,24,0.0,0.0,0.0,0.0,0.0,0.0,0.0,0.0,0.8664512157440185,0.25446277869897727
assured,solar_surge,808,42,modify,0.961122175876701,24,0.0,0.0,0.0,0.0,0.0,0.0,0.0,0.0,0.9283925771713256,0.24868264839981985
assured,solar_surge,808,43,modify,0.9949084915945203,24,0.0,0.0,0.0,0.0,0.0,0.0,0.0,0.0,0.9639266967773437,0.24634981202916068
assured,solar_surge,808,44,modify,0.9297806157280863,24,0.0,0.0,0.0,0.0,0.0,0.0,0.0,0.0,0.9087061643600464,0.19683775104829823
assured,solar_surge,808,45,modify,0.9042425257795291,24,0.0,0.0,0.0,0.0,0.0,0.0,0.0,0.0,0.8796156406402588,0.20959692309089228
assured,solar_surge,808,46,modify,0.9920774993198442,24,0.0,0.0,0.0,0.0,0.0,0.0,0.0,0.0,0.9589328527450561,0.25429421657392076
assured,solar_surge,808,47,modify,0.9715805039650058,24,0.0,0.0,0.0,0.0,0.0,0.0,0.0,0.0,0.9447306632995605,0.2268317647651386
assured,solar_surge,808,48,modify,0.9636045569905201,24,0.0,0.0,0.0,0.0,0.0,0.0,0.0,0.0,0.9377135753631591,0.22187156832847524
assured,solar_surge,808,49,modify,0.9817065750248859,24,0.0,0.0,0.0,0.0,0.0,0.0,0.0,0.0,0.9581301212310791,0.2138561905505887
assured,solar_surge,808,50,modify,0.9936427698665278,24,0.0,0.0,0.0,0.0,0.0,0.0,0.0,0.0,0.9768806934356689,0.18174175332232306
assured,solar_surge,808,51,modify,0.9393268149396845,24,0.0,0.0,0.0,0.0,0.0,0.0,0.0,0.0,0.9209076404571532,0.1851053295082854
assured,solar_surge,808,52,modify,0.9485267928266864,24,0.0,0.0,0.0,0.0,0.0,0.0,0.0,0.0,0.9302062511444091,0.1855246804119174
assured,solar_surge,808,53,modify,1.0107713125724562,24,0.0,0.0,0.0,0.0,0.0,0.0,0.0,0.0,0.9914287090301513,0.19679370221186898
assured,solar_surge,808,54,modify,0.9652672910273072,24,0.0,0.0,0.0,0.0,0.0,0.0,0.0,0.0,0.9417692184448242,0.211687699966298
assured,solar_surge,808,55,modify,0.9783119822421891,24,0.0,0.0,0.0,0.0,0.0,0.0,0.0,0.0,0.9629196166992187,0.17285874688447522
assured,solar_surge,808,56,modify,0.9442150654866017,24,0.0,0.0,0.0,0.0,0.0,0.0,0.0,0.0,0.9307855367660522,0.1586832519171437
assured,solar_surge,808,57,modify,0.9394512717946317,24,0.0,0.0,0.0,0.0,0.0,0.0,0.0,0.0,0.9281088352203368,0.14554271559408463
assured,solar_surge,808,58,modify,0.8940575700424718,24,0.0,0.0,0.0,0.0,0.0,0.0,0.0,0.0,0.8789633274078369,0.1635921991489603
assured,solar_surge,808,59,modify,0.7557996132347738,24,0.0,0.0,0.0,0.0,0.0,0.0,0.0,0.0,0.7378922522893014,0.1635484007175113
assured,solar_surge,808,60,modify,0.28872898346220466,24,0.3496734708583039,0.06200299140635825,0.41123373776894984,0.0,0.0,0.16386158585854088,0.029055416971956634,0.19270953631098212,0.0,0.0
assured,solar_surge,808,70,modify,0.1136988019862129,24,0.0,0.0,0.45,0.0,0.0,0.056573235988616945,0.024756299225464365,0.35453266426920893,0.0,0.0
assured,solar_surge,808,71,modify,0.2317343684718689,24,0.0,0.0,0.45,0.0,0.0,0.1149362325668335,0.0535908543183813,0.2560451075434685,0.0,0.0
assured,solar_surge,808,72,modify,0.31297197860077053,24,0.0,0.0,0.45,0.0,0.0,0.154722797870636,0.07643207220743187,0.18890527859330175,0.0,0.0
assured,solar_surge,808,73,modify,0.2426634814140857,24,0.0,0.0,0.45,0.0,0.0,0.19262483119964602,0.10020578375082269,0.3416485324501991,0.0,0.0
assured,solar_surge,808,74,modify,0.2748707482465301,24,0.0,0.0,0.45,0.0,0.0,0.21644527912139894,0.11782271666698026,0.3282495304942131,0.0,0.0
assured,solar_surge,808,75,modify,0.3447615143999264,24,0.0,0.0,0.45,0.0,0.0,0.16887370347976685,0.09556034686572519,0.16502562537789345,0.0,0.0
assured,solar_surge,808,76,modify,0.2720161480779288,24,0.0,0.0,0.45,0.0,0.0,0.21345791816711426,0.1183709344530696,0.3299299210309982,0.0,0.0
assured,solar_surge,808,77,modify,0.2884081178680218,24,0.0,0.0,0.45,0.0,0.0,0.23693313598632815,0.09633138371240417,0.3167251110076904,0.0,0.0
assured,solar_surge,808,78,modify,0.2220434816454084,24,0.0,0.0,0.45,0.0,0.0,0.1877753734588623,0.0537341784851985,0.34437635242938996,0.0,0.0
assured,solar_surge,808,79,modify,0.21398245742701374,24,0.0,0.0,0.45,0.0,0.0,0.18319470882415773,0.040118594804739886,0.3469529762864113,0.0,0.0
assured,solar_surge,808,80,modify,0.23862119512273383,24,0.0,0.0,0.45,0.0,0.0,0.2057602882385254,0.034741810761050866,0.33425983786582947,0.0,0.0
assured,solar_surge,808,81,modify,0.3075422254303508,24,0.0,0.0,0.45,0.0,0.0,0.15646625757217408,0.019623807282306855,0.18596319034695624,0.0,0.0
assured,solar_surge,808,82,modify,0.16478094459024833,24,0.0,0.0,0.45,0.0,0.0,0.08389482498168946,0.008464066829255965,0.30842748284339905,0.0,0.0
assured,solar_surge,808,83,modify,0.2592330593482097,24,0.0,0.0,0.45,0.0,0.0,0.13201779127120972,0.011922386565946725,0.2272199772298336,0.0,0.0
assured,solar_surge,808,84,modify,0.012354658287917824,24,0.0,0.0,0.45,0.0,0.0,0.006293785572052003,0.000474588912186122,0.43937923684716224,0.0,0.0
assured,solar_surge,808,85,modify,0.03239478570656056,24,0.0,0.0,0.45,0.0,0.0,0.01650294065475464,0.0012346298610327966,0.42215128764510157,0.0,0.0
assured,solar_surge,909,9,modify,0.04055982668040105,24,0.0,0.0,0.45,0.0,0.0,0.0,0.0,0.41444318890571596,0.0,0.01951442351568633
assured,solar_surge,909,38,modify,0.26156448251697084,24,0.0,0.0,0.45,0.0,0.0,-0.10613789558410645,-0.01097191575321947,0.21118973493576051,0.0,0.0
assured,solar_surge,909,39,modify,0.39686453385738335,24,0.0,0.0,0.0,0.0,0.0,0.0,0.0,0.0,0.3746053994650844,0.1310429430585359
assured,solar_surge,909,40,modify,0.9531248865191924,24,0.0,0.0,0.0,0.0,0.0,0.0,0.0,0.0,0.9116016626358032,0.2782614920930717
assured,solar_surge,909,41,modify,0.923503200812937,24,0.0,0.0,0.0,0.0,0.0,0.0,0.0,0.0,0.8956390142440795,0.22514199536211196
assured,solar_surge,909,42,modify,0.8766807894248948,24,0.0,0.0,0.0,0.0,0.0,0.0,0.0,0.0,0.8568993330001831,0.1851829896359226
assured,solar_surge,909,43,modify,0.9262803323083361,24,0.0,0.0,0.0,0.0,0.0,0.0,0.0,0.0,0.9033980369567871,0.20461485978262917
assured,solar_surge,909,44,modify,0.9565558487680347,24,0.0,0.0,0.0,0.0,0.0,0.0,0.0,0.0,0.9313809871673584,0.21801043221711242
assured,solar_surge,909,45,modify,0.9436105304735539,24,0.0,0.0,0.0,0.0,0.0,0.0,0.0,0.0,0.9234371423721313,0.19407389651412177
assured,solar_surge,909,46,modify,0.9579119961957302,24,0.0,0.0,0.0,0.0,0.0,0.0,0.0,0.0,0.9365673780441284,0.20108938022490236
assured,solar_surge,909,47,modify,0.9535110271554754,24,0.0,0.0,0.0,0.0,0.0,0.0,0.0,0.0,0.9267060041427612,0.2244977968552176
assured,solar_surge,909,48,modify,0.9227644788384265,24,0.0,0.0,0.0,0.0,0.0,0.0,0.0,0.0,0.9059164524078369,0.17552682035162692
assured,solar_surge,909,49,modify,0.9721701501165986,24,0.0,0.0,0.0,0.0,0.0,0.0,0.0,0.0,0.9516699314117432,0.19859290627939832
assured,solar_surge,909,50,modify,0.9875187811957917,24,0.0,0.0,0.0,0.0,0.0,0.0,0.0,0.0,0.9639512300491333,0.2144559845310569
assured,solar_surge,909,51,modify,0.9336175616340965,24,0.0,0.0,0.0,0.0,0.0,0.0,0.0,0.0,0.9127720355987549,0.19618604033034925
assured,solar_surge,909,52,modify,0.9569402853399289,24,0.0,0.0,0.0,0.0,0.0,0.0,0.0,0.0,0.9373990774154662,0.19239979045492034
assured,solar_surge,909,53,modify,0.9605176506785505,24,0.0,0.0,0.0,0.0,0.0,0.0,0.0,0.0,0.9397592067718505,0.19861216113970523
assured,solar_surge,909,54,modify,0.9789333959069257,24,0.0,0.0,0.0,0.0,0.0,0.0,0.0,0.0,0.9569137573242187,0.20646223544636974
assured,solar_surge,909,55,modify,0.9605176708618117,24,0.0,0.0,0.0,0.0,0.0,0.0,0.0,0.0,0.9412879943847656,0.1912357384614736
assured,solar_surge,909,56,modify,0.9425097312401249,24,0.0,0.0,0.0,0.0,0.0,0.0,0.0,0.0,0.9299826622009277,0.15315626493228296
assured,solar_surge,909,57,modify,0.9412692084626144,24,0.0,0.0,0.0,0.0,0.0,0.0,0.0,0.0,0.9271457433700561,0.16244535496782556
assured,solar_surge,909,58,modify,0.9455380471288624,24,0.0,0.0,0.0,0.0,0.0,0.0,0.0,0.0,0.930102252960205,0.17015286540817842
assured,solar_surge,909,59,modify,0.8415076630154652,24,0.0,0.0,0.0,0.0,0.0,0.0,0.0,0.0,0.8205230275485854,0.18675413831091667
assured,solar_surge,909,70,modify,0.2619969007449382,24,0.0,0.0,0.45,0.0,0.0,0.13036208152770998,0.05704610389626161,0.23001398742198945,0.0,0.0
assured,solar_surge,909,71,modify,0.21862769054021125,24,0.0,0.0,0.45,0.0,0.0,0.10843554735183716,0.05055980600101151,0.2670150138437748,0.0,0.0
assured,solar_surge,909,72,modify,0.2560989112309117,24,0.0,0.0,0.45,0.0,0.0,0.20501458644866943,0.10127589399025048,0.33467929512262345,0.0,0.0
assured,solar_surge,909,73,modify,0.3032340572093906,24,0.0,0.0,0.45,0.0,0.0,0.24070539474487307,0.1252178786257412,0.3146032154560089,0.0,0.0
assured,solar_surge,909,74,modify,0.3606504353652698,24,0.0,0.0,0.45,0.0,0.0,0.1771649479866028,0.09644033611949578,0.1510341502726078,0.0,0.0
assured,solar_surge,909,75,modify,0.27096562726403906,24,0.0,0.0,0.45,0.0,0.0,0.21180739402770998,0.11985517949180491,0.3308583408594131,0.0,0.0
assured,solar_surge,909,76,modify,0.29597293086874255,24,0.0,0.0,0.45,0.0,0.0,0.14703445434570314,0.06646045591567572,0.20187935829162598,0.0,0.0
assured,solar_surge,909,77,modify,0.37398926170299696,24,0.0,0.0,0.45,0.0,0.0,0.3103120803833008,0.11448357001017667,0.2754494547843933,0.0,0.0
assured,solar_surge,909,78,modify,0.35206060903360287,24,0.0,0.0,0.45,0.0,0.0,0.17830359935760498,0.04026558326818537,0.1491126760840416,0.0,0.0
assured,solar_surge,909,79,modify,0.32343830658978406,24,0.0,0.0,0.45,0.0,0.0,0.1642336368560791,0.02882201636396967,0.1728557378053665,0.0,0.0
assured,solar_surge,909,80,modify,0.22382001434960486,24,0.0,0.0,0.45,0.0,0.0,0.11381665468215943,0.015873607100890332,0.257934395223856,0.0,0.0
assured,solar_surge,909,81,modify,0.2250667020136512,24,0.0,0.0,0.45,0.0,0.0,0.19510505199432374,0.023339336784783435,0.3402534082531929,0.0,0.0
assured,solar_surge,909,82,modify,0.16444698995277807,24,0.0,0.0,0.45,0.0,0.0,0.08374648094177246,0.007574893532860042,0.30867781341075895,0.0,0.0
assured,solar_surge,909,83,modify,0.0644305459536636,24,0.0,0.0,0.45,0.0,0.0,0.03281888961791992,0.0026577286077278783,0.39461812376976013,0.0,0.0
assured,solar_surge,909,84,modify,0.206093266926828,24,0.0,0.0,0.45,0.0,0.0,0.10498459339141847,0.008153052380998097,0.27283849865198134,0.0,0.0
assured,solar_surge,909,85,modify,0.04873462676325557,24,0.0,0.0,0.45,0.0,0.0,0.024556558019087158,0.0016816870093885245,0.40793800726532936,0.0,0.0
assured,solar_surge,1010,7,modify,0.0212160572358359,24,0.0,0.0,0.45,0.0,0.0,0.0,0.0,0.4313815265893936,0.0,0.010172194084503454
assured,solar_surge,1010,11,modify,0.07378208475940551,24,0.0,0.0,0.45,0.0,0.0,0.0,0.0,0.3853801667690277,0.0,0.035610015229502856
assured,solar_surge,1010,18,modify,0.014327894408221022,24,0.0,0.0,0.45,0.0,0.0,0.0,0.0,0.4374422460794449,0.0,0.006898650204490245
assured,solar_surge,1010,38,modify,0.2108636131721864,24,0.0,0.0,0.45,0.0,0.0,-0.0855644464492798,-0.0088451527397057,0.2574799954891205,0.0,0.0
assured,solar_surge,1010,39,modify,0.4619286543191193,24,-4.3092851701109584e-07,-7.979301053091079e-05,0.4296161225994465,0.0,0.0,-0.31399559703374685,-0.03250999466859873,0.09237229483674508,0.0,0.0
assured,solar_surge,1010,40,modify,0.9038475986119883,24,0.0,0.0,0.0,0.0,0.0,0.0,0.0,0.0,0.8783545732498169,0.21315188286240838
assured,solar_surge,1010,41,modify,0.9019066872152076,24,0.0,0.0,0.0,0.0,0.0,0.0,0.0,0.0,0.8740959405899048,0.22224301808551825
assured,solar_surge,1010,42,modify,0.9425304721671168,24,0.0,0.0,0.0,0.0,0.0,0.0,0.0,0.0,0.9199615001678466,0.20502324056675486
assured,solar_surge,1010,43,modify,0.924927717765099,24,0.0,0.0,0.0,0.0,0.0,0.0,0.0,0.0,0.9002581357955932,0.21219465597417342
assured,solar_surge,1010,44,modify,0.93622560512338,24,0.0,0.0,0.0,0.0,0.0,0.0,0.0,0.0,0.9074700593948364,0.23025306727722725
assured,solar_surge,1010,45,modify,0.938521018384319,24,0.0,0.0,0.0,0.0,0.0,0.0,0.0,0.0,0.9115653991699219,0.22331642345631506
assured,solar_surge,1010,46,modify,0.9802360797618554,24,0.0,0.0,0.0,0.0,0.0,0.0,0.0,0.0,0.9564233779907226,0.21474890942611558
assured,solar_surge,1010,47,modify,1.004681502262541,24,0.0,0.0,0.0,0.0,0.0,0.0,0.0,0.0,0.9770709514617919,0.23391724348167423
assured,solar_surge,1010,48,modify,0.9418182320877193,24,-0.001717449210083977,0.0012466731798588399,0.18083737308877193,0.0,0.0,-0.00040907563638048657,0.00029694247807439,0.0430732757879039,0.9141745090484619,0.17979151527228276
assured,solar_surge,1010,49,modify,1.0149808706719292,24,0.0,0.0,0.0,0.0,0.0,0.0,0.0,0.0,0.9876011610031128,0.23415831101041648
assured,solar_surge,1010,50,modify,0.9903602309203547,24,0.0,0.0,0.0,0.0,0.0,0.0,0.0,0.0,0.9645954608917235,0.22443035404263353
assured,solar_surge,1010,51,modify,0.9745920420393934,24,0.0,0.0,0.0,0.0,0.0,0.0,0.0,0.0,0.9532600879669189,0.20279263570410266
assured,solar_surge,1010,52,modify,0.9533271885144068,24,0.0,0.0,0.0,0.0,0.0,0.0,0.0,0.0,0.9364511489868164,0.17858324087678176
assured,solar_surge,1010,53,modify,0.9552288116597192,24,0.0,0.0,0.0,0.0,0.0,0.0,0.0,0.0,0.9382240533828735,0.17943719870375302
assured,solar_surge,1010,54,modify,0.9665917704037263,24,0.0,0.0,0.0,0.0,0.0,0.0,0.0,0.0,0.9528795003890991,0.16223534864643674
assured,solar_surge,1010,55,modify,0.9518914127248731,24,0.0,0.0,0.0,0.0,0.0,0.0,0.0,0.0,0.9334026575088501,0.18669959982488193
assured,solar_surge,1010,56,modify,0.9737890476278963,24,0.0,0.0,0.0,0.0,0.0,0.0,0.0,0.0,0.9569639682769775,0.1802361581360004
assured,solar_surge,1010,57,modify,0.9748501106866889,24,0.0,0.0,0.0,0.0,0.0,0.0,0.0,0.0,0.9489146947860717,0.22336884367544663
assured,solar_surge,1010,58,modify,0.9855289037618397,24,0.0,0.0,0.0,0.0,0.0,0.0,0.0,0.0,0.9615137815475463,0.2162370644550808
assured,solar_surge,1010,59,modify,0.9373844293263356,24,0.0,0.0,0.0,0.0,0.0,0.0,0.0,0.0,0.9208141565322876,0.1754732386239897
assured,solar_surge,1010,60,modify,0.13913264698195593,24,0.3609721300052646,0.037026078057920096,0.45,0.0,0.0,0.30107687656562454,0.03771725856139723,0.32442144155502317,0.0,0.0
assured,solar_surge,1010,70,modify,0.06904564412107593,24,0.0,0.0,0.45,0.0,0.0,0.034355115890502934,0.015033708325999342,0.3920257419347763,0.0,0.0
assured,solar_surge,1010,71,modify,0.24660048636882345,24,0.0,0.0,0.45,0.0,0.0,0.19911689758300782,0.09284143400553958,0.3379967451095581,0.0,0.0
assured,solar_surge,1010,72,modify,0.27575973663029185,24,0.0,0.0,0.45,0.0,0.0,0.22075364589691163,0.10905088865671789,0.3258260741829872,0.0,0.0
assured,solar_surge,1010,73,modify,0.3197270815896328,24,0.0,0.0,0.45,0.0,0.0,0.25379745960235595,0.1320285302524827,0.3072389289736748,0.0,0.0
assured,solar_surge,1010,74,modify,0.31229457340549593,24,0.0,0.0,0.45,0.0,0.0,0.15341074466705323,0.08350965553948941,0.19111936837434768,0.0,0.0
assured,solar_surge,1010,75,modify,0.2860415389071706,24,0.0,0.0,0.45,0.0,0.0,0.22359187602996827,0.12652364926870907,0.3242295697331429,0.0,0.0
assured,solar_surge,1010,76,modify,0.3018133720087703,24,0.0,0.0,0.45,0.0,0.0,0.24558300971984864,0.10815505016878081,0.31185955703258517,0.0,0.0
assured,solar_surge,1010,77,modify,0.27643855540323486,24,0.0,0.0,0.45,0.0,0.0,0.23283977508544923,0.07106441750371544,0.31902762651443484,0.0,0.0
assured,solar_surge,1010,78,modify,0.2443323227529972,24,0.0,0.0,0.45,0.0,0.0,0.12381020784378052,0.026789663664851218,0.24107027426362038,0.0,0.0
assured,solar_surge,1010,79,modify,0.27850401850120743,24,0.0,0.0,0.45,0.0,0.0,0.14136886596679688,0.025854920461575018,0.21144003868103026,0.0,0.0
assured,solar_surge,1010,80,modify,0.2843692743534522,24,0.0,0.0,0.45,0.0,0.0,0.14454690217971802,0.021764589974351444,0.20607710257172585,0.0,0.0
assured,solar_surge,1010,81,modify,0.37805168718431637,24,0.0,0.0,0.45,0.0,0.0,0.19235161542892457,0.02372953197621084,0.1254066489636898,0.0,0.0
assured,solar_surge,1010,82,modify,0.25393682744110824,24,0.0,0.0,0.45,0.0,0.0,0.129310142993927,0.012116809702479504,0.23178913369774817,0.0,0.0
assured,solar_surge,1010,83,modify,0.15271312116176017,24,0.0,0.0,0.45,0.0,0.0,0.07779115438461304,0.00611107569297512,0.3187274269759655,0.0,0.0
assured,solar_surge,1010,85,modify,0.1325828628159457,24,0.0,0.0,0.45,0.0,0.0,0.06754692792892457,0.004790334770644953,0.3360145591199398,0.0,0.0
assured,solar_surge,1111,16,modify,0.06479573391398558,24,0.0,0.0,0.45,0.0,0.0,0.032987463474273684,0.003401832510628257,0.39433365538716314,0.0,0.0
assured,solar_surge,1111,38,modify,0.3777805298566818,24,0.0,0.0,0.45,0.0,0.0,0.0,0.0,0.0722194701433182,0.0,0.0
assured,solar_surge,1111,39,modify,0.37421983179479096,24,0.0,0.0,0.3692228229674242,0.0,0.0,-0.17802146673202515,-0.018421992185380376,0.04057488048942559,0.0,0.0
assured,solar_surge,1111,40,modify,0.9581327318469278,24,0.0,0.0,0.0,0.0,0.0,0.0,0.0,0.0,0.9314987897872924,0.2243397790434561
assured,solar_surge,1111,41,modify,0.9366138247730652,24,0.0,0.0,0.0,0.0,0.0,0.0,0.0,0.0,0.902823257446289,0.2493102937507835
assured,solar_surge,1111,42,modify,0.966383831832909,24,0.0,0.0,0.0,0.0,0.0,0.0,0.0,0.0,0.9251716375350951,0.2792044976870655
assured,solar_surge,1111,43,modify,0.9238782378492321,24,0.0,0.0,0.0,0.0,0.0,0.0,0.0,0.0,0.8978453636169433,0.21777213183270472
assured,solar_surge,1111,44,modify,0.9985944842201573,24,0.0,0.0,0.0,0.0,0.0,0.0,0.0,0.0,0.962144923210144,0.2673351653933093
assured,solar_surge,1111,45,modify,0.9190125066936689,24,0.0,0.0,0.0,0.0,0.0,0.0,0.0,0.0,0.9009618043899535,0.18125069514288716
assured,solar_surge,1111,46,modify,0.9628641198417928,24,0.0,0.0,0.0,0.0,0.0,0.0,0.0,0.0,0.9372771978378296,0.22049663873169675
assured,solar_surge,1111,47,modify,0.9716669927409628,24,0.0,0.0,0.0,0.0,0.0,0.0,0.0,0.0,0.9497469663619995,0.20522535093999777
assured,solar_surge,1111,48,modify,0.9966172732797545,24,0.0,0.0,0.0,0.0,0.0,0.0,0.0,0.0,0.9657955169677734,0.24593700169865487
assured,solar_surge,1111,49,modify,0.9701854139290167,24,0.0,0.0,0.0,0.0,0.0,0.0,0.0,0.0,0.9402957916259765,0.23896351531373086
assured,solar_surge,1111,50,modify,0.9690551892965011,24,0.0,0.0,0.0,0.0,0.0,0.0,0.0,0.0,0.9508478164672851,0.18696627990595965
assured,solar_surge,1111,51,modify,0.9587393640444296,24,0.0,0.0,0.0,0.0,0.0,0.0,0.0,0.0,0.9391785621643066,0.19267796069946103
assured,solar_surge,1111,52,modify,0.9753739128859648,24,0.0,0.0,0.0,0.0,0.0,0.0,0.0,0.0,0.9627086162567138,0.15667287615781111
assured,solar_surge,1111,53,modify,0.9459758452822266,24,0.0,0.0,0.0,0.0,0.0,0.0,0.0,0.0,0.9254668235778808,0.19591186363793964
assured,solar_surge,1111,54,modify,0.9475159020217321,24,0.0,0.0,0.0,0.0,0.0,0.0,0.0,0.0,0.9299051284790039,0.18183189107663147
assured,solar_surge,1111,55,modify,0.9449822941456888,24,0.0,0.0,0.0,0.0,0.0,0.0,0.0,0.0,0.9332357883453368,0.14853450642967414
assured,solar_surge,1111,56,modify,0.9101692311745988,24,0.0,0.0,0.0,0.0,0.0,0.0,0.0,0.0,0.8969085216522217,0.15480030091891442
assured,solar_surge,1111,57,modify,0.9467202669680342,24,0.0,0.0,0.0,0.0,0.0,0.0,0.0,0.0,0.9310064077377319,0.1717740744097024
assured,solar_surge,1111,58,modify,0.8724468495435103,24,0.0,0.0,0.0,0.0,0.0,0.0,0.0,0.0,0.8561277866363525,0.16795451237622852
assured,solar_surge,1111,59,modify,0.7296533758691097,24,0.0,0.0,0.0,0.0,0.0,0.0,0.0,0.0,0.7084235101509925,0.1747288733510721
assured,solar_surge,1111,60,modify,0.12507473977328099,24,0.12767691025137873,0.013224015436677398,0.45,0.0,0.0,0.09355106261863275,0.009689462987087082,0.32972272038459777,0.0,0.0
assured,solar_surge,1111,70,modify,0.12866791227494034,24,0.0,0.0,0.45,0.0,0.0,0.06402143239974976,0.028015610378906864,0.3419638328254223,0.0,0.0
assured,solar_surge,1111,71,modify,0.2756236664469602,24,0.0,0.0,0.45,0.0,0.0,0.13670456409454346,0.06374068660018489,0.2193110480904579,0.0,0.0
assured,solar_surge,1111,72,modify,0.3708351308252581,24,0.0,0.0,0.45,0.0,0.0,0.18332839012145996,0.09056305175628523,0.14063334167003633,0.0,0.0
assured,solar_surge,1111,73,modify,0.2992761830893296,24,0.0,0.0,0.45,0.0,0.0,0.23756365776062013,0.12358350877381015,0.3163704425096512,0.0,0.0
assured,solar_surge,1111,74,modify,0.26056491615095495,24,0.0,0.0,0.45,0.0,0.0,0.2051802396774292,0.11169055450554653,0.3345861151814461,0.0,0.0
assured,solar_surge,1111,75,modify,0.3919765392224457,24,0.0,0.0,0.45,0.0,0.0,0.19200092554092407,0.108647318470334,0.12599843814969064,0.0,0.0
assured,solar_surge,1111,76,modify,0.3729702677245699,24,0.0,0.0,0.45,0.0,0.0,0.1846439003944397,0.08903512017068368,0.138413418084383,0.0,0.0
assured,solar_surge,1111,77,modify,0.2619690331034123,24,0.0,0.0,0.45,0.0,0.0,0.21725571155548096,0.08058127025184934,0.327793662250042,0.0,0.0
assured,solar_surge,1111,78,modify,0.3742249067890787,24,0.0,0.0,0.45,0.0,0.0,0.18899638652801515,0.051062778902781346,0.13106859773397445,0.0,0.0
assured,solar_surge,1111,79,modify,0.2629378734078289,24,0.0,0.0,0.45,0.0,0.0,0.2255514144897461,0.04654256262734657,0.3231273293495178,0.0,0.0
assured,solar_surge,1111,80,modify,0.23866155780716203,24,0.0,0.0,0.45,0.0,0.0,0.20629837512969973,0.030567626738715336,0.3339571639895439,0.0,0.0
assured,solar_surge,1111,81,modify,0.10248278252653562,24,0.0,0.0,0.45,0.0,0.0,0.05216406583786011,0.005736085274938303,0.36197313889861105,0.0,0.0
assured,solar_surge,1111,82,modify,0.10381222234679041,24,0.0,0.0,0.45,0.0,0.0,0.052851200103759766,0.005432695461709566,0.3608135998249054,0.0,0.0
assured,solar_surge,1111,84,modify,0.10594655165193778,24,0.0,0.0,0.45,0.0,0.0,0.05394723415374756,0.005179010685088556,0.358964042365551,0.0,0.0
assured,solar_surge,1111,85,modify,0.02161183564030667,24,0.0,0.0,0.45,0.0,0.0,0.011006307601928712,0.0009853688465481117,0.4314268559217453,0.0,0.0
assured,solar_surge,1212,20,modify,0.013587586084544894,24,0.0,0.0,0.45,0.0,0.0,0.0,0.0,0.4380851715803146,0.0,0.0065314132723611595
assured,solar_surge,1212,38,modify,0.34574252166618197,24,0.0,0.0,0.45,0.0,0.0,-0.14029574394226074,-0.01450295461953967,0.13433457612991334,0.0,0.0
assured,solar_surge,1212,39,modify,0.2900118855910711,24,-3.800744370595049e-08,-0.00032366146533955345,0.2292171466797032,0.0,0.0,-0.25063318241314864,-0.026056846705041777,0.08559359747269904,0.0,0.0
assured,solar_surge,1212,40,modify,0.913336367914347,24,0.0,0.0,0.0,0.0,0.0,0.0,0.0,0.0,0.8727973937988281,0.26908740277639326
assured,solar_surge,1212,41,modify,0.8843398940776405,24,0.0,0.0,0.0,0.0,0.0,0.0,0.0,0.0,0.8630134105682373,0.1930411910360878
assured,solar_surge,1212,42,modify,0.8995152623235335,24,0.0,0.0,0.0,0.0,0.0,0.0,0.0,0.0,0.8723717451095581,0.21930628237120678
assured,solar_surge,1212,43,modify,0.9468220042605272,24,0.0,0.0,0.0,0.0,0.0,0.0,0.0,0.0,0.9254194021224975,0.20017701648081668
assured,solar_surge,1212,44,modify,0.9371012417495476,24,0.0,0.0,0.0,0.0,0.0,0.0,0.0,0.0,0.9104367971420287,0.22195399455361997
assured,solar_surge,1212,45,modify,0.9379041848857623,24,0.0,0.0,0.0,0.0,0.0,0.0,0.0,0.0,0.9138258934020995,0.21115514811171654
assured,solar_surge,1212,46,modify,0.9225553424801998,24,0.0,0.0,0.0,0.0,0.0,0.0,0.0,0.0,0.9065902948379516,0.17088708916824183
assured,solar_surge,1212,47,modify,0.9537600885480746,24,0.0,0.0,0.0,0.0,0.0,0.0,0.0,0.0,0.9330659866333008,0.19760104021805178
assured,solar_surge,1212,48,modify,0.9455456434675521,24,0.0,0.0,0.0,0.0,0.0,0.0,0.0,0.0,0.9279765844345093,0.18142773388247277
assured,solar_surge,1212,49,modify,0.9791123208579885,24,-4.582496878307216e-07,3.616482297309742e-08,0.018288553490579153,0.0,0.0,-9.57736072334251e-08,7.558402423552234e-09,0.0038222846308217096,0.9492015123367309,0.23972516117154782
assured,solar_surge,1212,50,modify,0.9673033029412776,24,0.0,0.0,0.0,0.0,0.0,0.0,0.0,0.0,0.9444395542144775,0.2090684297455366
assured,solar_surge,1212,51,modify,0.9146010625971032,24,0.0,0.0,0.0,0.0,0.0,0.0,0.0,0.0,0.9020864009857177,0.15078205748823414
assured,solar_surge,1212,52,modify,0.9960111407380253,24,0.0,0.0,0.0,0.0,0.0,0.0,0.0,0.0,0.974375581741333,0.20647134953910995
assured,solar_surge,1212,53,modify,0.9856248962515523,24,0.0,0.0,0.0,0.0,0.0,0.0,0.0,0.0,0.9632402658462524,0.20886509129896258
assured,solar_surge,1212,54,modify,0.9554635336065173,24,0.0,0.0,0.0,0.0,0.0,0.0,0.0,0.0,0.9362783432006836,0.19050834130093952
assured,solar_surge,1212,55,modify,0.9683203540893618,24,0.0,0.0,0.0,0.0,0.0,0.0,0.0,0.0,0.9451982975006104,0.21034373426773295
assured,solar_surge,1212,56,modify,0.9450453028728555,24,0.0,0.0,0.0,0.0,0.0,0.0,0.0,0.0,0.9306194543838501,0.16449332996918914
assured,solar_surge,1212,57,modify,0.9672336736047012,24,0.0,0.0,0.0,0.0,0.0,0.0,0.0,0.0,0.9534696578979491,0.1625933295766272
assured,solar_surge,1212,58,modify,0.8783019307202017,24,0.0,0.0,0.0,0.0,0.0,0.0,0.0,0.0,0.866065263748169,0.14610010416029326
assured,solar_surge,1212,59,modify,0.7640813777462441,24,0.0,0.0,0.0,0.0,0.0,0.0,0.0,0.0,0.7490808935868668,0.15065910752987902
assured,solar_surge,1212,70,modify,0.18661969192867434,24,0.0,0.0,0.45,0.0,0.0,0.09285656213760377,0.040633787287490154,0.29330455139279366,0.0,0.0
assured,solar_surge,1212,71,modify,0.2382620741418091,24,0.0,0.0,0.45,0.0,0.0,0.11817386150360108,0.05510045052501175,0.2505816087126732,0.0,0.0
assured,solar_surge,1212,72,modify,0.2901481725818744,24,0.0,0.0,0.45,0.0,0.0,0.23227200508117676,0.11474088439748112,0.3193469971418381,0.0,0.0
assured,solar_surge,1212,73,modify,0.23073486438489477,24,0.0,0.0,0.45,0.0,0.0,0.18315596580505372,0.09527996462258816,0.3469747692346573,0.0,0.0
assured,solar_surge,1212,74,modify,0.27812391789987534,24,0.0,0.0,0.45,0.0,0.0,0.21900696754455568,0.11921718038776852,0.32680858075618746,0.0,0.0
assured,solar_surge,1212,75,modify,0.3528861019066919,24,0.0,0.0,0.45,0.0,0.0,0.17285335063934326,0.09781230472024033,0.15830997079610826,0.0,0.0
assured,solar_surge,1212,76,modify,0.3999064324082696,24,0.0,0.0,0.45,0.0,0.0,0.3208910942077637,0.15611970574066308,0.26949875950813296,0.0,0.0
assured,solar_surge,1212,77,modify,0.24572587997850978,24,0.0,0.0,0.45,0.0,0.0,0.20757973194122314,0.060482434444466694,0.333236400783062,0.0,0.0
assured,solar_surge,1212,78,modify,0.2533803973610505,24,0.0,0.0,0.45,0.0,0.0,0.21703572273254396,0.04682906210879656,0.32791740596294405,0.0,0.0
assured,solar_surge,1212,79,modify,0.28701797760212455,24,0.0,0.0,0.45,0.0,0.0,0.14585464000701906,0.02293276620948461,0.20387029498815537,0.0,0.0
assured,solar_surge,1212,80,modify,0.29277617108368686,24,0.0,0.0,0.45,0.0,0.0,0.14893842935562135,0.019148168554006497,0.19866640046238898,0.0,0.0
assured,solar_surge,1212,81,modify,0.27306951878458285,24,0.0,0.0,0.45,0.0,0.0,0.13901387453079225,0.014544898491458456,0.2154140867292881,0.0,0.0
assured,solar_surge,1212,82,modify,0.2636447593408611,24,0.0,0.0,0.45,0.0,0.0,0.1342763900756836,0.011607924112191312,0.22340859174728392,0.0,0.0
assured,solar_surge,1212,83,modify,0.08932644583916936,24,0.0,0.0,0.45,0.0,0.0,0.04550824165344239,0.003273775778926297,0.373204842209816,0.0,0.0
assured,solar_surge,1212,86,modify,0.06660092565116307,24,0.0,0.0,0.45,0.0,0.0,0.03393301963806152,0.0023022150956800353,0.3927380293607712,0.0,0.0
assured,solar_surge,1313,6,modify,0.015366256026154487,24,0.0,0.0,0.45,0.0,0.0,0.0,0.0,0.43646144270896914,0.0,0.00726837607301685
assured,solar_surge,1313,16,modify,0.04318613746463841,24,0.0,0.0,0.45,0.0,0.0,0.0,0.0,0.4121500074863434,0.0,0.020794723749806905
assured,solar_surge,1313,39,modify,0.5096316056357544,24,0.0,0.0,0.44999997726420576,0.0,0.0,0.0,0.0,0.10351151002992826,0.3477657917643134,0.1368541910759706
assured,solar_surge,1313,40,modify,0.9171107261786863,24,0.0,0.0,0.10351150589641467,0.0,0.0,0.0,0.0,0.02805680973435945,0.8747398138046264,0.26500741696061414
assured,solar_surge,1313,41,modify,0.9240652370112902,24,0.0,0.0,0.02805685468177627,0.0,0.0,0.0,0.0,0.007138165944111718,0.8946985244750977,0.23015977280209413
assured,solar_surge,1313,42,modify,0.9208111200290929,24,0.0,0.0,0.007138128822802009,0.0,0.0,0.0,0.0,0.0018257130243034816,0.893077039718628,0.22422822778372217
assured,solar_surge,1313,43,modify,0.9223891601330899,24,0.0,0.0,0.0018257077948442117,0.0,0.0,0.0,0.0,0.0004644372378304444,0.8947350025177002,0.2241632997239925
assured,solar_surge,1313,44,modify,0.9702068797164722,24,0.0,0.0,2.786590402870104e-05,0.0,0.0,0.0,0.0,5.90951363527611e-06,0.9455163717269897,0.2174860449852341
assured,solar_surge,1313,45,modify,0.9425630639532336,24,0.0,0.0,0.0,0.0,0.0,0.0,0.0,0.0,0.9144868612289428,0.22833946257391383
assured,solar_surge,1313,46,modify,0.9668363231649726,24,0.0,0.0,0.0,0.0,0.0,0.0,0.0,0.0,0.9441791296005249,0.20808230827717827
assured,solar_surge,1313,47,modify,0.9774325044833696,24,0.0,0.0,0.0,0.0,0.0,0.0,0.0,0.0,0.9592367649078368,0.18772088234871387
assured,solar_surge,1313,48,modify,0.9672475543354937,24,0.0,0.0,0.0,0.0,0.0,0.0,0.0,0.0,0.935175347328186,0.24701194529334133
assured,solar_surge,1313,49,modify,0.9757318613770999,24,0.0,0.0,0.0,0.0,0.0,0.0,0.0,0.0,0.9485984802246094,0.2285029291321697
assured,solar_surge,1313,50,modify,0.9670654256656217,24,0.0,0.0,0.0,0.0,0.0,0.0,0.0,0.0,0.945210313796997,0.20443336373892707
assured,solar_surge,1313,51,modify,0.9917364657007004,24,0.0,0.0,0.0,0.0,0.0,0.0,0.0,0.0,0.9668751239776611,0.22066651769967055
assured,solar_surge,1313,52,modify,0.934018737129409,24,0.0,0.0,0.0,0.0,0.0,0.0,0.0,0.0,0.9144787073135375,0.1900518223511084
assured,solar_surge,1313,53,modify,0.9717543757905631,24,0.0,0.0,0.0,0.0,0.0,0.0,0.0,0.0,0.9454095125198364,0.22473856034315118
assured,solar_surge,1313,54,modify,0.9781086580705833,24,0.0,0.0,0.0,0.0,0.0,0.0,0.0,0.0,0.9549596071243286,0.21153887527730048
assured,solar_surge,1313,55,modify,0.9600667199776477,24,0.0,0.0,0.0,0.0,0.0,0.0,0.0,0.0,0.9423776865005493,0.18344591244972308
assured,solar_surge,1313,56,modify,0.919255686502957,24,0.0,0.0,0.0,0.0,0.0,0.0,0.0,0.0,0.9041230916976928,0.16610975957790106
assured,solar_surge,1313,57,modify,0.9421228887050077,24,0.0,0.0,0.0,0.0,0.0,0.0,0.0,0.0,0.9283653259277344,0.16041620565566306
assured,solar_surge,1313,58,modify,0.9081698298531495,24,0.0,0.0,0.0,0.0,0.0,0.0,0.0,0.0,0.8896674386684364,0.18238500055827644
assured,solar_surge,1313,59,modify,0.7278858465842845,24,0.0,0.0,0.0,0.0,0.0,0.0,0.0,0.0,0.7110706616339117,0.1555516628687444
assured,solar_surge,1313,71,modify,0.3038550705265897,24,0.0,0.0,0.45,0.0,0.0,0.15070685148239138,0.07026947675423768,0.19568218812346455,0.0,0.0
assured,solar_surge,1313,72,modify,0.32771172486856653,24,0.0,0.0,0.45,0.0,0.0,0.2623427152633667,0.1295956228303756,0.3024322226643562,0.0,0.0
assured,solar_surge,1313,73,modify,0.3436577740199846,24,0.0,0.0,0.45,0.0,0.0,0.1693434476852417,0.08809452443220243,0.16423293203115463,0.0,0.0
assured,solar_surge,1313,74,modify,0.3115712910249684,24,0.0,0.0,0.45,0.0,0.0,0.15305544137954713,0.08331624499829116,0.19171894267201423,0.0,0.0
assured,solar_surge,1313,75,modify,0.3758348606907828,24,0.0,0.0,0.45,0.0,0.0,0.18409428596496583,0.10417319843357312,0.13934089243412018,0.0,0.0
assured,solar_surge,1313,76,modify,0.3536698055638726,24,0.0,0.0,0.45,0.0,0.0,0.2783695220947266,0.15190309308039765,0.29341714382171635,0.0,0.0
assured,solar_surge,1313,77,modify,0.28195448973629805,24,0.0,0.0,0.45,0.0,0.0,0.14143309593200684,0.05032328148341179,0.21133165061473846,0.0,0.0
assured,solar_surge,1313,78,modify,0.2717557563053894,24,0.0,0.0,0.45,0.0,0.0,0.22949528694152832,0.0672204770909881,0.32090890109539033,0.0,0.0
assured,solar_surge,1313,79,modify,0.3579594171853212,24,0.0,0.0,0.45,0.0,0.0,0.18146260976791384,0.03790392827793941,0.1437818460166454,0.0,0.0
assured,solar_surge,1313,80,modify,0.23688348753328314,24,0.0,0.0,0.45,0.0,0.0,0.2044464111328125,0.03301813440085112,0.33499889373779296,0.0,0.0
assured,solar_surge,1313,81,modify,0.14015513855036868,24,0.0,0.0,0.45,0.0,0.0,0.07131758928298951,0.008574337089576502,0.3296515680849552,0.0,0.0
assured,solar_surge,1313,82,modify,0.2411326962626154,24,0.0,0.0,0.45,0.0,0.0,0.12273889780044556,0.013441087775653322,0.24287810996174813,0.0,0.0
assured,solar_surge,1313,83,modify,0.012396096845066717,24,0.0,0.0,0.45,0.0,0.0,0.00631251335144043,0.0005852220134606507,0.4393476337194443,0.0,0.0
assured,solar_surge,1313,84,modify,0.16632734315566572,24,0.0,0.0,0.45,0.0,0.0,0.08470101356506349,0.007790520914905114,0.30706703960895537,0.0,0.0
assured,solar_surge,1414,38,modify,0.4331861905117624,24,0.0,0.0,0.45,0.0,0.0,-0.17577872276306153,-0.018170977733740126,0.05449787378311155,0.0,0.0
assured,solar_surge,1414,39,modify,0.4706524986237824,24,0.04042767862415393,0.0011606459983332376,0.4499997237811975,0.0,0.0,-0.2880280662677182,-0.030574201418603182,0.11440547834817666,0.0,0.0
assured,solar_surge,1414,40,modify,0.8862014392874711,24,0.0,0.0,0.0,0.0,0.0,0.0,0.0,0.0,0.8581387996673584,0.22124825762172826
assured,solar_surge,1414,41,modify,0.9336959834767166,24,0.0,0.0,0.0,0.0,0.0,0.0,0.0,0.0,0.9136058807373046,0.19264600759623018
assured,solar_surge,1414,42,modify,0.9488652557222415,24,0.0,0.0,0.0,0.0,0.0,0.0,0.0,0.0,0.9236598014831543,0.2172506493452543
assured,solar_surge,1414,43,modify,0.9245337996860966,24,0.0,0.0,0.0,0.0,0.0,0.0,0.0,0.0,0.8991172313690186,0.2152927100886654
assured,solar_surge,1414,44,modify,0.968498876063891,24,0.0,0.0,0.0,0.0,0.0,0.0,0.0,0.0,0.9433880567550659,0.219109669592468
assured,solar_surge,1414,45,modify,0.967883639820712,24,0.0,0.0,0.0,0.0,0.0,0.0,0.0,0.0,0.9472673177719115,0.1987042247004279
assured,solar_surge,1414,46,modify,1.008704626630178,24,0.0,0.0,0.0,0.0,0.0,0.0,0.0,0.0,0.9753603458404541,0.25721045769392215
assured,solar_surge,1414,47,modify,0.9748064222028383,24,0.0,0.0,0.0,0.0,0.0,0.0,0.0,0.0,0.9490861415863037,0.22244787393167206
assured,solar_surge,1414,48,modify,0.9573096929679911,24,0.0,0.0,0.0,0.0,0.0,0.0,0.0,0.0,0.93513765335083,0.20483998031627607
assured,solar_surge,1414,49,modify,0.941922731066682,24,0.0,0.0,0.0,0.0,0.0,0.0,0.0,0.0,0.9231637001037597,0.1870486944911741
assured,solar_surge,1414,50,modify,0.9430436858435212,24,0.0,0.0,0.0,0.0,0.0,0.0,0.0,0.0,0.9230000495910644,0.19339674729484604
assured,solar_surge,1414,51,modify,0.9798458960391297,24,0.0,0.0,0.0,0.0,0.0,0.0,0.0,0.0,0.957266879081726,0.20913656351259402
assured,solar_surge,1414,52,modify,0.9511594605677979,24,0.0,0.0,0.0,0.0,0.0,0.0,0.0,0.0,0.9320508956909179,0.18969830592122272
assured,solar_surge,1414,53,modify,0.9832747858747256,24,0.0,0.0,0.0,0.0,0.0,0.0,0.0,0.0,0.9630636692047119,0.19833727232909334
assured,solar_surge,1414,54,modify,0.9381253705932832,24,0.0,0.0,0.0,0.0,0.0,0.0,0.0,0.0,0.925878381729126,0.15109081109531367
assured,solar_surge,1414,55,modify,0.9998688179476423,24,0.00010889884832134,-0.000222922219333574,0.19479904112214616,0.0,0.0,2.1618606376822678e-05,-4.425453332802489e-05,0.03867151817965481,0.9617759227752685,0.2243855710906014
assured,solar_surge,1414,56,modify,0.9025783780183229,24,0.0,0.0,0.0,0.0,0.0,0.0,0.0,0.0,0.8860631704330444,0.17187142423430482
assured,solar_surge,1414,57,modify,0.9385871641400629,24,0.0,0.0,0.0,0.0,0.0,0.0,0.0,0.0,0.9144270658493041,0.2115868756107474
assured,solar_surge,1414,58,modify,0.9508615703586205,24,0.0,0.0,0.0,0.0,0.0,0.0,0.0,0.0,0.9352597475051879,0.17154279548087686
assured,solar_surge,1414,59,modify,0.9209773169409923,24,0.0,0.0,0.0,0.0,0.0,0.0,0.0,0.0,0.9051850318908691,0.16982130714535015
assured,solar_surge,1414,70,modify,0.07575148448996827,24,0.0,0.0,0.45,0.0,0.0,0.03769174814224244,0.016493809820741813,0.3863951750099659,0.0,0.0
assured,solar_surge,1414,71,modify,0.27488925389264823,24,0.0,0.0,0.45,0.0,0.0,0.1363403081893921,0.06357084646612424,0.21992572993040085,0.0,0.0
assured,solar_surge,1414,72,modify,0.2659722704850292,24,0.0,0.0,0.45,0.0,0.0,0.21291849613189698,0.10518037480331442,0.33023334592580794,0.0,0.0
assured,solar_surge,1414,73,modify,0.2744361807864055,24,0.0,0.0,0.45,0.0,0.0,0.13523328304290771,0.07035000125433627,0.22179383486509321,0.0,0.0
assured,solar_surge,1414,74,modify,0.28361589920708485,24,0.0,0.0,0.45,0.0,0.0,0.13932271003723146,0.07584078644092568,0.21489292681217192,0.0,0.0
assured,solar_surge,1414,75,modify,0.33508425131093333,24,0.0,0.0,0.45,0.0,0.0,0.16413351297378542,0.09287802131931189,0.1730246968567371,0.0,0.0
assured,solar_surge,1414,76,modify,0.3115975782927359,24,0.0,0.0,0.45,0.0,0.0,0.24201035499572754,0.14139461603362077,0.31386917531490327,0.0,0.0
assured,solar_surge,1414,77,modify,0.2890846157307681,24,0.0,0.0,0.45,0.0,0.0,0.23573992252349854,0.10204342715060256,0.3173962935805321,0.0,0.0
assured,solar_surge,1414,78,modify,0.27140671500869357,24,0.0,0.0,0.45,0.0,0.0,0.22859644889831543,0.06979281516280114,0.3214144974946976,0.0,0.0
assured,solar_surge,1414,79,modify,0.22296479495855337,24,0.0,0.0,0.45,0.0,0.0,0.19091296195983887,0.04163222293520963,0.34261145889759065,0.0,0.0
assured,solar_surge,1414,80,modify,0.2406315640003515,24,0.0,0.0,0.45,0.0,0.0,0.20756661891937256,0.03446204667770594,0.33324377685785295,0.0,0.0
assured,solar_surge,1414,81,modify,0.2066609527527681,24,0.0,0.0,0.45,0.0,0.0,0.10514988899230958,0.012928314486457943,0.2725595623254776,0.0,0.0
assured,solar_surge,1414,82,modify,0.1184161552664135,24,0.0,0.0,0.45,0.0,0.0,0.060279572010040285,0.006437309554339009,0.34827822223305704,0.0,0.0
assured,solar_surge,1414,83,modify,0.12900847464504578,24,0.0,0.0,0.45,0.0,0.0,0.06568565368652345,0.006486081257230399,0.3391554594039917,0.0,0.0
assured,solar_surge,1414,84,modify,0.13859411347690617,24,0.0,0.0,0.45,0.0,0.0,0.07058030366897583,0.006397162866115029,0.3308957375586033,0.0,0.0
assured,solar_surge,1414,85,modify,0.0007287825712626965,24,0.0,0.0,0.45,0.0,0.0,0.00037120580673217775,3.0676523859355386e-05,0.4493735902011395,0.0,0.0
assured,solar_surge,1515,7,modify,0.011982730900636547,24,0.0,0.0,0.45,0.0,0.0,0.0,0.0,0.43944590985774995,0.0,0.005674241897058148
assured,solar_surge,1515,38,modify,0.15258334538907978,24,0.0,0.0,0.45,0.0,0.0,-0.06191542148590088,-0.006400454659759667,0.31069030165672307,0.0,0.0
assured,solar_surge,1515,39,modify,0.3258960280079641,24,1.655562709598484e-08,1.027363338969681e-07,0.3105886854486248,0.0,0.0,-0.2565540254349754,-0.026548651064494007,0.11138173707263338,0.0,0.0
assured,solar_surge,1515,40,modify,0.9607767680581928,24,0.0,0.0,0.0,0.0,0.0,0.0,0.0,0.0,0.9172256469726562,0.2859879552987132
assured,solar_surge,1515,41,modify,0.8945114382357464,24,0.0,0.0,0.0,0.0,0.0,0.0,0.0,0.0,0.8679130554199218,0.2165124508342173
assured,solar_surge,1515,42,modify,0.9581744074506218,24,0.0,0.0,0.0,0.0,0.0,0.0,0.0,0.0,0.9205363512039184,0.26591543995324224
assured,solar_surge,1515,43,modify,0.9117030097469836,24,0.0,0.0,0.0,0.0,0.0,0.0,0.0,0.0,0.8892138004302979,0.20124908721784268
assured,solar_surge,1515,44,modify,0.9001743938677897,24,0.0,0.0,0.0,0.0,0.0,0.0,0.0,0.0,0.8845700740814209,0.1668823640018091
assured,solar_surge,1515,45,modify,0.920806354824482,24,0.0,0.0,0.0,0.0,0.0,0.0,0.0,0.0,0.8954423904418946,0.2146328690691517
assured,solar_surge,1515,46,modify,0.9748096678032371,24,0.0,0.0,0.0,0.0,0.0,0.0,0.0,0.0,0.9491763353347777,0.22207695261575217
assured,solar_surge,1515,47,modify,0.9352513771093566,24,0.0,0.0,0.0,0.0,0.0,0.0,0.0,0.0,0.9071080684661865,0.22770614947447565
assured,solar_surge,1515,48,modify,0.9793902635297538,24,0.0,0.0,0.0,0.0,0.0,0.0,0.0,0.0,0.949970269203186,0.2382472999362362
assured,solar_surge,1515,49,modify,0.9778789451077308,24,0.0,0.0,0.0,0.0,0.0,0.0,0.0,0.0,0.9611361265182494,0.18017929289045387
assured,solar_surge,1515,50,modify,0.9593343275985076,24,0.0,0.0,0.0,0.0,0.0,0.0,0.0,0.0,0.9413633823394775,0.1848170297869203
assured,solar_surge,1515,51,modify,0.9482616475549339,24,0.0,0.0,0.0,0.0,0.0,0.0,0.0,0.0,0.9313418626785278,0.17833251819589152
assured,solar_surge,1515,52,modify,0.9847192861309156,24,0.14659250139152838,0.02640979158790563,0.3419923689584583,0.0,0.0,0.03336296476622261,0.006010600391334185,0.07783399046724654,0.9268921852111816,0.16591035404596888
assured,solar_surge,1515,53,modify,0.9609345314386959,24,0.0,0.0,0.0,0.0,0.0,0.0,0.0,0.0,0.9442302703857421,0.17839386255859338
assured,solar_surge,1515,54,modify,0.9683187096688256,24,0.0,0.0,0.0,0.0,0.0,0.0,0.0,0.0,0.9494614362716675,0.19016862130131185
assured,solar_surge,1515,55,modify,0.9803957544793455,24,0.0,0.0,0.0,0.0,0.0,0.0,0.0,0.0,0.9581392049789428,0.2077139843232623
assured,solar_surge,1515,56,modify,0.9530371232270738,24,0.0,0.0,0.0,0.0,0.0,0.0,0.0,0.0,0.9350379467010498,0.1843469459416712
assured,solar_surge,1515,57,modify,0.9468310191392971,24,0.0,0.0,0.0,0.0,0.0,0.0,0.0,0.0,0.9292029619216918,0.18185388189509455
assured,solar_surge,1515,58,modify,0.9008846052431433,24,0.0,0.0,0.0,0.0,0.0,0.0,0.0,0.0,0.8846041202545166,0.17049522689162494
assured,solar_surge,1515,59,modify,0.729369418600613,24,0.0,0.0,0.0,0.0,0.0,0.0,0.0,0.0,0.7165952963665687,0.13590779968458666
assured,solar_surge,1515,70,modify,0.10545424345423873,24,0.0,0.0,0.45,0.0,0.0,0.05247098207473755,0.02296116370570614,0.3614552177488804,0.0,0.0
assured,solar_surge,1515,71,modify,0.2986987041254943,24,0.0,0.0,0.45,0.0,0.0,0.14814938306808473,0.06907701625545395,0.19999791607260703,0.0,0.0
assured,solar_surge,1515,72,modify,0.28138582559778846,24,0.0,0.0,0.45,0.0,0.0,0.13910766839981079,0.06871829815688507,0.21525580957531928,0.0,0.0
assured,solar_surge,1515,73,modify,0.3874039684336451,24,0.0,0.0,0.45,0.0,0.0,0.19090015888214112,0.09930858820125305,0.12785598188638686,0.0,0.0
assured,solar_surge,1515,74,modify,0.3315843543419485,24,0.0,0.0,0.45,0.0,0.0,0.26110405921936036,0.1421328740219201,0.3031289666891098,0.0,0.0
assured,solar_surge,1515,75,modify,0.3170389091692607,24,0.0,0.0,0.45,0.0,0.0,0.24782178401947022,0.14023459635099905,0.31060024648904805,0.0,0.0
assured,solar_surge,1515,76,modify,0.3090508872551912,24,0.0,0.0,0.45,0.0,0.0,0.24986813068389893,0.11542891402288259,0.3094491764903069,0.0,0.0
assured,solar_surge,1515,77,modify,0.25090854454216394,24,0.0,0.0,0.45,0.0,0.0,0.21075656414031985,0.06695170932861357,0.3314494326710701,0.0,0.0
assured,solar_surge,1515,78,modify,0.3447616570017143,24,0.0,0.0,0.45,0.0,0.0,0.29442572593688965,0.06889077654995254,0.2843855291604996,0.0,0.0
assured,solar_surge,1515,79,modify,0.22301395141498784,24,0.0,0.0,0.45,0.0,0.0,0.1927790641784668,0.028506255499337038,0.34156177639961244,0.0,0.0
assured,solar_surge,1515,80,modify,0.2898099621170561,24,0.0,0.0,0.45,0.0,0.0,0.14750454425811768,0.01655550586793189,0.20108608156442642,0.0,0.0
assured,solar_surge,1515,81,modify,0.2978372829594803,24,0.0,0.0,0.45,0.0,0.0,0.1516730785369873,0.013884590055965708,0.19405167996883393,0.0,0.0
assured,solar_surge,1515,82,modify,0.2531381772024884,24,0.0,0.0,0.45,0.0,0.0,0.12895824909210205,0.009567043676826297,0.23238295465707778,0.0,0.0
assured,solar_surge,1515,83,modify,0.10626688726717443,24,0.0,0.0,0.45,0.0,0.0,0.052955751521185576,0.003395163494609173,0.3579303927719593,0.0,0.0
assured,solar_surge,1515,84,modify,0.11974417535446089,24,0.0,0.0,0.45,0.0,0.0,0.05653870513568237,0.0036248781708318476,0.34450638592243193,0.0,0.0
assured,solar_surge,1515,85,modify,0.038450040071939064,24,0.0,0.0,0.45,0.0,0.0,0.01702461523322233,0.001091502820547822,0.4155416674911976,0.0,0.0
assured,solar_surge,1616,7,modify,0.010828082343011877,24,0.0,0.0,0.45,0.0,0.0,0.0,0.0,0.4404740005731583,0.0,0.005148077519507307
assured,solar_surge,1616,8,modify,0.04721056742151878,24,0.0,0.0,0.45,0.0,0.0,0.0,0.0,0.4087203472852707,0.0,0.022909123684966868
assured,solar_surge,1616,16,modify,0.08856719593828316,24,0.0,0.0,0.45,0.0,0.0,0.0,0.0,0.372889307141304,0.0,0.04356706603871891
assured,solar_surge,1616,38,modify,0.3911232712764522,24,0.0,0.0,0.44999997726420576,0.0,0.0,-0.15871039628982545,-0.016406553829514583,0.09290160365413308,0.0,0.0
assured,solar_surge,1616,39,modify,0.5604910989791456,24,0.1432361326515677,0.014806914831136811,0.45,0.0,0.0,-0.19601626578221854,-0.02028430647412898,0.005222877860069253,0.0,0.0
assured,solar_surge,1616,40,modify,0.8863059761846616,24,0.0,0.0,0.0,0.0,0.0,0.0,0.0,0.0,0.8673533678054809,0.18230858119445734
assured,solar_surge,1616,41,modify,0.9190849194483691,24,0.0,0.0,0.0,0.0,0.0,0.0,0.0,0.0,0.889976692199707,0.2294745661259287
assured,solar_surge,1616,42,modify,0.9706602045708432,24,0.0,0.0,0.0,0.0,0.0,0.0,0.0,0.0,0.9361619710922241,0.2564800121222569
assured,solar_surge,1616,43,modify,0.9484084147383395,24,0.0,0.0,0.0,0.0,0.0,0.0,0.0,0.0,0.9226247549057006,0.2196408039998172
assured,solar_surge,1616,44,modify,0.9413722929653019,24,0.0,0.0,0.0,0.0,0.0,0.0,0.0,0.0,0.919182014465332,0.20319010371128884
assured,solar_surge,1616,45,modify,0.9518183104368996,24,0.0,0.0,0.0,0.0,0.0,0.0,0.0,0.0,0.9289957523345946,0.20718346513955815
assured,solar_surge,1616,46,modify,0.9621169067671532,24,0.0,0.0,0.0,0.0,0.0,0.0,0.0,0.0,0.9370275735855103,0.21828483370964213
assured,solar_surge,1616,47,modify,0.9403573473018569,24,0.0,0.0,0.0,0.0,0.0,0.0,0.0,0.0,0.9221735715866088,0.18403218330439589
assured,solar_surge,1616,48,modify,0.9821931745423619,24,0.0,0.0,0.0,0.0,0.0,0.0,0.0,0.0,0.959168529510498,0.21142176830750256
assured,solar_surge,1616,49,modify,0.9340146948999141,24,0.0,0.0,0.0,0.0,0.0,0.0,0.0,0.0,0.9199379682540894,0.1615474693503973
assured,solar_surge,1616,50,modify,0.9307396602385465,24,0.0,0.0,0.0,0.0,0.0,0.0,0.0,0.0,0.9089679479598999,0.20013391697194574
assured,solar_surge,1616,51,modify,0.9589869650930064,24,0.0,0.0,0.0,0.0,0.0,0.0,0.0,0.0,0.9395851135253905,0.19192658403612042
assured,solar_surge,1616,52,modify,0.9261438025561923,24,0.0,0.0,0.0,0.0,0.0,0.0,0.0,0.0,0.90734703540802,0.1856440151190463
assured,solar_surge,1616,53,modify,0.9730771343771009,24,0.0,0.0,0.0,0.0,0.0,0.0,0.0,0.0,0.9525693655014038,0.1987227046811799
assured,solar_surge,1616,54,modify,0.9594562394073844,24,0.0,0.0,0.0,0.0,0.0,0.0,0.0,0.0,0.9381840705871581,0.20091521852331268
assured,solar_surge,1616,55,modify,0.9002002055400112,24,0.0,0.0,0.0,0.0,0.0,0.0,0.0,0.0,0.8906325101852417,0.13089744785676216
assured,solar_surge,1616,56,modify,0.9132108596879603,24,0.0,0.0,0.0,0.0,0.0,0.0,0.0,0.0,0.9006048202514648,0.15121187781338571
assured,solar_surge,1616,57,modify,0.9508902801448409,24,0.0,0.0,0.0,0.0,0.0,0.0,0.0,0.0,0.9331225633621215,0.18296066959441704
assured,solar_surge,1616,58,modify,0.9517248898029038,24,0.0,0.0,0.0,0.0,0.0,0.0,0.0,0.0,0.9400903701782226,0.14835889514458395
assured,solar_surge,1616,59,modify,0.7595265681657539,24,0.0,0.0,0.0,0.0,0.0,0.0,0.0,0.0,0.742478850149332,0.1600180140814571
assured,solar_surge,1616,71,modify,0.31654676066001625,24,0.0,0.0,0.45,0.0,0.0,0.15700170993804932,0.07320455505738142,0.18505961447954178,0.0,0.0
assured,solar_surge,1616,72,modify,0.2631559950805859,24,0.0,0.0,0.45,0.0,0.0,0.2106639862060547,0.10406666132465549,0.33150150775909426,0.0,0.0
assured,solar_surge,1616,73,modify,0.31459722556099945,24,0.0,0.0,0.45,0.0,0.0,0.15502334833145143,0.08064503430053326,0.18839809969067572,0.0,0.0
assured,solar_surge,1616,74,modify,0.34898837149645184,24,0.0,0.0,0.45,0.0,0.0,0.1714361071586609,0.09332182232034637,0.16070156916975975,0.0,0.0
assured,solar_surge,1616,75,modify,0.28083393828704406,24,0.0,0.0,0.45,0.0,0.0,0.1375602126121521,0.0778410217888964,0.21786714121699333,0.0,0.0
assured,solar_surge,1616,76,modify,0.34601221085679645,24,0.0,0.0,0.45,0.0,0.0,0.16905810832977297,0.098772245985427,0.16471444219350811,0.0,0.0
assured,solar_surge,1616,77,modify,0.2714999892973185,24,0.0,0.0,0.45,0.0,0.0,0.21828646659851075,0.10481806683786471,0.32721386253833773,0.0,0.0
assured,solar_surge,1616,78,modify,0.25882776199493374,24,0.0,0.0,0.45,0.0,0.0,0.21581563949584961,0.07535488803287595,0.3286037027835846,0.0,0.0
assured,solar_surge,1616,79,modify,0.2850726132488839,24,0.0,0.0,0.45,0.0,0.0,0.14411829710006716,0.0367457889512498,0.2068003736436367,0.0,0.0
assured,solar_surge,1616,80,modify,0.24005686312751753,24,0.0,0.0,0.45,0.0,0.0,0.20583927631378174,0.043028105955136786,0.3342154070734978,0.0,0.0
assured,solar_surge,1616,81,modify,0.27814383184417696,24,0.0,0.0,0.45,0.0,0.0,0.14135632514953614,0.021945889200197057,0.21146120131015778,0.0,0.0
assured,solar_surge,1616,82,modify,0.06937269330839864,24,0.0,0.0,0.45,0.0,0.0,0.03529151678085327,0.004510958156604249,0.3904455654323101,0.0,0.0
assured,solar_surge,1616,83,modify,0.13824376897035306,24,0.0,0.0,0.45,0.0,0.0,0.07034068107604981,0.008594309006351367,0.33130010068416593,0.0,0.0
assured,solar_surge,1616,84,modify,0.05725003945903239,24,0.0,0.0,0.45,0.0,0.0,0.029139220714569092,0.003247225696272971,0.40082756504416467,0.0,0.0
assured,solar_surge,1616,85,modify,0.18957645122183364,24,0.0,0.0,0.45,0.0,0.0,0.09650204181671143,0.010362320177278284,0.28715280443429947,0.0,0.0
assured,solar_surge,1616,86,modify,0.07827151490105558,24,0.0,0.0,0.45,0.0,0.0,0.03985685110092163,0.003763538327531309,0.38274156376719476,0.0,0.0
assured,solar_surge,1717,14,modify,0.012073754709502968,24,0.0,0.0,0.45,0.0,0.0,0.0,0.0,0.43937418758869173,0.0,0.0057330326516540995
assured,solar_surge,1717,37,modify,0.2162543814723589,24,0.0,0.0,0.45,0.0,0.0,-0.08775203227996826,-0.009064562445365893,0.25255792737007143,0.0,0.0
assured,solar_surge,1717,38,modify,0.23721636167224677,24,0.0,0.0,0.0,0.0,0.0,-0.23595895767211916,-0.02439205893944299,0.0,0.0,0.0
assured,solar_surge,1717,39,modify,0.3189321743476987,24,-1.6008902449653363e-05,0.013709225628693025,0.1855847927061164,0.0,0.0,-0.2870912442789878,-0.02583838390494317,0.052387466727585014,0.0,0.0
assured,solar_surge,1717,40,modify,0.8807975901162405,24,0.0,0.0,0.0,0.0,0.0,0.0,0.0,0.0,0.8545572996139527,0.213392165814694
assured,solar_surge,1717,41,modify,0.8891294968914828,24,0.0,0.0,0.0,0.0,0.0,0.0,0.0,0.0,0.8608125686645508,0.22260499516326998
assured,solar_surge,1717,42,modify,0.9646751978209194,24,0.0,0.0,0.0,0.0,0.0,0.0,0.0,0.0,0.9326910495758056,0.24634456221319787
assured,solar_surge,1717,43,modify,0.9325195706485158,24,0.0,0.0,0.0,0.0,0.0,0.0,0.0,0.0,0.9037207603454589,0.22995985946055414
assured,solar_surge,1717,44,modify,0.918650144250187,24,0.0,0.0,0.0,0.0,0.0,0.0,0.0,0.0,0.889281964302063,0.2304249888748045
assured,solar_surge,1717,45,modify,0.9264523907082718,24,0.0,0.0,0.0,0.0,0.0,0.0,0.0,0.0,0.9040372610092162,0.20256026993471965
assured,solar_surge,1717,46,modify,1.0142890443557677,24,0.0,0.0,0.0,0.0,0.0,0.0,0.0,0.0,0.9827840566635131,0.2508341353726502
assured,solar_surge,1717,47,modify,0.9615130562388058,24,0.0,0.0,0.0,0.0,0.0,0.0,0.0,0.0,0.9440725564956665,0.18230294948087256
assured,solar_surge,1717,48,modify,0.9644314610106728,24,0.0,0.0,0.0,0.0,0.0,0.0,0.0,0.0,0.9418430328369141,0.20750842027191171
assured,solar_surge,1717,49,modify,0.975252151211922,24,0.0,0.0,0.0,0.0,0.0,0.0,0.0,0.0,0.9567411661148071,0.18911134155507595
assured,solar_surge,1717,50,modify,0.9852848253045079,24,0.0,0.0,0.0,0.0,0.0,0.0,0.0,0.0,0.963068389892578,0.20805158823006353
assured,solar_surge,1717,51,modify,0.9382182488811572,24,0.0,0.0,0.0,0.0,0.0,0.0,0.0,0.0,0.9180558443069458,0.1934604591834883
assured,solar_surge,1717,52,modify,0.9555568326001781,24,0.0,0.0,0.0,0.0,0.0,0.0,0.0,0.0,0.9340149164199829,0.20175479234421423
assured,solar_surge,1717,53,modify,0.946190872512232,24,0.0,0.0,0.0,0.0,0.0,0.0,0.0,0.0,0.9331855773925781,0.1563388799113624
assured,solar_surge,1717,54,modify,0.9558323479586991,24,0.0,0.0,0.0,0.0,0.0,0.0,0.0,0.0,0.9289240837097168,0.2252010748382493
assured,solar_surge,1717,55,modify,0.96170544362598,24,0.0,0.0,0.0,0.0,0.0,0.0,0.0,0.0,0.9403555870056152,0.2015160794754798
assured,solar_surge,1717,56,modify,0.9622427886698898,24,0.0,0.0,0.0,0.0,0.0,0.0,0.0,0.0,0.9509179830551147,0.14719434041293414
assured,solar_surge,1717,57,modify,0.9737988095259038,24,0.0,0.0,0.0,0.0,0.0,0.0,0.0,0.0,0.951212453842163,0.20851616026015435
assured,solar_surge,1717,58,modify,0.9333506604493237,24,0.0,0.0,0.0,0.0,0.0,0.0,0.0,0.0,0.9158423625861978,0.17993393858224782
assured,solar_surge,1717,59,modify,0.7282779818038656,24,0.0,0.0,0.0,0.0,0.0,0.0,0.0,0.0,0.706378417731227,0.17725222070213903
assured,solar_surge,1717,60,modify,0.32160330623389377,24,0.3414758386524453,0.0535067794329479,0.4097050664811467,0.0,0.0,0.2033841104365164,0.03923345332447309,0.11960916278598793,0.0,0.0
assured,solar_surge,1717,70,modify,0.04217525261430166,24,0.0,0.0,0.45,0.0,0.0,0.020985186100006104,0.009183062225719914,0.4145874984562397,0.0,0.0
assured,solar_surge,1717,71,modify,0.25917295501921234,24,0.0,0.0,0.45,0.0,0.0,0.1285452961921692,0.05993629761217344,0.23307981267571448,0.0,0.0
assured,solar_surge,1717,72,modify,0.27629787899641406,24,0.0,0.0,0.45,0.0,0.0,0.22118444442749025,0.10926370037450735,0.32558375000953677,0.0,0.0
assured,solar_surge,1717,73,modify,0.24893086131460307,24,0.0,0.0,0.45,0.0,0.0,0.19759984016418458,0.10279384401986588,0.3388500899076462,0.0,0.0
assured,solar_surge,1717,74,modify,0.26483871120189534,24,0.0,0.0,0.45,0.0,0.0,0.2085456132888794,0.11352250696535525,0.33269309252500534,0.0,0.0
assured,solar_surge,1717,75,modify,0.3474611842640029,24,0.0,0.0,0.45,0.0,0.0,0.27160215377807617,0.1536911638088203,0.29722378849983216,0.0,0.0
assured,solar_surge,1717,76,modify,0.22622769517216937,24,0.0,0.0,0.45,0.0,0.0,0.183314847946167,0.08331875806810904,0.34688539803028107,0.0,0.0
assured,solar_surge,1717,77,modify,0.26537157425548263,24,0.0,0.0,0.45,0.0,0.0,0.22120745182037355,0.07750298024951441,0.3255708083510399,0.0,0.0
assured,solar_surge,1717,78,modify,0.3730712196383304,24,0.0,0.0,0.45,0.0,0.0,0.18862414360046387,0.04781331716495909,0.13169675767421724,0.0,0.0
assured,solar_surge,1717,79,modify,0.27230774055449386,24,0.0,0.0,0.45,0.0,0.0,0.23402454853057864,0.04533475857327127,0.3183611914515495,0.0,0.0
assured,solar_surge,1717,80,modify,0.3651532011637477,24,0.0,0.0,0.45,0.0,0.0,0.1857032656669617,0.025450542246983406,0.13662573918700216,0.0,0.0
assured,solar_surge,1717,81,modify,0.29823636026196243,24,0.0,0.0,0.45,0.0,0.0,0.15182327032089235,0.015977324667369282,0.19379823133349416,0.0,0.0
assured,solar_surge,1717,82,modify,0.3516479654692131,24,0.0,0.0,0.45,0.0,0.0,0.17910184860229494,0.015271061813710934,0.14776563048362729,0.0,0.0
assured,solar_surge,1717,83,modify,0.03794094377092555,24,0.0,0.0,0.45,0.0,0.0,0.019326699390773052,0.001279379666872215,0.4173755139112473,0.0,0.0
assured,solar_surge,1717,84,modify,0.02553149801511993,24,0.0,0.0,0.45,0.0,0.0,0.01277087933063744,0.0008454006042799342,0.42790820673108104,0.0,0.0
assured,solar_surge,1717,85,modify,0.001485055860945867,24,0.0,0.0,0.45,0.0,0.0,0.0007336690235848738,4.856707356024812e-05,0.44870974346995357,0.0,0.0
assured,solar_surge,1818,11,modify,0.2000319200842261,24,0.0,0.0,0.45,0.0,0.0,0.0,0.0,0.27751719653606416,0.0,0.10130375887302255
assured,solar_surge,1818,17,modify,0.08965866419854272,24,0.0,0.0,0.45,0.0,0.0,0.0,0.0,0.37188275456428527,0.0,0.04400422742650247
assured,solar_surge,1818,38,modify,0.28947145634973687,24,0.0,0.0,0.45,0.0,0.0,-0.11746201515197754,-0.012142537096277934,0.18571046590805051,0.0,0.0
assured,solar_surge,1818,39,modify,0.2707129713766787,24,0.0,0.0,0.0,0.0,0.0,-0.2692750453948975,-0.02786508207715134,0.0,0.0,0.0
assured,solar_surge,1818,40,modify,0.9225135897613865,24,0.0,0.0,0.0,0.0,0.0,0.0,0.0,0.0,0.8954416751861572,0.22184573386533346
assured,solar_surge,1818,41,modify,0.9146369257287984,24,0.0,0.0,0.0,0.0,0.0,0.0,0.0,0.0,0.8833062887191773,0.23734090716895181
assured,solar_surge,1818,42,modify,0.8942013595612628,24,0.0,0.0,0.0,0.0,0.0,0.0,0.0,0.0,0.8735403299331664,0.19111086683248923
assured,solar_surge,1818,43,modify,0.9673307038450942,24,0.0,0.0,0.0,0.0,0.0,0.0,0.0,0.0,0.9367959022521972,0.24112678848468308
assured,solar_surge,1818,44,modify,0.9138748551624183,24,0.0,0.0,0.0,0.0,0.0,0.0,0.0,0.0,0.8883866786956787,0.21432769306413002
assured,solar_surge,1818,45,modify,0.9574608324175131,24,0.0,0.0,0.0,0.0,0.0,0.0,0.0,0.0,0.9252244234085083,0.24635545851884533
assured,solar_surge,1818,46,modify,1.0065867246547164,24,0.0,0.0,0.0,0.0,0.0,0.0,0.0,0.0,0.9742340326309203,0.25314992378984563
assured,solar_surge,1818,47,modify,0.9200145821884962,24,0.0,0.0,0.0,0.0,0.0,0.0,0.0,0.0,0.8985785007476806,0.19744242055223038
assured,solar_surge,1818,48,modify,0.9884499587754806,24,0.0,0.0,0.0,0.0,0.0,0.0,0.0,0.0,0.9715523958206176,0.1819869862887656
assured,solar_surge,1818,49,modify,0.9770545420803497,24,0.0,0.0,0.0,0.0,0.0,0.0,0.0,0.0,0.9509243488311767,0.22445146691399542
assured,solar_surge,1818,50,modify,0.9456700947377708,24,0.0,0.0,0.0,0.0,0.0,0.0,0.0,0.0,0.9275989294052124,0.18398954928921404
assured,solar_surge,1818,51,modify,0.938400565440066,24,0.0,0.0,0.0,0.0,0.0,0.0,0.0,0.0,0.9163242816925048,0.20234977637484713
assured,solar_surge,1818,52,modify,0.986674859697146,24,0.0,0.0,0.0,0.0,0.0,0.0,0.0,0.0,0.9559666156768798,0.2442439527801569
assured,solar_surge,1818,53,modify,0.9063031026154192,24,0.0,0.0,0.0,0.0,0.0,0.0,0.0,0.0,0.8872950553894042,0.18464235292004158
assured,solar_surge,1818,54,modify,0.9536977355693819,24,0.0,0.0,0.0,0.0,0.0,0.0,0.0,0.0,0.9363575935363769,0.18103543260072524
assured,solar_surge,1818,55,modify,0.956988302384926,24,0.0,0.0,0.0,0.0,0.0,0.0,0.0,0.0,0.9342148303985596,0.2075313508002421
assured,solar_surge,1818,56,modify,0.9257807516773859,24,0.0,0.0,0.0,0.0,0.0,0.0,0.0,0.0,0.9123026847839355,0.1573969869863108
assured,solar_surge,1818,57,modify,0.9387965877480661,24,0.0,0.0,0.0,0.0,0.0,0.0,0.0,0.0,0.9250622749328613,0.1599963145308405
assured,solar_surge,1818,58,modify,0.9567925739285535,24,0.0,0.0,0.0,0.0,0.0,0.0,0.0,0.0,0.938000750541687,0.18869716878654702
assured,solar_surge,1818,59,modify,0.5494671602452216,24,-1.0076019169679093e-09,4.516635611423966e-05,0.08151179124750715,0.0,0.0,-0.18739814764649607,-0.03364892483638607,0.005135997817728805,0.5047665424223523,0.07098083453948963
assured,solar_surge,1818,70,modify,0.12020569310440489,24,0.0,0.0,0.45,0.0,0.0,0.05981087684631348,0.026173082346618186,0.349069145321846,0.0,0.0
assured,solar_surge,1818,71,modify,0.1722949253734386,24,0.0,0.0,0.45,0.0,0.0,0.08545529842376709,0.039844897873252696,0.30579418390989305,0.0,0.0
assured,solar_surge,1818,72,modify,0.3840934868619616,24,0.0,0.0,0.45,0.0,0.0,0.18988287448883057,0.09380092509715009,0.12957264930009843,0.0,0.0
assured,solar_surge,1818,73,modify,0.26148581141364646,24,0.0,0.0,0.45,0.0,0.0,0.12885175943374635,0.06703025493296184,0.23256265595555306,0.0,0.0
assured,solar_surge,1818,74,modify,0.2429802996081705,24,0.0,0.0,0.45,0.0,0.0,0.19133334159851076,0.1041529489006033,0.3423749953508377,0.0,0.0
assured,solar_surge,1818,75,modify,0.3128360020528524,24,0.0,0.0,0.45,0.0,0.0,0.24453647136688234,0.13837554067699787,0.3124482348561287,0.0,0.0
assured,solar_surge,1818,76,modify,0.3859065433322817,24,0.0,0.0,0.45,0.0,0.0,0.30296101570129397,0.1676216459754112,0.27958442866802213,0.0,0.0
assured,solar_surge,1818,77,modify,0.2191791787009077,24,0.0,0.0,0.45,0.0,0.0,0.18299460411071777,0.06290455624337436,0.34706553518772126,0.0,0.0
assured,solar_surge,1818,78,modify,0.31634067286948164,24,0.0,0.0,0.45,0.0,0.0,0.1598180651664734,0.04237099499401411,0.18030701503157615,0.0,0.0
assured,solar_surge,1818,79,modify,0.24362642473812046,24,0.0,0.0,0.45,0.0,0.0,0.20879921913146973,0.044298099256171425,0.33255043923854827,0.0,0.0
assured,solar_surge,1818,80,modify,0.24541436406160508,24,0.0,0.0,0.45,0.0,0.0,0.2119276523590088,0.03322682629209798,0.33079069554805757,0.0,0.0
assured,solar_surge,1818,81,modify,0.34389189001667536,24,0.0,0.0,0.45,0.0,0.0,0.1750150799751282,0.020170537717652336,0.15466205254197118,0.0,0.0
assured,solar_surge,1818,82,modify,0.18098889955728495,24,0.0,0.0,0.45,0.0,0.0,0.0921715259552002,0.008298858016434226,0.29446054995059967,0.0,0.0
assured,solar_surge,1818,83,modify,0.19663518521160886,24,0.0,0.0,0.45,0.0,0.0,0.10016251802444459,0.00797930072073303,0.28097575083374976,0.0,0.0
assured,solar_surge,1818,84,modify,0.034943736846725644,24,0.0,0.0,0.45,0.0,0.0,0.017803168296813967,0.0012406923605301086,0.41995715349912643,0.0,0.0
assured,solar_surge,1919,6,modify,0.041440598125447654,24,0.0,0.0,0.45,0.0,0.0,0.0,0.0,0.413629487156868,0.0,0.01986224983536417
assured,solar_surge,1919,37,modify,0.31552002131938933,24,0.0,0.0,0.45,0.0,0.0,0.0,0.0,0.13447997868061068,0.0,0.0
assured,solar_surge,1919,38,modify,0.19444799896748471,24,0.0,0.0,0.13447997876641332,0.0,0.0,-0.16077178716659546,-0.016619648378920392,0.02637704614440292,0.0,0.0
assured,solar_surge,1919,39,modify,0.3384650620884695,24,0.08909250268984396,0.012164085682420504,0.39084540545889157,0.0,0.0,0.039771577051909396,0.005430141217029294,0.1744763890257745,0.23790499328722656,0.09309329426696679
assured,solar_surge,1919,40,modify,0.9076547826618899,24,0.0,0.0,0.0,0.0,0.0,0.0,0.0,0.0,0.886493968963623,0.194847754619153
assured,solar_surge,1919,41,modify,0.9234903352142075,24,0.0,0.0,0.0,0.0,0.0,0.0,0.0,0.0,0.897204566001892,0.21876555025736102
assured,solar_surge,1919,42,modify,0.9092482952021984,24,0.0,0.0,0.0,0.0,0.0,0.0,0.0,0.0,0.8782057285308837,0.23555712832271475
assured,solar_surge,1919,43,modify,0.9821735816760805,24,0.0,0.0,0.0,0.0,0.0,0.0,0.0,0.0,0.952044653892517,0.24140406280155619
assured,solar_surge,1919,44,modify,0.9148255593537421,24,0.0,0.0,0.0,0.0,0.0,0.0,0.0,0.0,0.8935952425003052,0.19594220226308573
assured,solar_surge,1919,45,modify,0.954590860834368,24,0.0,0.0,0.0,0.0,0.0,0.0,0.0,0.0,0.9349287271499633,0.19274850644881553
assured,solar_surge,1919,46,modify,0.9789915798148964,24,0.0,0.0,0.0,0.0,0.0,0.0,0.0,0.0,0.956356143951416,0.20930226772504223
assured,solar_surge,1919,47,modify,0.9579655085874449,24,0.0,0.0,0.0,0.0,0.0,0.0,0.0,0.0,0.932112979888916,0.2210504656539029
assured,solar_surge,1919,48,modify,1.0051523825026867,24,0.0,0.0,0.0,0.0,0.0,0.0,0.0,0.0,0.9792500495910644,0.2267171198359869
assured,solar_surge,1919,49,modify,0.9829358089333442,24,0.0,0.0,0.0,0.0,0.0,0.0,0.0,0.0,0.956851315498352,0.22494080224032492
assured,solar_surge,1919,50,modify,0.9376621026745148,24,0.0,0.0,0.0,0.0,0.0,0.0,0.0,0.0,0.9181034803390502,0.19051566387390684
assured,solar_surge,1919,51,modify,0.9701486795281575,24,6.448686134775805e-10,-0.0050316719326358155,0.13508411092267228,0.0,0.0,1.35815876247262e-10,-0.001059721186978572,0.02845008503841985,0.9472678184509277,0.18023747847891844
assured,solar_surge,1919,52,modify,0.9480301282369735,24,0.0,0.0,0.0,0.0,0.0,0.0,0.0,0.0,0.9309833765029907,0.17897227919458103
assured,solar_surge,1919,53,modify,0.9433011719378083,24,0.0,0.0,0.0,0.0,0.0,0.0,0.0,0.0,0.9255143165588379,0.18231936491736092
assured,solar_surge,1919,54,modify,0.9622315617368582,24,0.0,0.0,0.0,0.0,0.0,0.0,0.0,0.0,0.947905683517456,0.16542186541644927
assured,solar_surge,1919,55,modify,0.9362590261282504,24,1.4601843786646993e-08,-1.9673614324477797e-09,0.14287153213252388,0.0,0.0,3.493756641621758e-09,-4.70726996639325e-10,0.034184611996955425,0.9128781795501708,0.17726123856960518
assured,solar_surge,1919,56,modify,0.9688314159867344,24,0.0,0.0,0.0,0.0,0.0,0.0,0.0,0.0,0.9489418029785156,0.19530429376423042
assured,solar_surge,1919,57,modify,0.9450289784660899,24,0.0,0.0,0.0,0.0,0.0,0.0,0.0,0.0,0.928893756866455,0.17388547551530747
assured,solar_surge,1919,58,modify,0.9116582403112105,24,0.0,0.0,0.0,0.0,0.0,0.0,0.0,0.0,0.9021765232086181,0.1311421675074137
assured,solar_surge,1919,59,modify,0.920399592609008,24,0.0,0.0,0.0,0.0,0.0,0.0,0.0,0.0,0.8993532336705247,0.19570174031213614
assured,solar_surge,1919,70,modify,0.07856046870219914,24,0.0,0.0,0.45,0.0,0.0,0.03908941745758057,0.017105426235891244,0.3840366080403328,0.0,0.0
assured,solar_surge,1919,71,modify,0.27780712332929,24,0.0,0.0,0.45,0.0,0.0,0.13778752088546753,0.06424563250209415,0.21748355850577353,0.0,0.0
assured,solar_surge,1919,72,modify,0.3003433721707719,24,0.0,0.0,0.45,0.0,0.0,0.1484796404838562,0.07334799240306016,0.19944060668349267,0.0,0.0
assured,solar_surge,1919,73,modify,0.28392864570341764,24,0.0,0.0,0.45,0.0,0.0,0.22538087368011475,0.11724587608413473,0.3232232585549355,0.0,0.0
assured,solar_surge,1919,74,modify,0.3319813230917741,24,0.0,0.0,0.45,0.0,0.0,0.26141664981842044,0.1423030337673085,0.30295313447713856,0.0,0.0
assured,solar_surge,1919,75,modify,0.38676179410774075,24,0.0,0.0,0.45,0.0,0.0,0.30232250690460205,0.17107485078978418,0.27994358986616136,0.0,0.0
assured,solar_surge,1919,76,modify,0.27281670863708507,24,0.0,0.0,0.45,0.0,0.0,0.2240154504776001,0.09147592184918732,0.32399130910635,0.0,0.0
assured,solar_surge,1919,77,modify,0.2540067998284307,24,0.0,0.0,0.45,0.0,0.0,0.21445727348327637,0.06305077788151352,0.32936778366565705,0.0,0.0
assured,solar_surge,1919,78,modify,0.21098628397511898,24,0.0,0.0,0.45,0.0,0.0,0.18073911666870118,0.0388929090290381,0.3483342468738556,0.0,0.0
assured,solar_surge,1919,79,modify,0.30059369444909806,24,0.0,0.0,0.45,0.0,0.0,0.15269381999969484,0.025434511064191295,0.19232917875051497,0.0,0.0
assured,solar_surge,1919,80,modify,0.2288568247552294,24,0.0,0.0,0.45,0.0,0.0,0.19810385704040528,0.02670020715842815,0.33856658041477206,0.0,0.0
assured,solar_surge,1919,81,modify,0.26436075739897735,24,0.0,0.0,0.45,0.0,0.0,0.1345920205116272,0.013648112254190742,0.2228759653866291,0.0,0.0
assured,solar_surge,1919,82,modify,0.18932763028411972,24,0.0,0.0,0.45,0.0,0.0,0.09643057584762574,0.0081332861242862,0.2872734032571316,0.0,0.0
assured,solar_surge,1919,83,modify,0.0981100888756482,24,0.0,0.0,0.45,0.0,0.0,0.049981033802032476,0.0037074345761404347,0.3656570054590702,0.0,0.0
assured,solar_surge,1919,84,modify,0.11415407768902404,24,0.0,0.0,0.45,0.0,0.0,0.05815948247909546,0.004044557866294801,0.3518558733165264,0.0,0.0
assured,solar_surge,1919,85,modify,0.02128837217374642,24,0.0,0.0,0.45,0.0,0.0,0.010524373887857591,0.0007066393413775259,0.43150856941938404,0.0,0.0
assured,solar_surge,2020,14,modify,0.0964788007977439,24,0.0,0.0,0.45,0.0,0.0,0.0,0.0,0.36595740616321565,0.0,0.04738144599477779
assured,solar_surge,2020,18,modify,0.06993473094788144,24,0.0,0.0,0.45,0.0,0.0,0.0,0.0,0.38887723088264464,0.0,0.03398343255439383
assured,solar_surge,2020,38,modify,0.4719522644171881,24,0.0,0.0,0.45,0.0,0.0,-0.19150925874710084,-0.019797108670480797,0.019104167819023132,0.0,0.0
assured,solar_surge,2020,39,modify,0.3190618639040024,24,-1.2731481932451487e-07,0.000145836119631353,0.12060407881415527,0.0,0.0,-0.3039799042191892,-0.031421394189317615,0.02895104721297248,0.0,0.0
assured,solar_surge,2020,40,modify,0.8712357685869743,24,0.0,0.0,0.0,0.0,0.0,0.0,0.0,0.0,0.8504236936569214,0.18929158917462388
assured,solar_surge,2020,41,modify,0.9598508294688887,24,0.0,0.0,0.0,0.0,0.0,0.0,0.0,0.0,0.918304967880249,0.27933778977891377
assured,solar_surge,2020,42,modify,0.8913305273387481,24,0.0,0.0,0.0,0.0,0.0,0.0,0.0,0.0,0.8706157207489014,0.1910454808438081
assured,solar_surge,2020,43,modify,0.9345763878501451,24,0.0,0.0,0.0,0.0,0.0,0.0,0.0,0.0,0.9183598279953002,0.1733443135827285
assured,solar_surge,2020,44,modify,0.9741499710908839,24,0.0,0.0,0.0,0.0,0.0,0.0,0.0,0.0,0.9417761564254761,0.24904986923270406
assured,solar_surge,2020,45,modify,0.984065043370377,24,0.0,0.0,0.0,0.0,0.0,0.0,0.0,0.0,0.9599048137664794,0.21671815358082624
assured,solar_surge,2020,46,modify,0.971679002550486,24,0.0,0.0,0.0,0.0,0.0,0.0,0.0,0.0,0.9507533311843872,0.20056965682599695
assured,solar_surge,2020,47,modify,0.9475782869215628,24,0.0,0.0,0.0,0.0,0.0,0.0,0.0,0.0,0.9280069828033447,0.19159240515593573
assured,solar_surge,2020,48,modify,0.970217987641693,24,0.0,0.0,0.0,0.0,0.0,0.0,0.0,0.0,0.9481927871704101,0.20555627429369677
assured,solar_surge,2020,49,modify,0.9155444903481688,24,0.0,0.0,0.0,0.0,0.0,0.0,0.0,0.0,0.9010904073715209,0.16204256092124297
assured,solar_surge,2020,50,modify,0.9592016816662063,24,0.0,0.0,0.0,0.0,0.0,0.0,0.0,0.0,0.936938452720642,0.20546094987789676
assured,solar_surge,2020,51,modify,1.0397749969799628,24,0.0,0.0,0.0,0.0,0.0,0.0,0.0,0.0,1.0081565380096436,0.2544650058713213
assured,solar_surge,2020,52,modify,1.0275962090364041,24,0.0,0.0,0.0,0.0,0.0,0.0,0.0,0.0,0.9995808362960815,0.23831097443385946
assured,solar_surge,2020,53,modify,0.9410357593873667,24,0.0,0.0,0.0,0.0,0.0,0.0,0.0,0.0,0.9187771081924438,0.20346234518280848
assured,solar_surge,2020,54,modify,0.947002401227877,24,0.0,0.0,0.0,0.0,0.0,0.0,0.0,0.0,0.9232904434204101,0.21059037257174734
assured,solar_surge,2020,55,modify,0.9501452933176394,24,0.0,0.0,0.0,0.0,0.0,0.0,0.0,0.0,0.9313129663467407,0.18823452692876988
assured,solar_surge,2020,56,modify,0.9106694632661063,24,0.0,0.0,0.0,0.0,0.0,0.0,0.0,0.0,0.8936851501464843,0.1750592006523336
assured,solar_surge,2020,57,modify,0.9429562260950379,24,0.0,0.0,0.0,0.0,0.0,0.0,0.0,0.0,0.9243219137191772,0.18653536970214063
assured,solar_surge,2020,58,modify,0.8250593287613546,24,0.0,0.0,0.0,0.0,0.0,0.0,0.0,0.0,0.808194957916174,0.1659632669448592
assured,solar_surge,2020,59,modify,0.7680497641783606,24,0.0,0.0,0.0,0.0,0.0,0.0,0.0,0.0,0.7448648665108148,0.18728793578941835
assured,solar_surge,2020,61,modify,0.017667797014931565,24,0.37988643566512825,0.007692486738806758,0.45,0.0,0.0,0.3716099648517186,0.009282051861847879,0.43447182029485704,0.0,0.0
assured,solar_surge,2020,70,modify,0.12016767137260559,24,0.0,0.0,0.45,0.0,0.0,0.05979195833206177,0.026164803654555906,0.34910107031464577,0.0,0.0
assured,solar_surge,2020,71,modify,0.3359687952984859,24,0.0,0.0,0.45,0.0,0.0,0.16663470268249514,0.07769609179291374,0.16880393922328946,0.0,0.0
assured,solar_surge,2020,72,modify,0.2679899841947004,24,0.0,0.0,0.45,0.0,0.0,0.21453373432159425,0.10597829213447828,0.32932477444410324,0.0,0.0
assured,solar_surge,2020,73,modify,0.26592604619246474,24,0.0,0.0,0.45,0.0,0.0,0.2110905170440674,0.10981185847656198,0.3312615841627121,0.0,0.0
assured,solar_surge,2020,74,modify,0.25897134897523844,24,0.0,0.0,0.45,0.0,0.0,0.20392539501190188,0.1110074755856105,0.3352919653058052,0.0,0.0
assured,solar_surge,2020,75,modify,0.3458023603037067,24,0.0,0.0,0.45,0.0,0.0,0.27030549049377445,0.15295742261251397,0.29795316159725194,0.0,0.0
assured,solar_surge,2020,76,modify,0.31071725247658477,24,0.0,0.0,0.45,0.0,0.0,0.25512607097625734,0.10421724301081342,0.3064915850758553,0.0,0.0
assured,solar_surge,2020,77,modify,0.24151355354238302,24,0.0,0.0,0.45,0.0,0.0,0.2045686960220337,0.056915421634563736,0.33493010848760607,0.0,0.0
assured,solar_surge,2020,78,modify,0.2878674638403271,24,0.0,0.0,0.45,0.0,0.0,0.2469090223312378,0.05112924936135236,0.31111367493867875,0.0,0.0
assured,solar_surge,2020,79,modify,0.27448197589299633,24,0.0,0.0,0.45,0.0,0.0,0.2373908281326294,0.03398622901308139,0.316467659175396,0.0,0.0
assured,solar_surge,2020,80,modify,0.24751474332766238,24,0.0,0.0,0.45,0.0,0.0,0.12601771354675292,0.012687833198948376,0.23734510838985443,0.0,0.0
assured,solar_surge,2020,81,modify,0.21449038153094815,24,0.0,0.0,0.45,0.0,0.0,0.18643577098846437,0.0158140680632345,0.3451298788189888,0.0,0.0
assured,solar_surge,2020,82,modify,0.20920927647685064,24,0.0,0.0,0.45,0.0,0.0,0.10659677982330323,0.00693471298419094,0.2701179340481758,0.0,0.0
assured,solar_surge,2020,83,modify,0.010833724343971455,24,0.0,0.0,0.45,0.0,0.0,0.004999745087525725,0.000320970159565435,0.44039431884884833,0.0,0.0
assured,solar_surge,2020,85,modify,0.0748764567398317,24,0.0,0.0,0.45,0.0,0.0,0.03436162379320081,0.0022059236378567403,0.3835101775825024,0.0,0.0
assured,renewable_drop,101,19,modify,0.03301496930515554,24,0.0,0.0,0.45,0.0,0.0,0.0,0.0,0.42101991176605225,0.0,0.015815899726950872
assured,renewable_drop,101,38,modify,0.41263581432910995,24,0.0,0.0,0.45,0.0,0.0,-0.16743977069854737,-0.017308945572479847,0.07326051592826843,0.0,0.0
assured,renewable_drop,101,39,modify,0.25690997190236375,24,0.002655836682884139,-0.0009236686308538157,0.14969794192314018,0.0,0.0,-0.2370892307494226,-0.02501933582686053,0.06056638114284581,0.0,0.0
assured,renewable_drop,101,70,modify,0.14924631810412742,24,0.0,0.0,0.45,0.0,0.0,0.0742606520652771,0.03249626596534101,0.3246851496398449,0.0,0.0
assured,renewable_drop,101,71,modify,0.3497735208743013,24,0.0,0.0,0.45,0.0,0.0,0.1734816074371338,0.08088857050082954,0.1572497874498367,0.0,0.0
assured,renewable_drop,101,72,modify,0.3077007554415697,24,0.0,0.0,0.45,0.0,0.0,0.15211688280105592,0.07514476683611153,0.19330276027321813,0.0,0.0
assured,renewable_drop,101,73,modify,0.32577192981200787,24,0.0,0.0,0.45,0.0,0.0,0.2585958242416382,0.13452469799164174,0.30453984886407853,0.0,0.0
assured,renewable_drop,101,74,modify,0.24740418039573545,24,0.0,0.0,0.45,0.0,0.0,0.1948168992996216,0.10604923526765707,0.3404154941439629,0.0,0.0
assured,renewable_drop,101,75,modify,0.2935723727599442,24,0.0,0.0,0.45,0.0,0.0,0.2294785499572754,0.12985473392420896,0.3209183156490326,0.0,0.0
assured,renewable_drop,101,76,modify,0.2976358988201112,24,0.0,0.0,0.45,0.0,0.0,0.1480353593826294,0.0653283241321265,0.20019033104181289,0.0,0.0
assured,renewable_drop,101,77,modify,0.18817400759821326,24,0.0,0.0,0.45,0.0,0.0,0.09435869455337526,0.03393532667169936,0.29076970294117926,0.0,0.0
assured,renewable_drop,101,78,modify,0.26599084088743324,24,0.0,0.0,0.45,0.0,0.0,0.22344784736633302,0.07088270674574905,0.3243105858564377,0.0,0.0
assured,renewable_drop,101,79,modify,0.27606445130463647,24,0.0,0.0,0.45,0.0,0.0,0.13979204893112182,0.03195914848369506,0.2141009174287319,0.0,0.0
assured,renewable_drop,101,80,modify,0.391133353892635,24,0.0,0.0,0.45,0.0,0.0,0.19848469495773316,0.03744816284460838,0.1150570772588253,0.0,0.0
assured,renewable_drop,101,81,modify,0.2735476354856746,24,0.0,0.0,0.45,0.0,0.0,0.13909196853637695,0.019731597199103924,0.21528230309486387,0.0,0.0
assured,renewable_drop,101,82,modify,0.22904039430878465,24,0.0,0.0,0.45,0.0,0.0,0.11655749082565309,0.013660022658662995,0.2533092342317104,0.0,0.0
assured,renewable_drop,101,83,modify,0.24296091571617606,24,0.0,0.0,0.45,0.0,0.0,0.12370102405548096,0.012385014684384618,0.2412545219063759,0.0,0.0
assured,renewable_drop,101,84,modify,0.1154080385237421,24,0.0,0.0,0.45,0.0,0.0,0.0587805986404419,0.004975147700767467,0.3508077397942543,0.0,0.0
assured,renewable_drop,202,10,modify,0.029042389189978198,24,0.0,0.0,0.45,0.0,0.0,0.0,0.0,0.42444326877593996,0.0,0.01379542891697524
assured,renewable_drop,202,12,modify,0.2619012006542067,24,0.0,0.0,0.45,0.0,0.0,0.22735018730163575,0.02344548830378143,0.3221155196428299,0.0,0.0
assured,renewable_drop,202,38,modify,0.16825146416250306,24,0.0,0.0,0.45,0.0,0.0,-0.06827324628829956,-0.0070576894553221045,0.296385195851326,0.0,0.0
assured,renewable_drop,202,39,modify,0.4724511898290726,24,0.0,0.0,0.29638516118527,0.0,0.0,-0.3782958745956421,-0.039146760070530716,0.016081951765889835,0.0,0.0
assured,renewable_drop,202,70,modify,0.21645800663240322,24,0.0,0.0,0.45,0.0,0.0,0.10770324468612671,0.04713065650937218,0.2682507745921612,0.0,0.0
assured,renewable_drop,202,71,modify,0.2689415360924587,24,0.0,0.0,0.45,0.0,0.0,0.1333903431892395,0.06219537816481574,0.22490379586815834,0.0,0.0
assured,renewable_drop,202,72,modify,0.256126400599661,24,0.0,0.0,0.45,0.0,0.0,0.20503659248352052,0.10128676483066887,0.33466691672801974,0.0,0.0
assured,renewable_drop,202,73,modify,0.27075164067715435,24,0.0,0.0,0.45,0.0,0.0,0.21492104530334474,0.11180454594063419,0.3291069120168686,0.0,0.0
assured,renewable_drop,202,74,modify,0.27926961979091336,24,0.0,0.0,0.45,0.0,0.0,0.219909143447876,0.1197082828792258,0.3263011068105698,0.0,0.0
assured,renewable_drop,202,75,modify,0.30129975465081865,24,0.0,0.0,0.45,0.0,0.0,0.23551886081695558,0.13327275691437215,0.3175206407904625,0.0,0.0
assured,renewable_drop,202,76,modify,0.3670329701561582,24,0.0,0.0,0.45,0.0,0.0,0.1829527497291565,0.07697773872972859,0.1412672348320484,0.0,0.0
assured,renewable_drop,202,77,modify,0.23717813219337613,24,0.0,0.0,0.45,0.0,0.0,0.19891462326049805,0.06455373186271608,0.33811052441596984,0.0,0.0
assured,renewable_drop,202,78,modify,0.32307733963004054,24,0.0,0.0,0.45,0.0,0.0,0.27543485164642334,0.06716139527460986,0.2950678959488869,0.0,0.0
assured,renewable_drop,202,79,modify,0.33911346649057195,24,0.0,0.0,0.45,0.0,0.0,0.17230939865112305,0.027549849505147352,0.15922788977622987,0.0,0.0
assured,renewable_drop,202,80,modify,0.2491395247116755,24,0.0,0.0,0.45,0.0,0.0,0.12675297260284424,0.01590098603083578,0.23610435873270033,0.0,0.0
assured,renewable_drop,202,81,modify,0.2060636188274888,24,0.0,0.0,0.45,0.0,0.0,0.1788444995880127,0.018881041563420686,0.34939996898174286,0.0,0.0
assured,renewable_drop,202,82,modify,0.18222074977663572,24,0.0,0.0,0.45,0.0,0.0,0.09281556606292725,0.007608193095297642,0.29337373226881025,0.0,0.0
assured,renewable_drop,202,83,modify,0.2711412767993923,24,0.0,0.0,0.45,0.0,0.0,0.13813425302505494,0.010009325163696452,0.2168984480202198,0.0,0.0
assured,renewable_drop,202,84,modify,0.07046667787569239,24,0.0,0.0,0.45,0.0,0.0,0.03276126544614333,0.002214961376345545,0.387651414424181,0.0,0.0
assured,renewable_drop,202,85,modify,0.08945518867142892,24,0.0,0.0,0.45,0.0,0.0,0.04006303489661742,0.002708627817233401,0.370063479244709,0.0,0.0
assured,renewable_drop,202,86,modify,0.0340241952822003,24,0.0,0.0,0.45,0.0,0.0,0.014504575593863936,0.0009806420565013584,0.41923798620700836,0.0,0.0
assured,renewable_drop,303,8,modify,0.07242839839567347,24,0.0,0.0,0.45,0.0,0.0,0.0,0.0,0.38657613694667814,0.0,0.034975512713266536
assured,renewable_drop,303,38,modify,0.47831994854769766,24,0.0,0.0,0.45,0.0,0.0,-0.19409314393997193,-0.020064215630687176,0.01329042613506315,0.0,0.0
assured,renewable_drop,303,39,modify,0.4302136405587961,24,0.00016747892027132522,0.005614534956785402,0.18734038663989877,0.0,0.0,3.1405501940291063e-05,0.0010528327278053612,0.035129906895641494,0.3782457550611426,0.1372044733742348
assured,renewable_drop,303,70,modify,0.18215004209598387,24,0.0,0.0,0.45,0.0,0.0,0.09063259363174439,0.03966058452054676,0.29705749824643135,0.0,0.0
assured,renewable_drop,303,71,modify,0.12611704155566414,24,0.0,0.0,0.45,0.0,0.0,0.06255186796188354,0.02916580758237983,0.3444437228143215,0.0,0.0
assured,renewable_drop,303,72,modify,0.30774095273803076,24,0.0,0.0,0.45,0.0,0.0,0.15213675498962403,0.07515458357011881,0.19326922595500945,0.0,0.0
assured,renewable_drop,303,73,modify,0.22633985623275327,24,0.0,0.0,0.45,0.0,0.0,0.17966723442077637,0.09346508405666948,0.3489371806383133,0.0,0.0
assured,renewable_drop,303,74,modify,0.3310004823740104,24,0.0,0.0,0.45,0.0,0.0,0.26064429283142093,0.14188259864017427,0.3033875852823258,0.0,0.0
assured,renewable_drop,303,75,modify,0.33882124469644437,24,0.0,0.0,0.45,0.0,0.0,0.16596399545669557,0.09391383410362432,0.16993575766682623,0.0,0.0
assured,renewable_drop,303,76,modify,0.26254525726294264,24,0.0,0.0,0.45,0.0,0.0,0.2064535140991211,0.11322878658276841,0.3338698983192444,0.0,0.0
assured,renewable_drop,303,77,modify,0.2710922189041759,24,0.0,0.0,0.45,0.0,0.0,0.22268731594085694,0.09061389641077108,0.324738384783268,0.0,0.0
assured,renewable_drop,303,78,modify,0.22550991882667076,24,0.0,0.0,0.45,0.0,0.0,0.11369855403900148,0.033386844839652305,0.258133690059185,0.0,0.0
assured,renewable_drop,303,79,modify,0.3428990083177829,24,0.0,0.0,0.45,0.0,0.0,0.1733867645263672,0.043677855450694796,0.15740983486175536,0.0,0.0
assured,renewable_drop,303,80,modify,0.2914974176210027,24,0.0,0.0,0.45,0.0,0.0,0.14785990715026856,0.02917463089271151,0.20048640668392181,0.0,0.0
assured,renewable_drop,303,81,modify,0.2378180583736512,24,0.0,0.0,0.45,0.0,0.0,0.12083466053009034,0.019435574446844604,0.24609151035547255,0.0,0.0
assured,renewable_drop,303,82,modify,0.22825681351017546,24,0.0,0.0,0.45,0.0,0.0,0.11608493328094482,0.015851385871844606,0.2541066750884056,0.0,0.0
assured,renewable_drop,303,83,modify,0.08499352357489139,24,0.0,0.0,0.45,0.0,0.0,0.04325337409973145,0.005049211444779492,0.3770099312067032,0.0,0.0
assured,renewable_drop,303,84,modify,0.018154949993963585,24,0.0,0.0,0.45,0.0,0.0,0.009240806102752686,0.0010204081775360269,0.43440613970160485,0.0,0.0
assured,renewable_drop,303,85,modify,0.06868733238627943,24,0.0,0.0,0.45,0.0,0.0,0.03496288061141968,0.0038161509307921273,0.39100013896822927,0.0,0.0
assured,renewable_drop,404,11,modify,0.35409152471501854,24,0.0,0.0,0.45,0.0,0.0,0.18026775121688843,0.01859011194867112,0.1457981698215008,0.0,0.0
assured,renewable_drop,404,23,modify,0.03171249187778368,24,0.0,0.0,0.45,0.0,0.0,0.0,0.0,0.42233043909072876,0.0,0.015494435781486992
assured,renewable_drop,404,38,modify,0.310810786485672,24,0.0,0.0,0.45,0.0,0.0,0.0,0.0,0.139189213514328,0.0,0.0
assured,renewable_drop,404,39,modify,0.4117679404329856,24,0.0,0.0,0.45,0.0,0.0,-0.272919511795044,-0.028242218232559176,0.14296554923057558,0.0,0.0
assured,renewable_drop,404,70,modify,0.2124360165720317,24,0.0,0.0,0.45,0.0,0.0,0.10570201873779297,0.04625492529957039,0.27162784337997437,0.0,0.0
assured,renewable_drop,404,71,modify,0.19190109191983415,24,0.0,0.0,0.45,0.0,0.0,0.09517961740493774,0.04437901692541804,0.28938439562916757,0.0,0.0
assured,renewable_drop,404,72,modify,0.28763159979685055,24,0.0,0.0,0.45,0.0,0.0,0.2302574157714844,0.1137456901681506,0.32048020362854,0.0,0.0
assured,renewable_drop,404,73,modify,0.2762614997982914,24,0.0,0.0,0.45,0.0,0.0,0.21929473876953126,0.11407979456219342,0.3266467094421387,0.0,0.0
assured,renewable_drop,404,74,modify,0.3526806804019147,24,0.0,0.0,0.45,0.0,0.0,0.2777162313461304,0.1511757658681208,0.2937846198678017,0.0,0.0
assured,renewable_drop,404,75,modify,0.3000510721513314,24,0.0,0.0,0.45,0.0,0.0,0.23558490276336672,0.1302680876057778,0.31748349219560623,0.0,0.0
assured,renewable_drop,404,76,modify,0.29411691972078374,24,0.0,0.0,0.45,0.0,0.0,0.24269909858703614,0.09468199063974583,0.3134817570447922,0.0,0.0
assured,renewable_drop,404,77,modify,0.22775461863406313,24,0.0,0.0,0.45,0.0,0.0,0.19316058158874513,0.052494944357844776,0.34134717285633087,0.0,0.0
assured,renewable_drop,404,78,modify,0.20933447273322867,24,0.0,0.0,0.45,0.0,0.0,0.17957520484924316,0.037019380123026996,0.34898894727230073,0.0,0.0
assured,renewable_drop,404,79,modify,0.22527359450727286,24,0.0,0.0,0.45,0.0,0.0,0.19446411132812502,0.03109004811238312,0.34061393737792967,0.0,0.0
assured,renewable_drop,404,80,modify,0.2146846066195847,24,0.0,0.0,0.45,0.0,0.0,0.10923904180526733,0.013219338203955398,0.2656591169536114,0.0,0.0
assured,renewable_drop,404,81,modify,0.2110614618609829,24,0.0,0.0,0.45,0.0,0.0,0.1831978797912598,0.019142121614634133,0.34695119261741636,0.0,0.0
assured,renewable_drop,404,82,modify,0.1732563751863718,24,0.0,0.0,0.45,0.0,0.0,0.08825211524963379,0.007109689304152875,0.30107455551624296,0.0,0.0
assured,renewable_drop,404,83,modify,0.16724247877950188,24,0.0,0.0,0.45,0.0,0.0,0.08520375490188599,0.006106894697271918,0.3062186636030674,0.0,0.0
assured,renewable_drop,404,84,modify,0.017803004625211526,24,0.0,0.0,0.45,0.0,0.0,0.008662907059857351,0.0005898159700925171,0.4344580203294754,0.0,0.0
assured,renewable_drop,404,85,modify,0.15985572067743622,24,0.0,0.0,0.45,0.0,0.0,0.07710018257260313,0.005249383222532102,0.31006481051445006,0.0,0.0
assured,renewable_drop,404,86,modify,0.002493865841623979,24,0.0,0.0,0.45,0.0,0.0,0.0011037911441929816,7.515186761133657e-05,0.44776496887207035,0.0,0.0
assured,renewable_drop,505,8,modify,0.08256257225861774,24,0.0,0.0,0.45,0.0,0.0,0.0,0.0,0.3779938995838165,0.0,0.04039430455910801
assured,renewable_drop,505,16,modify,0.032716168086211854,24,0.0,0.0,0.45,0.0,0.0,0.0,0.0,0.42129741311073304,0.0,0.01570061018270777
assured,renewable_drop,505,38,modify,0.3683242805099971,24,0.0,0.0,0.45,0.0,0.0,-0.1494589924812317,-0.015450197736073212,0.11371726691722872,0.0,0.0
assured,renewable_drop,505,39,modify,0.4920328764104248,24,0.022355432933907744,0.003353222374953887,0.348977593724062,0.0,0.0,-0.35569116306049353,-0.03669849399582113,0.03661084974910339,0.0,0.0
assured,renewable_drop,505,70,modify,0.00834990292688378,24,0.0,0.0,0.45,0.0,0.0,0.004154670238494873,0.0018180727655035625,0.44298899397253994,0.0,0.0
assured,renewable_drop,505,71,modify,0.30373417462568025,24,0.0,0.0,0.45,0.0,0.0,0.15064688920974734,0.07024151838683602,0.19578337445855137,0.0,0.0
assured,renewable_drop,505,72,modify,0.3175084336241949,24,0.0,0.0,0.45,0.0,0.0,0.2541746854782105,0.1255606683768406,0.30702673941850667,0.0,0.0
assured,renewable_drop,505,73,modify,0.24635256946481268,24,0.0,0.0,0.45,0.0,0.0,0.19555320739746096,0.10172916072248199,0.3400013208389282,0.0,0.0
assured,renewable_drop,505,74,modify,0.3231634151652848,24,0.0,0.0,0.45,0.0,0.0,0.25447304248809816,0.13852325773131344,0.3068589136004448,0.0,0.0
assured,renewable_drop,505,75,modify,0.3444685238272657,24,0.0,0.0,0.45,0.0,0.0,0.2692628622055054,0.15236743187490367,0.29853964000940325,0.0,0.0
assured,renewable_drop,505,76,modify,0.34407543087578424,24,0.0,0.0,0.45,0.0,0.0,0.28300318717956546,0.11382384302095884,0.2908107072114945,0.0,0.0
assured,renewable_drop,505,77,modify,0.2197341022884811,24,0.0,0.0,0.45,0.0,0.0,0.111050283908844,0.028864196334609783,0.26260264590382576,0.0,0.0
assured,renewable_drop,505,78,modify,0.2506824321867139,24,0.0,0.0,0.45,0.0,0.0,0.21444573402404787,0.04800149310620874,0.32937427461147306,0.0,0.0
assured,renewable_drop,505,79,modify,0.29979992236703945,24,0.0,0.0,0.45,0.0,0.0,0.15230835676193238,0.024953888498114817,0.1929796479642391,0.0,0.0
assured,renewable_drop,505,80,modify,0.3122527916874915,24,0.0,0.0,0.45,0.0,0.0,0.1588244915008545,0.02106736782216698,0.18198367059230802,0.0,0.0
assured,renewable_drop,505,81,modify,0.18261643036942274,24,0.0,0.0,0.45,0.0,0.0,0.09296185970306398,0.009882903285632164,0.29312686175107955,0.0,0.0
assured,renewable_drop,505,82,modify,0.24333139141225352,24,0.0,0.0,0.45,0.0,0.0,0.2113741159439087,0.01986023583355911,0.3311020597815514,0.0,0.0
assured,renewable_drop,505,83,modify,0.09351411489784937,24,0.0,0.0,0.45,0.0,0.0,0.04764413833618164,0.0032937561447745917,0.3696005165576935,0.0,0.0
assured,renewable_drop,505,84,modify,0.1353751959897851,24,0.0,0.0,0.45,0.0,0.0,0.06847191423835211,0.004495990739757131,0.3333045557141304,0.0,0.0
assured,renewable_drop,505,85,modify,0.109881893940641,24,0.0,0.0,0.45,0.0,0.0,0.05188793911318562,0.003407056694017419,0.3532009072601795,0.0,0.0
assured,renewable_drop,606,5,modify,0.04285377647487452,24,0.0,0.04349999998865626,0.45,0.0,0.0,0.0,0.039883538951009864,0.41258833408355716,0.0,0.020584815303474613
assured,renewable_drop,606,38,modify,0.31388950027632695,24,0.0,0.0,0.45,0.0,0.0,-0.1273703932762146,-0.013166807357449864,0.16341661512851713,0.0,0.0
assured,renewable_drop,606,39,modify,0.36152226980625285,24,0.08979802631541439,0.008292065356115026,0.4309239624407562,0.0,0.0,0.03825368080099654,0.0035323941330253506,0.18357227196517628,0.23987598790929265,0.09641332472546149
assured,renewable_drop,606,70,modify,0.16692520152040966,24,0.0,0.0,0.45,0.0,0.0,0.08305715322494507,0.036345591729377236,0.3098410539329052,0.0,0.0
assured,renewable_drop,606,71,modify,0.21920775051487298,24,0.0,0.0,0.45,0.0,0.0,0.10872324705123902,0.050693950581304076,0.2665295206010342,0.0,0.0
assured,renewable_drop,606,72,modify,0.3280896585356281,24,0.0,0.0,0.45,0.0,0.0,0.1621964693069458,0.08012401807925004,0.17629345804452895,0.0,0.0
assured,renewable_drop,606,73,modify,0.29610592513824235,24,0.0,0.0,0.45,0.0,0.0,0.23504712581634524,0.12227437819993991,0.3177859917283058,0.0,0.0
assured,renewable_drop,606,74,modify,0.27602077982494716,24,0.0,0.0,0.45,0.0,0.0,0.2173508644104004,0.11831567506901572,0.32774013876914976,0.0,0.0
assured,renewable_drop,606,75,modify,0.27182962730675797,24,0.0,0.0,0.45,0.0,0.0,0.21248276233673097,0.12023734929410274,0.33047844618558886,0.0,0.0
assured,renewable_drop,606,76,modify,0.24842477472004523,24,0.0,0.0,0.45,0.0,0.0,0.1997447729110718,0.09587974737594299,0.33764356523752215,0.0,0.0
assured,renewable_drop,606,77,modify,0.39279339986711276,24,0.0,0.0,0.45,0.0,0.0,0.1969545602798462,0.0709354719386368,0.11763917952775954,0.0,0.0
assured,renewable_drop,606,78,modify,0.31863590245896195,24,0.0,0.0,0.45,0.0,0.0,0.1609074354171753,0.04368512524973846,0.17846870273351667,0.0,0.0
assured,renewable_drop,606,79,modify,0.22834095780093222,24,0.0,0.0,0.45,0.0,0.0,0.19555318355560303,0.04241272148695065,0.3400013342499733,0.0,0.0
assured,renewable_drop,606,80,modify,0.27083689058549115,24,0.0,0.0,0.45,0.0,0.0,0.13759398460388184,0.022547521268523687,0.21781015098094939,0.0,0.0
assured,renewable_drop,606,81,modify,0.3358036617707868,24,0.0,0.0,0.45,0.0,0.0,0.17078540325164795,0.023173113448755077,0.16179963201284409,0.0,0.0
assured,renewable_drop,606,82,modify,0.1401475549232985,24,0.0,0.0,0.45,0.0,0.0,0.07134205102920532,0.00761356449676703,0.32961028888821603,0.0,0.0
assured,renewable_drop,606,83,modify,0.19961452628951734,24,0.0,0.0,0.45,0.0,0.0,0.1016392469406128,0.009879559905824134,0.2784837707877159,0.0,0.0
assured,renewable_drop,606,85,modify,0.0544890339469169,24,0.0,0.0,0.45,0.0,0.0,0.027752685546875003,0.0023548921005217462,0.4031673431396484,0.0,0.0
assured,renewable_drop,707,37,modify,0.39643558859825134,24,0.0,0.0,0.45,0.0,0.0,0.0,0.0,0.05356441140174867,0.0,0.0
assured,renewable_drop,707,38,modify,0.46407353217360703,24,0.0,0.0,0.4469795648115653,0.0,0.0,-0.18937116861343384,-0.019576085399854573,0.02375435213811422,0.0,0.0
assured,renewable_drop,707,39,modify,0.31804692720374733,24,0.0,0.0,0.0,0.0,0.0,0.0,0.0,0.0,0.3015297390759524,0.10116157549452187
assured,renewable_drop,707,71,modify,0.29984957061122935,24,0.0,0.0,0.45,0.0,0.0,0.14872019290924074,0.06934316546147654,0.19903467446565626,0.0,0.0
assured,renewable_drop,707,72,modify,0.2905642163275823,24,0.0,0.0,0.45,0.0,0.0,0.1436451554298401,0.07095978771816777,0.20759880021214486,0.0,0.0
assured,renewable_drop,707,73,modify,0.2742110486438275,24,0.0,0.0,0.45,0.0,0.0,0.2176671028137207,0.11323307851007669,0.3275622546672821,0.0,0.0
assured,renewable_drop,707,74,modify,0.27875568892678865,24,0.0,0.0,0.45,0.0,0.0,0.219504451751709,0.11948798759143521,0.3265287458896637,0.0,0.0
assured,renewable_drop,707,75,modify,0.23715448456078297,24,0.0,0.0,0.45,0.0,0.0,0.18537802696228028,0.10489962731184913,0.34572485983371737,0.0,0.0
assured,renewable_drop,707,76,modify,0.2805620371148193,24,0.0,0.0,0.45,0.0,0.0,0.22105784416198732,0.11994497860730893,0.32565496265888216,0.0,0.0
assured,renewable_drop,707,77,modify,0.22090116262715642,24,0.0,0.0,0.45,0.0,0.0,0.18215956687927248,0.07152754397087645,0.3475352436304092,0.0,0.0
assured,renewable_drop,707,78,modify,0.23378137410019462,24,0.0,0.0,0.45,0.0,0.0,0.19699335098266602,0.05973917699524869,0.3391912400722504,0.0,0.0
assured,renewable_drop,707,79,modify,0.2575741607630855,24,0.0,0.0,0.45,0.0,0.0,0.13042932748794556,0.029813642276034093,0.22990050986409186,0.0,0.0
assured,renewable_drop,707,80,modify,0.1209759034673906,24,0.0,0.0,0.45,0.0,0.0,0.061382544040679936,0.011743325571750606,0.3464169569313526,0.0,0.0
assured,renewable_drop,707,81,modify,0.16258602490063534,24,0.0,0.0,0.45,0.0,0.0,0.08255271911621094,0.01458166713768187,0.310692286491394,0.0,0.0
assured,renewable_drop,707,82,modify,0.1190273116207578,24,0.0,0.0,0.45,0.0,0.0,0.06048350334167481,0.009581041980594803,0.34793408811092374,0.0,0.0
assured,renewable_drop,707,83,modify,0.24969041429927352,24,0.0,0.0,0.45,0.0,0.0,0.12693955898284912,0.01858791462577053,0.2357894942164421,0.0,0.0
assured,renewable_drop,707,85,modify,0.02039212673515632,24,0.0,0.0,0.45,0.0,0.0,0.010375511646270753,0.0012782249338891096,0.4324913240969181,0.0,0.0
assured,renewable_drop,808,12,modify,0.01062629535430958,24,0.0,0.0,0.45,0.0,0.0,0.0,0.0,0.44064158499240874,0.0,0.005033708523813419
assured,renewable_drop,808,37,modify,0.2246466510541465,24,0.0,0.0,0.45,0.0,0.0,-0.09115746021270753,-0.009416334516592954,0.2448957145214081,0.0,0.0
assured,renewable_drop,808,38,modify,0.3189811064274354,24,-4.103381758937261e-09,1.1806245804816244e-05,0.24488281972672613,0.0,0.0,-0.2709962619663844,-0.028010203062581934,0.0789769986225812,0.0,0.0
assured,renewable_drop,808,39,modify,0.3269326670867122,24,0.0,0.0,0.0,0.0,0.0,-0.325196123123169,-0.0336518991156773,0.0,0.0,0.0
assured,renewable_drop,808,70,modify,0.1136988019862129,24,0.0,0.0,0.45,0.0,0.0,0.056573235988616945,0.024756299225464365,0.35453266426920893,0.0,0.0
assured,renewable_drop,808,71,modify,0.2317343684718689,24,0.0,0.0,0.45,0.0,0.0,0.1149362325668335,0.0535908543183813,0.2560451075434685,0.0,0.0
assured,renewable_drop,808,72,modify,0.31297197860077053,24,0.0,0.0,0.45,0.0,0.0,0.154722797870636,0.07643207220743187,0.18890527859330175,0.0,0.0
assured,renewable_drop,808,73,modify,0.2426634814140857,24,0.0,0.0,0.45,0.0,0.0,0.19262483119964602,0.10020578375082269,0.3416485324501991,0.0,0.0
assured,renewable_drop,808,74,modify,0.2748707482465301,24,0.0,0.0,0.45,0.0,0.0,0.21644527912139894,0.11782271666698026,0.3282495304942131,0.0,0.0
assured,renewable_drop,808,75,modify,0.3447615143999264,24,0.0,0.0,0.45,0.0,0.0,0.16887370347976685,0.09556034686572519,0.16502562537789345,0.0,0.0
assured,renewable_drop,808,76,modify,0.2720161480779288,24,0.0,0.0,0.45,0.0,0.0,0.21345791816711426,0.1183709344530696,0.3299299210309982,0.0,0.0
assured,renewable_drop,808,77,modify,0.2884081178680218,24,0.0,0.0,0.45,0.0,0.0,0.23693313598632815,0.09633138371240417,0.3167251110076904,0.0,0.0
assured,renewable_drop,808,78,modify,0.2220434816454084,24,0.0,0.0,0.45,0.0,0.0,0.1877753734588623,0.0537341784851985,0.34437635242938996,0.0,0.0
assured,renewable_drop,808,79,modify,0.21398245742701374,24,0.0,0.0,0.45,0.0,0.0,0.18319470882415773,0.040118594804739886,0.3469529762864113,0.0,0.0
assured,renewable_drop,808,80,modify,0.23862119512273383,24,0.0,0.0,0.45,0.0,0.0,0.2057602882385254,0.034741810761050866,0.33425983786582947,0.0,0.0
assured,renewable_drop,808,81,modify,0.3075422254303508,24,0.0,0.0,0.45,0.0,0.0,0.15646625757217408,0.019623807282306855,0.18596319034695624,0.0,0.0
assured,renewable_drop,808,82,modify,0.16478094459024833,24,0.0,0.0,0.45,0.0,0.0,0.08389482498168946,0.008464066829255965,0.30842748284339905,0.0,0.0
assured,renewable_drop,808,83,modify,0.2592330593482097,24,0.0,0.0,0.45,0.0,0.0,0.13201779127120972,0.011922386565946725,0.2272199772298336,0.0,0.0
assured,renewable_drop,808,84,modify,0.012354658287917824,24,0.0,0.0,0.45,0.0,0.0,0.006293785572052003,0.000474588912186122,0.43937923684716224,0.0,0.0
assured,renewable_drop,808,85,modify,0.03239478570656056,24,0.0,0.0,0.45,0.0,0.0,0.01650294065475464,0.0012346298610327966,0.42215128764510157,0.0,0.0
assured,renewable_drop,909,9,modify,0.04055982668040105,24,0.0,0.0,0.45,0.0,0.0,0.0,0.0,0.41444318890571596,0.0,0.01951442351568633
assured,renewable_drop,909,38,modify,0.26156448251697084,24,0.0,0.0,0.45,0.0,0.0,-0.10613789558410645,-0.01097191575321947,0.21118973493576051,0.0,0.0
assured,renewable_drop,909,39,modify,0.39686453385738335,24,0.0,0.0,0.0,0.0,0.0,0.0,0.0,0.0,0.3746053994650844,0.1310429430585359
assured,renewable_drop,909,70,modify,0.2619969007449382,24,0.0,0.0,0.45,0.0,0.0,0.13036208152770998,0.05704610389626161,0.23001398742198945,0.0,0.0
assured,renewable_drop,909,71,modify,0.21862769054021125,24,0.0,0.0,0.45,0.0,0.0,0.10843554735183716,0.05055980600101151,0.2670150138437748,0.0,0.0
assured,renewable_drop,909,72,modify,0.2560989112309117,24,0.0,0.0,0.45,0.0,0.0,0.20501458644866943,0.10127589399025048,0.33467929512262345,0.0,0.0
assured,renewable_drop,909,73,modify,0.3032340572093906,24,0.0,0.0,0.45,0.0,0.0,0.24070539474487307,0.1252178786257412,0.3146032154560089,0.0,0.0
assured,renewable_drop,909,74,modify,0.3606504353652698,24,0.0,0.0,0.45,0.0,0.0,0.1771649479866028,0.09644033611949578,0.1510341502726078,0.0,0.0
assured,renewable_drop,909,75,modify,0.27096562726403906,24,0.0,0.0,0.45,0.0,0.0,0.21180739402770998,0.11985517949180491,0.3308583408594131,0.0,0.0
assured,renewable_drop,909,76,modify,0.29597293086874255,24,0.0,0.0,0.45,0.0,0.0,0.14703445434570314,0.06646045591567572,0.20187935829162598,0.0,0.0
assured,renewable_drop,909,77,modify,0.37398926170299696,24,0.0,0.0,0.45,0.0,0.0,0.3103120803833008,0.11448357001017667,0.2754494547843933,0.0,0.0
assured,renewable_drop,909,78,modify,0.35206060903360287,24,0.0,0.0,0.45,0.0,0.0,0.17830359935760498,0.04026558326818537,0.1491126760840416,0.0,0.0
assured,renewable_drop,909,79,modify,0.32343830658978406,24,0.0,0.0,0.45,0.0,0.0,0.1642336368560791,0.02882201636396967,0.1728557378053665,0.0,0.0
assured,renewable_drop,909,80,modify,0.22382001434960486,24,0.0,0.0,0.45,0.0,0.0,0.11381665468215943,0.015873607100890332,0.257934395223856,0.0,0.0
assured,renewable_drop,909,81,modify,0.2250667020136512,24,0.0,0.0,0.45,0.0,0.0,0.19510505199432374,0.023339336784783435,0.3402534082531929,0.0,0.0
assured,renewable_drop,909,82,modify,0.16444698995277807,24,0.0,0.0,0.45,0.0,0.0,0.08374648094177246,0.007574893532860042,0.30867781341075895,0.0,0.0
assured,renewable_drop,909,83,modify,0.0644305459536636,24,0.0,0.0,0.45,0.0,0.0,0.03281888961791992,0.0026577286077278783,0.39461812376976013,0.0,0.0
assured,renewable_drop,909,84,modify,0.206093266926828,24,0.0,0.0,0.45,0.0,0.0,0.10498459339141847,0.008153052380998097,0.27283849865198134,0.0,0.0
assured,renewable_drop,909,85,modify,0.04873462676325557,24,0.0,0.0,0.45,0.0,0.0,0.024556558019087158,0.0016816870093885245,0.40793800726532936,0.0,0.0
assured,renewable_drop,1010,7,modify,0.0212160572358359,24,0.0,0.0,0.45,0.0,0.0,0.0,0.0,0.4313815265893936,0.0,0.010172194084503454
assured,renewable_drop,1010,11,modify,0.07378208475940551,24,0.0,0.0,0.45,0.0,0.0,0.0,0.0,0.3853801667690277,0.0,0.035610015229502856
assured,renewable_drop,1010,18,modify,0.014327894408221022,24,0.0,0.0,0.45,0.0,0.0,0.0,0.0,0.4374422460794449,0.0,0.006898650204490245
assured,renewable_drop,1010,38,modify,0.2108636131721864,24,0.0,0.0,0.45,0.0,0.0,-0.0855644464492798,-0.0088451527397057,0.2574799954891205,0.0,0.0
assured,renewable_drop,1010,39,modify,0.4619286543191193,24,-4.3092851701109584e-07,-7.979301053091079e-05,0.4296161225994465,0.0,0.0,-0.31399559703374685,-0.03250999466859873,0.09237229483674508,0.0,0.0
assured,renewable_drop,1010,70,modify,0.06904564412107593,24,0.0,0.0,0.45,0.0,0.0,0.034355115890502934,0.015033708325999342,0.3920257419347763,0.0,0.0
assured,renewable_drop,1010,71,modify,0.24660048636882345,24,0.0,0.0,0.45,0.0,0.0,0.19911689758300782,0.09284143400553958,0.3379967451095581,0.0,0.0
assured,renewable_drop,1010,72,modify,0.27575973663029185,24,0.0,0.0,0.45,0.0,0.0,0.22075364589691163,0.10905088865671789,0.3258260741829872,0.0,0.0
assured,renewable_drop,1010,73,modify,0.3197270815896328,24,0.0,0.0,0.45,0.0,0.0,0.25379745960235595,0.1320285302524827,0.3072389289736748,0.0,0.0
assured,renewable_drop,1010,74,modify,0.31229457340549593,24,0.0,0.0,0.45,0.0,0.0,0.15341074466705323,0.08350965553948941,0.19111936837434768,0.0,0.0
assured,renewable_drop,1010,75,modify,0.2860415389071706,24,0.0,0.0,0.45,0.0,0.0,0.22359187602996827,0.12652364926870907,0.3242295697331429,0.0,0.0
assured,renewable_drop,1010,76,modify,0.30187015691808333,24,0.0,0.0,0.45,0.0,0.0,0.24556729793548585,0.10836029484100268,0.31186839491128926,0.0,0.0
assured,renewable_drop,1010,77,modify,0.27646237755661174,24,0.0,0.0,0.45,0.0,0.0,0.23282918930053711,0.07120261170110077,0.3190335810184479,0.0,0.0
assured,renewable_drop,1010,78,modify,0.24433027765692014,24,0.0,0.0,0.45,0.0,0.0,0.1238061785697937,0.026842607526732887,0.24107707366347314,0.0,0.0
assured,renewable_drop,1010,79,modify,0.27850113283081984,24,0.0,0.0,0.45,0.0,0.0,0.14136494398117067,0.02590629575864955,0.2114466570317745,0.0,0.0
assured,renewable_drop,1010,80,modify,0.28436610074476437,24,0.0,0.0,0.45,0.0,0.0,0.14454357624053957,0.021808070627767486,0.2060827150940895,0.0,0.0
assured,renewable_drop,1010,81,modify,0.378033620894231,24,0.0,0.0,0.45,0.0,0.0,0.192340886592865,0.023776279643187768,0.12542475387454033,0.0,0.0
assured,renewable_drop,1010,82,modify,0.2539343113704253,24,0.0,0.0,0.45,0.0,0.0,0.1293082594871521,0.012141394798206072,0.23179231211543083,0.0,0.0
assured,renewable_drop,1010,83,modify,0.15271177333629263,24,0.0,0.0,0.45,0.0,0.0,0.0777902126312256,0.006123507368756079,0.3187290161848068,0.0,0.0
assured,renewable_drop,1010,85,modify,0.13258176687244996,24,0.0,0.0,0.45,0.0,0.0,0.06754618883132935,0.004800091529178695,0.33601580634713174,0.0,0.0
assured,renewable_drop,1111,16,modify,0.06479573391398558,24,0.0,0.0,0.45,0.0,0.0,0.032987463474273684,0.003401832510628257,0.39433365538716314,0.0,0.0
assured,renewable_drop,1111,38,modify,0.3777805298566818,24,0.0,0.0,0.45,0.0,0.0,0.0,0.0,0.0722194701433182,0.0,0.0
assured,renewable_drop,1111,39,modify,0.37421983179479096,24,0.0,0.0,0.3692228229674242,0.0,0.0,-0.17802146673202515,-0.018421992185380376,0.04057488048942559,0.0,0.0
assured,renewable_drop,1111,70,modify,0.12866791227494034,24,0.0,0.0,0.45,0.0,0.0,0.06402143239974976,0.028015610378906864,0.3419638328254223,0.0,0.0
assured,renewable_drop,1111,71,modify,0.2756236664469602,24,0.0,0.0,0.45,0.0,0.0,0.13670456409454346,0.06374068660018489,0.2193110480904579,0.0,0.0
assured,renewable_drop,1111,72,modify,0.3708351308252581,24,0.0,0.0,0.45,0.0,0.0,0.18332839012145996,0.09056305175628523,0.14063334167003633,0.0,0.0
assured,renewable_drop,1111,73,modify,0.2992761830893296,24,0.0,0.0,0.45,0.0,0.0,0.23756365776062013,0.12358350877381015,0.3163704425096512,0.0,0.0
assured,renewable_drop,1111,74,modify,0.26056491615095495,24,0.0,0.0,0.45,0.0,0.0,0.2051802396774292,0.11169055450554653,0.3345861151814461,0.0,0.0
assured,renewable_drop,1111,75,modify,0.3919765392224457,24,0.0,0.0,0.45,0.0,0.0,0.19200092554092407,0.108647318470334,0.12599843814969064,0.0,0.0
assured,renewable_drop,1111,76,modify,0.3729702677245699,24,0.0,0.0,0.45,0.0,0.0,0.1846439003944397,0.08903512017068368,0.138413418084383,0.0,0.0
assured,renewable_drop,1111,77,modify,0.2619690331034123,24,0.0,0.0,0.45,0.0,0.0,0.21725571155548096,0.08058127025184934,0.327793662250042,0.0,0.0
assured,renewable_drop,1111,78,modify,0.3742249067890787,24,0.0,0.0,0.45,0.0,0.0,0.18899638652801515,0.051062778902781346,0.13106859773397445,0.0,0.0
assured,renewable_drop,1111,79,modify,0.2629378734078289,24,0.0,0.0,0.45,0.0,0.0,0.2255514144897461,0.04654256262734657,0.3231273293495178,0.0,0.0
assured,renewable_drop,1111,80,modify,0.23866155780716203,24,0.0,0.0,0.45,0.0,0.0,0.20629837512969973,0.030567626738715336,0.3339571639895439,0.0,0.0
assured,renewable_drop,1111,81,modify,0.10248278252653562,24,0.0,0.0,0.45,0.0,0.0,0.05216406583786011,0.005736085274938303,0.36197313889861105,0.0,0.0
assured,renewable_drop,1111,82,modify,0.10381222234679041,24,0.0,0.0,0.45,0.0,0.0,0.052851200103759766,0.005432695461709566,0.3608135998249054,0.0,0.0
assured,renewable_drop,1111,84,modify,0.10594655165193778,24,0.0,0.0,0.45,0.0,0.0,0.05394723415374756,0.005179010685088556,0.358964042365551,0.0,0.0
assured,renewable_drop,1111,85,modify,0.02161183564030667,24,0.0,0.0,0.45,0.0,0.0,0.011006307601928712,0.0009853688465481117,0.4314268559217453,0.0,0.0
assured,renewable_drop,1212,20,modify,0.013587586084544894,24,0.0,0.0,0.45,0.0,0.0,0.0,0.0,0.4380851715803146,0.0,0.0065314132723611595
assured,renewable_drop,1212,38,modify,0.34574252166618197,24,0.0,0.0,0.45,0.0,0.0,-0.14029574394226074,-0.01450295461953967,0.13433457612991334,0.0,0.0
assured,renewable_drop,1212,39,modify,0.2900118855910711,24,-3.800744370595049e-08,-0.00032366146533955345,0.2292171466797032,0.0,0.0,-0.25063318241314864,-0.026056846705041777,0.08559359747269904,0.0,0.0
assured,renewable_drop,1212,70,modify,0.18661969192867434,24,0.0,0.0,0.45,0.0,0.0,0.09285656213760377,0.040633787287490154,0.29330455139279366,0.0,0.0
assured,renewable_drop,1212,71,modify,0.2382620741418091,24,0.0,0.0,0.45,0.0,0.0,0.11817386150360108,0.05510045052501175,0.2505816087126732,0.0,0.0
assured,renewable_drop,1212,72,modify,0.2901481725818744,24,0.0,0.0,0.45,0.0,0.0,0.23227200508117676,0.11474088439748112,0.3193469971418381,0.0,0.0
assured,renewable_drop,1212,73,modify,0.23073486438489477,24,0.0,0.0,0.45,0.0,0.0,0.18315596580505372,0.09527996462258816,0.3469747692346573,0.0,0.0
assured,renewable_drop,1212,74,modify,0.27812391789987534,24,0.0,0.0,0.45,0.0,0.0,0.21900696754455568,0.11921718038776852,0.32680858075618746,0.0,0.0
assured,renewable_drop,1212,75,modify,0.3528861019066919,24,0.0,0.0,0.45,0.0,0.0,0.17285335063934326,0.09781230472024033,0.15830997079610826,0.0,0.0
assured,renewable_drop,1212,76,modify,0.3999064324082696,24,0.0,0.0,0.45,0.0,0.0,0.3208910942077637,0.15611970574066308,0.26949875950813296,0.0,0.0
assured,renewable_drop,1212,77,modify,0.24572587997850978,24,0.0,0.0,0.45,0.0,0.0,0.20757973194122314,0.060482434444466694,0.333236400783062,0.0,0.0
assured,renewable_drop,1212,78,modify,0.2533803973610505,24,0.0,0.0,0.45,0.0,0.0,0.21703572273254396,0.04682906210879656,0.32791740596294405,0.0,0.0
assured,renewable_drop,1212,79,modify,0.28701797760212455,24,0.0,0.0,0.45,0.0,0.0,0.14585464000701906,0.02293276620948461,0.20387029498815537,0.0,0.0
assured,renewable_drop,1212,80,modify,0.29277617108368686,24,0.0,0.0,0.45,0.0,0.0,0.14893842935562135,0.019148168554006497,0.19866640046238898,0.0,0.0
assured,renewable_drop,1212,81,modify,0.27306951878458285,24,0.0,0.0,0.45,0.0,0.0,0.13901387453079225,0.014544898491458456,0.2154140867292881,0.0,0.0
assured,renewable_drop,1212,82,modify,0.2636447593408611,24,0.0,0.0,0.45,0.0,0.0,0.1342763900756836,0.011607924112191312,0.22340859174728392,0.0,0.0
assured,renewable_drop,1212,83,modify,0.08932644583916936,24,0.0,0.0,0.45,0.0,0.0,0.04550824165344239,0.003273775778926297,0.373204842209816,0.0,0.0
assured,renewable_drop,1212,86,modify,0.06660092565116307,24,0.0,0.0,0.45,0.0,0.0,0.03393301963806152,0.0023022150956800353,0.3927380293607712,0.0,0.0
assured,renewable_drop,1313,6,modify,0.015366256026154487,24,0.0,0.0,0.45,0.0,0.0,0.0,0.0,0.43646144270896914,0.0,0.00726837607301685
assured,renewable_drop,1313,16,modify,0.04318613746463841,24,0.0,0.0,0.45,0.0,0.0,0.0,0.0,0.4121500074863434,0.0,0.020794723749806905
assured,renewable_drop,1313,39,modify,0.5096316056357544,24,0.0,0.0,0.44999997726420576,0.0,0.0,0.0,0.0,0.10351151002992826,0.3477657917643134,0.1368541910759706
assured,renewable_drop,1313,71,modify,0.3038550705265897,24,0.0,0.0,0.45,0.0,0.0,0.15070685148239138,0.07026947675423768,0.19568218812346455,0.0,0.0
assured,renewable_drop,1313,72,modify,0.32771172486856653,24,0.0,0.0,0.45,0.0,0.0,0.2623427152633667,0.1295956228303756,0.3024322226643562,0.0,0.0
assured,renewable_drop,1313,73,modify,0.3436577740199846,24,0.0,0.0,0.45,0.0,0.0,0.1693434476852417,0.08809452443220243,0.16423293203115463,0.0,0.0
assured,renewable_drop,1313,74,modify,0.3115712910249684,24,0.0,0.0,0.45,0.0,0.0,0.15305544137954713,0.08331624499829116,0.19171894267201423,0.0,0.0
assured,renewable_drop,1313,75,modify,0.3758348606907828,24,0.0,0.0,0.45,0.0,0.0,0.18409428596496583,0.10417319843357312,0.13934089243412018,0.0,0.0
assured,renewable_drop,1313,76,modify,0.3536698055638726,24,0.0,0.0,0.45,0.0,0.0,0.2783695220947266,0.15190309308039765,0.29341714382171635,0.0,0.0
assured,renewable_drop,1313,77,modify,0.28195448973629805,24,0.0,0.0,0.45,0.0,0.0,0.14143309593200684,0.05032328148341179,0.21133165061473846,0.0,0.0
assured,renewable_drop,1313,78,modify,0.2717557563053894,24,0.0,0.0,0.45,0.0,0.0,0.22949528694152832,0.0672204770909881,0.32090890109539033,0.0,0.0
assured,renewable_drop,1313,79,modify,0.3579594171853212,24,0.0,0.0,0.45,0.0,0.0,0.18146260976791384,0.03790392827793941,0.1437818460166454,0.0,0.0
assured,renewable_drop,1313,80,modify,0.23688348753328314,24,0.0,0.0,0.45,0.0,0.0,0.2044464111328125,0.03301813440085112,0.33499889373779296,0.0,0.0
assured,renewable_drop,1313,81,modify,0.14015513855036868,24,0.0,0.0,0.45,0.0,0.0,0.07131758928298951,0.008574337089576502,0.3296515680849552,0.0,0.0
assured,renewable_drop,1313,82,modify,0.2411326962626154,24,0.0,0.0,0.45,0.0,0.0,0.12273889780044556,0.013441087775653322,0.24287810996174813,0.0,0.0
assured,renewable_drop,1313,83,modify,0.012396096845066717,24,0.0,0.0,0.45,0.0,0.0,0.00631251335144043,0.0005852220134606507,0.4393476337194443,0.0,0.0
assured,renewable_drop,1313,84,modify,0.16632734315566572,24,0.0,0.0,0.45,0.0,0.0,0.08470101356506349,0.007790520914905114,0.30706703960895537,0.0,0.0
assured,renewable_drop,1414,38,modify,0.4331861905117624,24,0.0,0.0,0.45,0.0,0.0,-0.17577872276306153,-0.018170977733740126,0.05449787378311155,0.0,0.0
assured,renewable_drop,1414,39,modify,0.4706524986237824,24,0.04042767862415393,0.0011606459983332376,0.4499997237811975,0.0,0.0,-0.2880280662677182,-0.030574201418603182,0.11440547834817666,0.0,0.0
assured,renewable_drop,1414,70,modify,0.07575148448996827,24,0.0,0.0,0.45,0.0,0.0,0.03769174814224244,0.016493809820741813,0.3863951750099659,0.0,0.0
assured,renewable_drop,1414,71,modify,0.27488925389264823,24,0.0,0.0,0.45,0.0,0.0,0.1363403081893921,0.06357084646612424,0.21992572993040085,0.0,0.0
assured,renewable_drop,1414,72,modify,0.2659722704850292,24,0.0,0.0,0.45,0.0,0.0,0.21291849613189698,0.10518037480331442,0.33023334592580794,0.0,0.0
assured,renewable_drop,1414,73,modify,0.2744361807864055,24,0.0,0.0,0.45,0.0,0.0,0.13523328304290771,0.07035000125433627,0.22179383486509321,0.0,0.0
assured,renewable_drop,1414,74,modify,0.28361589920708485,24,0.0,0.0,0.45,0.0,0.0,0.13932271003723146,0.07584078644092568,0.21489292681217192,0.0,0.0
assured,renewable_drop,1414,75,modify,0.33508425131093333,24,0.0,0.0,0.45,0.0,0.0,0.16413351297378542,0.09287802131931189,0.1730246968567371,0.0,0.0
assured,renewable_drop,1414,76,modify,0.3115975782927359,24,0.0,0.0,0.45,0.0,0.0,0.24201035499572754,0.14139461603362077,0.31386917531490327,0.0,0.0
assured,renewable_drop,1414,77,modify,0.2890846157307681,24,0.0,0.0,0.45,0.0,0.0,0.23573992252349854,0.10204342715060256,0.3173962935805321,0.0,0.0
assured,renewable_drop,1414,78,modify,0.27140671500869357,24,0.0,0.0,0.45,0.0,0.0,0.22859644889831543,0.06979281516280114,0.3214144974946976,0.0,0.0
assured,renewable_drop,1414,79,modify,0.22296479495855337,24,0.0,0.0,0.45,0.0,0.0,0.19091296195983887,0.04163222293520963,0.34261145889759065,0.0,0.0
assured,renewable_drop,1414,80,modify,0.2406315640003515,24,0.0,0.0,0.45,0.0,0.0,0.20756661891937256,0.03446204667770594,0.33324377685785295,0.0,0.0
assured,renewable_drop,1414,81,modify,0.2066609527527681,24,0.0,0.0,0.45,0.0,0.0,0.10514988899230958,0.012928314486457943,0.2725595623254776,0.0,0.0
assured,renewable_drop,1414,82,modify,0.1184161552664135,24,0.0,0.0,0.45,0.0,0.0,0.060279572010040285,0.006437309554339009,0.34827822223305704,0.0,0.0
assured,renewable_drop,1414,83,modify,0.12900847464504578,24,0.0,0.0,0.45,0.0,0.0,0.06568565368652345,0.006486081257230399,0.3391554594039917,0.0,0.0
assured,renewable_drop,1414,84,modify,0.13859411347690617,24,0.0,0.0,0.45,0.0,0.0,0.07058030366897583,0.006397162866115029,0.3308957375586033,0.0,0.0
assured,renewable_drop,1414,85,modify,0.0007287825712626965,24,0.0,0.0,0.45,0.0,0.0,0.00037120580673217775,3.0676523859355386e-05,0.4493735902011395,0.0,0.0
assured,renewable_drop,1515,7,modify,0.011982730900636547,24,0.0,0.0,0.45,0.0,0.0,0.0,0.0,0.43944590985774995,0.0,0.005674241897058148
assured,renewable_drop,1515,38,modify,0.15258334538907978,24,0.0,0.0,0.45,0.0,0.0,-0.06191542148590088,-0.006400454659759667,0.31069030165672307,0.0,0.0
assured,renewable_drop,1515,39,modify,0.3258960280079641,24,1.655562709598484e-08,1.027363338969681e-07,0.3105886854486248,0.0,0.0,-0.2565540254349754,-0.026548651064494007,0.11138173707263338,0.0,0.0
assured,renewable_drop,1515,70,modify,0.10545424345423873,24,0.0,0.0,0.45,0.0,0.0,0.05247098207473755,0.02296116370570614,0.3614552177488804,0.0,0.0
assured,renewable_drop,1515,71,modify,0.2986987041254943,24,0.0,0.0,0.45,0.0,0.0,0.14814938306808473,0.06907701625545395,0.19999791607260703,0.0,0.0
assured,renewable_drop,1515,72,modify,0.28138582559778846,24,0.0,0.0,0.45,0.0,0.0,0.13910766839981079,0.06871829815688507,0.21525580957531928,0.0,0.0
assured,renewable_drop,1515,73,modify,0.3874039684336451,24,0.0,0.0,0.45,0.0,0.0,0.19090015888214112,0.09930858820125305,0.12785598188638686,0.0,0.0
assured,renewable_drop,1515,74,modify,0.3315843543419485,24,0.0,0.0,0.45,0.0,0.0,0.26110405921936036,0.1421328740219201,0.3031289666891098,0.0,0.0
assured,renewable_drop,1515,75,modify,0.3170389091692607,24,0.0,0.0,0.45,0.0,0.0,0.24782178401947022,0.14023459635099905,0.31060024648904805,0.0,0.0
assured,renewable_drop,1515,76,modify,0.3090508872551912,24,0.0,0.0,0.45,0.0,0.0,0.24986813068389893,0.11542891402288259,0.3094491764903069,0.0,0.0
assured,renewable_drop,1515,77,modify,0.25090854454216394,24,0.0,0.0,0.45,0.0,0.0,0.21075656414031985,0.06695170932861357,0.3314494326710701,0.0,0.0
assured,renewable_drop,1515,78,modify,0.3447616570017143,24,0.0,0.0,0.45,0.0,0.0,0.29442572593688965,0.06889077654995254,0.2843855291604996,0.0,0.0
assured,renewable_drop,1515,79,modify,0.22301395141498784,24,0.0,0.0,0.45,0.0,0.0,0.1927790641784668,0.028506255499337038,0.34156177639961244,0.0,0.0
assured,renewable_drop,1515,80,modify,0.2898099621170561,24,0.0,0.0,0.45,0.0,0.0,0.14750454425811768,0.01655550586793189,0.20108608156442642,0.0,0.0
assured,renewable_drop,1515,81,modify,0.2978372829594803,24,0.0,0.0,0.45,0.0,0.0,0.1516730785369873,0.013884590055965708,0.19405167996883393,0.0,0.0
assured,renewable_drop,1515,82,modify,0.2531381772024884,24,0.0,0.0,0.45,0.0,0.0,0.12895824909210205,0.009567043676826297,0.23238295465707778,0.0,0.0
assured,renewable_drop,1515,83,modify,0.10626688726717443,24,0.0,0.0,0.45,0.0,0.0,0.052955751521185576,0.003395163494609173,0.3579303927719593,0.0,0.0
assured,renewable_drop,1515,84,modify,0.11974417535446089,24,0.0,0.0,0.45,0.0,0.0,0.05653870513568237,0.0036248781708318476,0.34450638592243193,0.0,0.0
assured,renewable_drop,1515,85,modify,0.038450040071939064,24,0.0,0.0,0.45,0.0,0.0,0.01702461523322233,0.001091502820547822,0.4155416674911976,0.0,0.0
assured,renewable_drop,1616,7,modify,0.010828082343011877,24,0.0,0.0,0.45,0.0,0.0,0.0,0.0,0.4404740005731583,0.0,0.005148077519507307
assured,renewable_drop,1616,8,modify,0.04721056742151878,24,0.0,0.0,0.45,0.0,0.0,0.0,0.0,0.4087203472852707,0.0,0.022909123684966868
assured,renewable_drop,1616,16,modify,0.08856719593828316,24,0.0,0.0,0.45,0.0,0.0,0.0,0.0,0.372889307141304,0.0,0.04356706603871891
assured,renewable_drop,1616,38,modify,0.3911232712764522,24,0.0,0.0,0.44999997726420576,0.0,0.0,-0.15871039628982545,-0.016406553829514583,0.09290160365413308,0.0,0.0
assured,renewable_drop,1616,39,modify,0.5604910989791456,24,0.1432361326515677,0.014806914831136811,0.45,0.0,0.0,-0.19601626578221854,-0.02028430647412898,0.005222877860069253,0.0,0.0
assured,renewable_drop,1616,71,modify,0.31654676066001625,24,0.0,0.0,0.45,0.0,0.0,0.15700170993804932,0.07320455505738142,0.18505961447954178,0.0,0.0
assured,renewable_drop,1616,72,modify,0.2631559950805859,24,0.0,0.0,0.45,0.0,0.0,0.2106639862060547,0.10406666132465549,0.33150150775909426,0.0,0.0
assured,renewable_drop,1616,73,modify,0.31459722556099945,24,0.0,0.0,0.45,0.0,0.0,0.15502334833145143,0.08064503430053326,0.18839809969067572,0.0,0.0
assured,renewable_drop,1616,74,modify,0.34898837149645184,24,0.0,0.0,0.45,0.0,0.0,0.1714361071586609,0.09332182232034637,0.16070156916975975,0.0,0.0
assured,renewable_drop,1616,75,modify,0.28083393828704406,24,0.0,0.0,0.45,0.0,0.0,0.1375602126121521,0.0778410217888964,0.21786714121699333,0.0,0.0
assured,renewable_drop,1616,76,modify,0.34601221085679645,24,0.0,0.0,0.45,0.0,0.0,0.16905810832977297,0.098772245985427,0.16471444219350811,0.0,0.0
assured,renewable_drop,1616,77,modify,0.2714999892973185,24,0.0,0.0,0.45,0.0,0.0,0.21828646659851075,0.10481806683786471,0.32721386253833773,0.0,0.0
assured,renewable_drop,1616,78,modify,0.25882776199493374,24,0.0,0.0,0.45,0.0,0.0,0.21581563949584961,0.07535488803287595,0.3286037027835846,0.0,0.0
assured,renewable_drop,1616,79,modify,0.2850726132488839,24,0.0,0.0,0.45,0.0,0.0,0.14411829710006716,0.0367457889512498,0.2068003736436367,0.0,0.0
assured,renewable_drop,1616,80,modify,0.24005686312751753,24,0.0,0.0,0.45,0.0,0.0,0.20583927631378174,0.043028105955136786,0.3342154070734978,0.0,0.0
assured,renewable_drop,1616,81,modify,0.27814383184417696,24,0.0,0.0,0.45,0.0,0.0,0.14135632514953614,0.021945889200197057,0.21146120131015778,0.0,0.0
assured,renewable_drop,1616,82,modify,0.06937269330839864,24,0.0,0.0,0.45,0.0,0.0,0.03529151678085327,0.004510958156604249,0.3904455654323101,0.0,0.0
assured,renewable_drop,1616,83,modify,0.13824376897035306,24,0.0,0.0,0.45,0.0,0.0,0.07034068107604981,0.008594309006351367,0.33130010068416593,0.0,0.0
assured,renewable_drop,1616,84,modify,0.05725003945903239,24,0.0,0.0,0.45,0.0,0.0,0.029139220714569092,0.003247225696272971,0.40082756504416467,0.0,0.0
assured,renewable_drop,1616,85,modify,0.18957645122183364,24,0.0,0.0,0.45,0.0,0.0,0.09650204181671143,0.010362320177278284,0.28715280443429947,0.0,0.0
assured,renewable_drop,1616,86,modify,0.07827151490105558,24,0.0,0.0,0.45,0.0,0.0,0.03985685110092163,0.003763538327531309,0.38274156376719476,0.0,0.0
assured,renewable_drop,1717,14,modify,0.012073754709502968,24,0.0,0.0,0.45,0.0,0.0,0.0,0.0,0.43937418758869173,0.0,0.0057330326516540995
assured,renewable_drop,1717,37,modify,0.2162543814723589,24,0.0,0.0,0.45,0.0,0.0,-0.08775203227996826,-0.009064562445365893,0.25255792737007143,0.0,0.0
assured,renewable_drop,1717,38,modify,0.23721636167224677,24,0.0,0.0,0.0,0.0,0.0,-0.23595895767211916,-0.02439205893944299,0.0,0.0,0.0
assured,renewable_drop,1717,39,modify,0.3189321743476987,24,-1.6008902449653363e-05,0.013709225628693025,0.1855847927061164,0.0,0.0,-0.2870912442789878,-0.02583838390494317,0.052387466727585014,0.0,0.0
assured,renewable_drop,1717,70,modify,0.04217525261430166,24,0.0,0.0,0.45,0.0,0.0,0.020985186100006104,0.009183062225719914,0.4145874984562397,0.0,0.0
assured,renewable_drop,1717,71,modify,0.25917295501921234,24,0.0,0.0,0.45,0.0,0.0,0.1285452961921692,0.05993629761217344,0.23307981267571448,0.0,0.0
assured,renewable_drop,1717,72,modify,0.27629787899641406,24,0.0,0.0,0.45,0.0,0.0,0.22118444442749025,0.10926370037450735,0.32558375000953677,0.0,0.0
assured,renewable_drop,1717,73,modify,0.24893086131460307,24,0.0,0.0,0.45,0.0,0.0,0.19759984016418458,0.10279384401986588,0.3388500899076462,0.0,0.0
assured,renewable_drop,1717,74,modify,0.26483871120189534,24,0.0,0.0,0.45,0.0,0.0,0.2085456132888794,0.11352250696535525,0.33269309252500534,0.0,0.0
assured,renewable_drop,1717,75,modify,0.3474611842640029,24,0.0,0.0,0.45,0.0,0.0,0.27160215377807617,0.1536911638088203,0.29722378849983216,0.0,0.0
assured,renewable_drop,1717,76,modify,0.22622769517216937,24,0.0,0.0,0.45,0.0,0.0,0.183314847946167,0.08331875806810904,0.34688539803028107,0.0,0.0
assured,renewable_drop,1717,77,modify,0.26537157425548263,24,0.0,0.0,0.45,0.0,0.0,0.22120745182037355,0.07750298024951441,0.3255708083510399,0.0,0.0
assured,renewable_drop,1717,78,modify,0.3730712196383304,24,0.0,0.0,0.45,0.0,0.0,0.18862414360046387,0.04781331716495909,0.13169675767421724,0.0,0.0
assured,renewable_drop,1717,79,modify,0.27230774055449386,24,0.0,0.0,0.45,0.0,0.0,0.23402454853057864,0.04533475857327127,0.3183611914515495,0.0,0.0
assured,renewable_drop,1717,80,modify,0.3651532011637477,24,0.0,0.0,0.45,0.0,0.0,0.1857032656669617,0.025450542246983406,0.13662573918700216,0.0,0.0
assured,renewable_drop,1717,81,modify,0.29823636026196243,24,0.0,0.0,0.45,0.0,0.0,0.15182327032089235,0.015977324667369282,0.19379823133349416,0.0,0.0
assured,renewable_drop,1717,82,modify,0.3516479654692131,24,0.0,0.0,0.45,0.0,0.0,0.17910184860229494,0.015271061813710934,0.14776563048362729,0.0,0.0
assured,renewable_drop,1717,83,modify,0.03794094377092555,24,0.0,0.0,0.45,0.0,0.0,0.019326699390773052,0.001279379666872215,0.4173755139112473,0.0,0.0
assured,renewable_drop,1717,84,modify,0.02553149801511993,24,0.0,0.0,0.45,0.0,0.0,0.01277087933063744,0.0008454006042799342,0.42790820673108104,0.0,0.0
assured,renewable_drop,1717,85,modify,0.001485055860945867,24,0.0,0.0,0.45,0.0,0.0,0.0007336690235848738,4.856707356024812e-05,0.44870974346995357,0.0,0.0
assured,renewable_drop,1818,11,modify,0.2000319200842261,24,0.0,0.0,0.45,0.0,0.0,0.0,0.0,0.27751719653606416,0.0,0.10130375887302255
assured,renewable_drop,1818,17,modify,0.08965866419854272,24,0.0,0.0,0.45,0.0,0.0,0.0,0.0,0.37188275456428527,0.0,0.04400422742650247
assured,renewable_drop,1818,38,modify,0.28947145634973687,24,0.0,0.0,0.45,0.0,0.0,-0.11746201515197754,-0.012142537096277934,0.18571046590805051,0.0,0.0
assured,renewable_drop,1818,39,modify,0.2707129713766787,24,0.0,0.0,0.0,0.0,0.0,-0.2692750453948975,-0.02786508207715134,0.0,0.0,0.0
assured,renewable_drop,1818,70,modify,0.12020569310440489,24,0.0,0.0,0.45,0.0,0.0,0.05981087684631348,0.026173082346618186,0.349069145321846,0.0,0.0
assured,renewable_drop,1818,71,modify,0.1722949253734386,24,0.0,0.0,0.45,0.0,0.0,0.08545529842376709,0.039844897873252696,0.30579418390989305,0.0,0.0
assured,renewable_drop,1818,72,modify,0.3840934868619616,24,0.0,0.0,0.45,0.0,0.0,0.18988287448883057,0.09380092509715009,0.12957264930009843,0.0,0.0
assured,renewable_drop,1818,73,modify,0.26148581141364646,24,0.0,0.0,0.45,0.0,0.0,0.12885175943374635,0.06703025493296184,0.23256265595555306,0.0,0.0
assured,renewable_drop,1818,74,modify,0.2429802996081705,24,0.0,0.0,0.45,0.0,0.0,0.19133334159851076,0.1041529489006033,0.3423749953508377,0.0,0.0
assured,renewable_drop,1818,75,modify,0.3128360020528524,24,0.0,0.0,0.45,0.0,0.0,0.24453647136688234,0.13837554067699787,0.3124482348561287,0.0,0.0
assured,renewable_drop,1818,76,modify,0.3859065433322817,24,0.0,0.0,0.45,0.0,0.0,0.30296101570129397,0.1676216459754112,0.27958442866802213,0.0,0.0
assured,renewable_drop,1818,77,modify,0.2191791787009077,24,0.0,0.0,0.45,0.0,0.0,0.18299460411071777,0.06290455624337436,0.34706553518772126,0.0,0.0
assured,renewable_drop,1818,78,modify,0.31634067286948164,24,0.0,0.0,0.45,0.0,0.0,0.1598180651664734,0.04237099499401411,0.18030701503157615,0.0,0.0
assured,renewable_drop,1818,79,modify,0.24362642473812046,24,0.0,0.0,0.45,0.0,0.0,0.20879921913146973,0.044298099256171425,0.33255043923854827,0.0,0.0
assured,renewable_drop,1818,80,modify,0.24541436406160508,24,0.0,0.0,0.45,0.0,0.0,0.2119276523590088,0.03322682629209798,0.33079069554805757,0.0,0.0
assured,renewable_drop,1818,81,modify,0.34389189001667536,24,0.0,0.0,0.45,0.0,0.0,0.1750150799751282,0.020170537717652336,0.15466205254197118,0.0,0.0
assured,renewable_drop,1818,82,modify,0.18098889955728495,24,0.0,0.0,0.45,0.0,0.0,0.0921715259552002,0.008298858016434226,0.29446054995059967,0.0,0.0
assured,renewable_drop,1818,83,modify,0.19663518521160886,24,0.0,0.0,0.45,0.0,0.0,0.10016251802444459,0.00797930072073303,0.28097575083374976,0.0,0.0
assured,renewable_drop,1818,84,modify,0.034943736846725644,24,0.0,0.0,0.45,0.0,0.0,0.017803168296813967,0.0012406923605301086,0.41995715349912643,0.0,0.0
assured,renewable_drop,1919,6,modify,0.041440598125447654,24,0.0,0.0,0.45,0.0,0.0,0.0,0.0,0.413629487156868,0.0,0.01986224983536417
assured,renewable_drop,1919,37,modify,0.31552002131938933,24,0.0,0.0,0.45,0.0,0.0,0.0,0.0,0.13447997868061068,0.0,0.0
assured,renewable_drop,1919,38,modify,0.19444799896748471,24,0.0,0.0,0.13447997876641332,0.0,0.0,-0.16077178716659546,-0.016619648378920392,0.02637704614440292,0.0,0.0
assured,renewable_drop,1919,39,modify,0.3384650620884695,24,0.08909250268984396,0.012164085682420504,0.39084540545889157,0.0,0.0,0.039771577051909396,0.005430141217029294,0.1744763890257745,0.23790499328722656,0.09309329426696679
assured,renewable_drop,1919,70,modify,0.07856046870219914,24,0.0,0.0,0.45,0.0,0.0,0.03908941745758057,0.017105426235891244,0.3840366080403328,0.0,0.0
assured,renewable_drop,1919,71,modify,0.27780712332929,24,0.0,0.0,0.45,0.0,0.0,0.13778752088546753,0.06424563250209415,0.21748355850577353,0.0,0.0
assured,renewable_drop,1919,72,modify,0.3003433721707719,24,0.0,0.0,0.45,0.0,0.0,0.1484796404838562,0.07334799240306016,0.19944060668349267,0.0,0.0
assured,renewable_drop,1919,73,modify,0.28392864570341764,24,0.0,0.0,0.45,0.0,0.0,0.22538087368011475,0.11724587608413473,0.3232232585549355,0.0,0.0
assured,renewable_drop,1919,74,modify,0.3319813230917741,24,0.0,0.0,0.45,0.0,0.0,0.26141664981842044,0.1423030337673085,0.30295313447713856,0.0,0.0
assured,renewable_drop,1919,75,modify,0.38676179410774075,24,0.0,0.0,0.45,0.0,0.0,0.30232250690460205,0.17107485078978418,0.27994358986616136,0.0,0.0
assured,renewable_drop,1919,76,modify,0.27281670863708507,24,0.0,0.0,0.45,0.0,0.0,0.2240154504776001,0.09147592184918732,0.32399130910635,0.0,0.0
assured,renewable_drop,1919,77,modify,0.2540067998284307,24,0.0,0.0,0.45,0.0,0.0,0.21445727348327637,0.06305077788151352,0.32936778366565705,0.0,0.0
assured,renewable_drop,1919,78,modify,0.21098628397511898,24,0.0,0.0,0.45,0.0,0.0,0.18073911666870118,0.0388929090290381,0.3483342468738556,0.0,0.0
assured,renewable_drop,1919,79,modify,0.30059369444909806,24,0.0,0.0,0.45,0.0,0.0,0.15269381999969484,0.025434511064191295,0.19232917875051497,0.0,0.0
assured,renewable_drop,1919,80,modify,0.2288568247552294,24,0.0,0.0,0.45,0.0,0.0,0.19810385704040528,0.02670020715842815,0.33856658041477206,0.0,0.0
assured,renewable_drop,1919,81,modify,0.26436075739897735,24,0.0,0.0,0.45,0.0,0.0,0.1345920205116272,0.013648112254190742,0.2228759653866291,0.0,0.0
assured,renewable_drop,1919,82,modify,0.18932763028411972,24,0.0,0.0,0.45,0.0,0.0,0.09643057584762574,0.0081332861242862,0.2872734032571316,0.0,0.0
assured,renewable_drop,1919,83,modify,0.0981100888756482,24,0.0,0.0,0.45,0.0,0.0,0.049981033802032476,0.0037074345761404347,0.3656570054590702,0.0,0.0
assured,renewable_drop,1919,84,modify,0.11415407768902404,24,0.0,0.0,0.45,0.0,0.0,0.05815948247909546,0.004044557866294801,0.3518558733165264,0.0,0.0
assured,renewable_drop,1919,85,modify,0.02128837217374642,24,0.0,0.0,0.45,0.0,0.0,0.010524373887857591,0.0007066393413775259,0.43150856941938404,0.0,0.0
assured,renewable_drop,2020,14,modify,0.0964788007977439,24,0.0,0.0,0.45,0.0,0.0,0.0,0.0,0.36595740616321565,0.0,0.04738144599477779
assured,renewable_drop,2020,18,modify,0.06993473094788144,24,0.0,0.0,0.45,0.0,0.0,0.0,0.0,0.38887723088264464,0.0,0.03398343255439383
assured,renewable_drop,2020,38,modify,0.4719522644171881,24,0.0,0.0,0.45,0.0,0.0,-0.19150925874710084,-0.019797108670480797,0.019104167819023132,0.0,0.0
assured,renewable_drop,2020,39,modify,0.3190618639040024,24,-1.2731481932451487e-07,0.000145836119631353,0.12060407881415527,0.0,0.0,-0.3039799042191892,-0.031421394189317615,0.02895104721297248,0.0,0.0
assured,renewable_drop,2020,70,modify,0.12016767137260559,24,0.0,0.0,0.45,0.0,0.0,0.05979195833206177,0.026164803654555906,0.34910107031464577,0.0,0.0
assured,renewable_drop,2020,71,modify,0.3359687952984859,24,0.0,0.0,0.45,0.0,0.0,0.16663470268249514,0.07769609179291374,0.16880393922328946,0.0,0.0
assured,renewable_drop,2020,72,modify,0.2679899841947004,24,0.0,0.0,0.45,0.0,0.0,0.21453373432159425,0.10597829213447828,0.32932477444410324,0.0,0.0
assured,renewable_drop,2020,73,modify,0.26592604619246474,24,0.0,0.0,0.45,0.0,0.0,0.2110905170440674,0.10981185847656198,0.3312615841627121,0.0,0.0
assured,renewable_drop,2020,74,modify,0.25897134897523844,24,0.0,0.0,0.45,0.0,0.0,0.20392539501190188,0.1110074755856105,0.3352919653058052,0.0,0.0
assured,renewable_drop,2020,75,modify,0.3458023603037067,24,0.0,0.0,0.45,0.0,0.0,0.27030549049377445,0.15295742261251397,0.29795316159725194,0.0,0.0
assured,renewable_drop,2020,76,modify,0.3108417716265608,24,0.0,0.0,0.45,0.0,0.0,0.2550884246826172,0.1047087143380799,0.3065127611160279,0.0,0.0
assured,renewable_drop,2020,77,modify,0.24155504703448344,24,0.0,0.0,0.45,0.0,0.0,0.20454766750335696,0.05719033670308533,0.3349419370293617,0.0,0.0
assured,renewable_drop,2020,78,modify,0.2878903174892299,24,0.0,0.0,0.45,0.0,0.0,0.24688982963562012,0.05137931805976464,0.3111244708299637,0.0,0.0
assured,renewable_drop,2020,79,modify,0.2744881700782668,24,0.0,0.0,0.45,0.0,0.0,0.23737792968750002,0.034154436988049444,0.31647491455078125,0.0,0.0
assured,renewable_drop,2020,80,modify,0.2475085381162479,24,0.0,0.0,0.45,0.0,0.0,0.12601288557052612,0.012751125699361621,0.23735325559973716,0.0,0.0
assured,renewable_drop,2020,81,modify,0.21448932591116485,24,0.0,0.0,0.45,0.0,0.0,0.18642973899841309,0.015893164135743373,0.34513327181339265,0.0,0.0
assured,renewable_drop,2020,82,modify,0.209205244846369,24,0.0,0.0,0.45,0.0,0.0,0.1065941333770752,0.0069695188144072535,0.2701223999261856,0.0,0.0
assured,renewable_drop,2020,83,modify,0.01083225437114108,24,0.0,0.0,0.45,0.0,0.0,0.004999628298128627,0.0003225349746213267,0.44039596840739254,0.0,0.0
assured,renewable_drop,2020,85,modify,0.07486616406759951,24,0.0,0.0,0.45,0.0,0.0,0.03436080725546181,0.0022166772078350133,0.38352170437574384,0.0,0.0
assured,demand_spike,101,19,modify,0.03301496930515554,24,0.0,0.0,0.45,0.0,0.0,0.0,0.0,0.42101991176605225,0.0,0.015815899726950872
assured,demand_spike,101,38,modify,0.41263581432910995,24,0.0,0.0,0.45,0.0,0.0,-0.16743977069854737,-0.017308945572479847,0.07326051592826843,0.0,0.0
assured,demand_spike,101,39,modify,0.25690997190236375,24,0.002655836682884139,-0.0009236686308538157,0.14969794192314018,0.0,0.0,-0.2370892307494226,-0.02501933582686053,0.06056638114284581,0.0,0.0
assured,demand_spike,101,40,modify,0.5366749817046276,24,0.36508742380679265,0.03820127396290476,0.45,0.0,0.0,0.027696476267969894,0.0028980474503546086,0.0341381639242172,0.0,0.0
assured,demand_spike,101,41,reject,0.31928115421523756,24,0.09306442213284181,0.023856556806580952,0.30448371625988296,0.0,0.0,0.0,0.0,0.0,0.0,0.0
assured,demand_spike,101,42,reject,0.7104389793230647,24,0.23544356083834003,0.034444052711259984,0.3750741283091051,0.0,0.0,0.0,0.0,0.0,0.5358614957943243,0.14239148792122047
assured,demand_spike,101,43,reject,0.597532670388876,24,8.106260253844034e-05,0.0001257684834414498,0.023607795970752413,0.0,0.0,0.0,0.0,0.0,0.5737734728660405,0.16514219205839117
assured,demand_spike,101,44,modify,0.6249686708227226,24,0.3373909475388223,0.03530322651255003,0.45,0.0,0.0,0.0704196649603882,0.007368429417473947,0.09392323493957522,0.4195336508531407,0.12542995689045505
assured,demand_spike,101,45,modify,0.5828057103167139,24,0.06255609231261194,0.027934788983793375,0.3101437513951778,0.0,0.0,0.006955087482951684,0.0031058350037140546,0.03448228371530476,0.49490655224386026,0.12260834827461854
assured,demand_spike,101,46,modify,0.5856113221161423,24,2.779700144255923e-07,3.634223340551443e-07,0.16491930610292105,0.0,0.0,-0.17516706114714944,-0.018670532974936847,0.020477126760405806,0.52550128698349,0.12203800936770264
assured,demand_spike,101,47,modify,0.7336358679912781,24,0.2799623717877305,0.04161743991628992,0.3897840796453591,0.0,0.0,0.01055551517074893,0.001569116290874993,0.014696159843696932,0.5528628004741618,0.13300165584155774
assured,demand_spike,101,48,modify,0.8233064391005416,24,0.3574154753677548,0.04010997986506623,0.44190277312841875,0.0,0.0,0.006653291719028509,0.0007466475720226198,0.008226023392092607,0.5888309955596923,0.13583978306628713
assured,demand_spike,101,49,modify,0.6976043864835441,24,0.11997157293546534,0.004919374111594423,0.3806909845099338,0.0,0.0,0.005077427359425402,0.0002081973595436182,0.01611157354148457,0.5710496042132159,0.12005508232837368
assured,demand_spike,101,50,modify,0.7531387090868071,24,0.39581823353158063,0.039155156878801674,0.45,0.0,0.0,0.04176495092026483,0.004131475174167155,0.04748196601867677,0.5123356592767915,0.12699974200829
assured,demand_spike,101,51,reject,0.696764303847479,24,0.08209198616050475,0.03501399679656829,0.3221691997798812,0.0,0.0,0.0,0.0,0.0,0.6,0.11714276616934774
assured,demand_spike,101,52,reject,0.6897486688128118,24,0.18411161101917448,0.030691838985794483,0.33849035117182724,0.0,0.0,0.0,0.0,0.0,0.5632862893438827,0.09511566767579825
assured,demand_spike,101,53,modify,0.5195386975900121,24,0.216513661324775,0.03502358231464102,0.3601716300100239,0.0,0.0,0.053600656364516774,0.008670524477831773,0.08916497764756104,0.400752675334034,0.09294092230497965
assured,demand_spike,101,54,modify,0.46535894546668605,24,0.1823616908003241,0.025810778362393077,0.3579150692802839,0.0,0.0,0.054828966363338366,0.007760282833705317,0.10761094179581787,0.36145354414700515,0.08165605380205415
assured,demand_spike,101,55,modify,0.30370528152478304,24,0.00027638072476168774,0.0042435049178354625,0.27267080052037096,0.0,0.0,0.0001322159733316895,0.0020300226563672486,0.13044120685701774,0.25984645838347115,0.06695176241724161
assured,demand_spike,101,56,modify,0.49856903649086726,24,0.2454914439101294,0.016562851736730437,0.45,0.0,0.0,0.006847479882290813,0.00046198674892370534,0.012551826238632213,0.0,0.0
assured,demand_spike,101,57,modify,0.22261594881569816,24,0.23864396402783833,0.016100864987806843,0.45,0.0,0.0,0.13439728146215274,0.009067534946318491,0.2534268021583557,0.0,0.0
assured,demand_spike,101,70,modify,0.14924631810412742,24,0.0,0.0,0.45,0.0,0.0,0.0742606520652771,0.03249626596534101,0.3246851496398449,0.0,0.0
assured,demand_spike,101,71,modify,0.3497735208743013,24,0.0,0.0,0.45,0.0,0.0,0.1734816074371338,0.08088857050082954,0.1572497874498367,0.0,0.0
assured,demand_spike,101,72,modify,0.3077007554415697,24,0.0,0.0,0.45,0.0,0.0,0.15211688280105592,0.07514476683611153,0.19330276027321813,0.0,0.0
assured,demand_spike,101,73,modify,0.32577192981200787,24,0.0,0.0,0.45,0.0,0.0,0.2585958242416382,0.13452469799164174,0.30453984886407853,0.0,0.0
assured,demand_spike,101,74,modify,0.24740418039573545,24,0.0,0.0,0.45,0.0,0.0,0.1948168992996216,0.10604923526765707,0.3404154941439629,0.0,0.0
assured,demand_spike,101,75,modify,0.2935723727599442,24,0.0,0.0,0.45,0.0,0.0,0.2294785499572754,0.12985473392420896,0.3209183156490326,0.0,0.0
assured,demand_spike,101,76,modify,0.2976358988201112,24,0.0,0.0,0.45,0.0,0.0,0.1480353593826294,0.0653283241321265,0.20019033104181289,0.0,0.0
assured,demand_spike,101,77,modify,0.18817400759821326,24,0.0,0.0,0.45,0.0,0.0,0.09435869455337526,0.03393532667169936,0.29076970294117926,0.0,0.0
assured,demand_spike,101,78,modify,0.26599084088743324,24,0.0,0.0,0.45,0.0,0.0,0.22344784736633302,0.07088270674574905,0.3243105858564377,0.0,0.0
assured,demand_spike,101,79,modify,0.27606445130463647,24,0.0,0.0,0.45,0.0,0.0,0.13979204893112182,0.03195914848369506,0.2141009174287319,0.0,0.0
assured,demand_spike,101,80,modify,0.391133353892635,24,0.0,0.0,0.45,0.0,0.0,0.19848469495773316,0.03744816284460838,0.1150570772588253,0.0,0.0
assured,demand_spike,101,81,modify,0.2735476354856746,24,0.0,0.0,0.45,0.0,0.0,0.13909196853637695,0.019731597199103924,0.21528230309486387,0.0,0.0
assured,demand_spike,101,82,modify,0.22904039430878465,24,0.0,0.0,0.45,0.0,0.0,0.11655749082565309,0.013660022658662995,0.2533092342317104,0.0,0.0
assured,demand_spike,101,83,modify,0.24296091571617606,24,0.0,0.0,0.45,0.0,0.0,0.12370102405548096,0.012385014684384618,0.2412545219063759,0.0,0.0
assured,demand_spike,101,84,modify,0.1154080385237421,24,0.0,0.0,0.45,0.0,0.0,0.0587805986404419,0.004975147700767467,0.3508077397942543,0.0,0.0
assured,demand_spike,202,10,modify,0.029042389189978198,24,0.0,0.0,0.45,0.0,0.0,0.0,0.0,0.42444326877593996,0.0,0.01379542891697524
assured,demand_spike,202,12,modify,0.2619012006542067,24,0.0,0.0,0.45,0.0,0.0,0.22735018730163575,0.02344548830378143,0.3221155196428299,0.0,0.0
assured,demand_spike,202,38,modify,0.16825146416250306,24,0.0,0.0,0.45,0.0,0.0,-0.06827324628829956,-0.0070576894553221045,0.296385195851326,0.0,0.0
assured,demand_spike,202,39,modify,0.4724511898290726,24,0.0,0.0,0.29638516118527,0.0,0.0,-0.3782958745956421,-0.039146760070530716,0.016081951765889835,0.0,0.0
assured,demand_spike,202,40,reject,0.48342127105287874,24,0.1756784442961215,0.018254027393300908,0.45,0.0,0.0,0.0,0.0,0.0,0.0,0.0
assured,demand_spike,202,41,reject,0.6979459752683373,24,0.1756784442961215,0.018254027393300908,0.45,0.0,0.0,0.0,0.0,0.0,0.4775039559754288,0.15944413164085267
assured,demand_spike,202,42,modify,0.4342912562232986,24,0.1756784442961215,0.018254027393300908,0.45,0.0,0.0,0.07020437846434206,0.007294649339321686,0.1798283815383911,0.30628815703818285,0.10275636300289384
assured,demand_spike,202,43,modify,0.4663547933185095,24,0.10547406583177929,0.010959378053979292,0.45,0.0,0.0,0.03661492881572399,0.003804507242103063,0.15621582269668577,0.3416396945463744,0.09832190295500813
assured,demand_spike,202,44,modify,0.6018130402160593,24,0.00162407184721089,0.00026244055089922035,0.3147427077308725,0.0,0.0,-0.16642422568782891,-0.01746154434578089,0.05241303790938984,0.5000840306282043,0.12134113923585135
assured,demand_spike,202,45,modify,0.6692668369657471,24,0.008657724574826088,0.01068227285231812,0.23792212493760803,0.0,0.0,2.1463160545596993e-05,2.6482170371629546e-05,0.0005898271215203366,0.5985125541687012,0.18217044516511427
assured,demand_spike,202,46,modify,0.5252970234112418,24,0.014952616435069023,0.015617543431053978,0.26637287772926593,0.0,0.0,0.0023104538568780256,0.002413197289713809,0.041159501776147855,0.45913569986240493,0.11864285977966052
assured,demand_spike,202,47,modify,0.580348072241508,24,7.264619647736326e-05,-3.205928474246824e-05,0.14397631863892205,0.0,0.0,4.804767187581424e-06,-2.1203780357026597e-06,0.009522490166441383,0.5498111149406542,0.12819432652205964
assured,demand_spike,202,48,modify,0.570129216536978,24,4.439549105761394e-05,5.1794274387312754e-06,0.2368527122839186,0.0,0.0,-0.1655318417205487,-0.018085177492506405,0.040810324907524814,0.49661847352981564,0.11064378114970161
assured,demand_spike,202,49,reject,0.7327333362296796,24,0.2065709288112764,0.03561275766449379,0.3459473265184183,0.0,0.0,0.0,0.0,0.0,0.6,0.11523355482936494
assured,demand_spike,202,50,modify,0.5319056750738715,24,0.0,0.0,0.0,0.0,0.0,-0.16426453590393067,-0.01866210207035728,0.0,0.492793607711792,0.11290259325971821
assured,demand_spike,202,51,modify,0.5274947255792005,24,0.0,0.0,0.0,0.0,0.0,-0.16262049674987794,-0.018971391909350925,0.0,0.48786149024963377,0.11591597030231596
assured,demand_spike,202,52,modify,0.7273824273737546,24,0.25546355745773985,0.06472270051109529,0.37593489105854366,0.0,0.0,0.007093137496569979,0.0017970743789961635,0.010438114534114806,0.5585297490860638,0.13376965819064185
assured,demand_spike,202,53,modify,0.4289716029578751,24,0.0,0.0,0.0,0.0,0.0,0.0,0.0,0.0,0.41714233012155405,0.10004455290024192
assured,demand_spike,202,54,reject,0.7691197328348737,24,0.322558916532845,0.06563591695333411,0.41162653608612676,0.0,0.0,0.0,0.0,0.0,0.5495948514180813,0.10817545604855712
assured,demand_spike,202,55,reject,0.9701455398607309,24,0.6540333705409974,0.06896517538971304,0.45,0.0,0.0,-0.2,-0.027519903840457566,0.0,0.0,0.0
assured,demand_spike,202,56,modify,0.8899576326788572,24,0.8,0.09380188860572601,0.45,0.0,0.0,0.028353643417358354,0.003324531626751906,0.015948924422264088,0.0,0.0
assured,demand_spike,202,57,reject,0.8731359594139599,24,0.7507809428454387,0.07360036252214763,0.43963321771501607,0.0,0.0,0.0,0.0,0.0,0.0,0.0
assured,demand_spike,202,58,reject,0.4595578213142993,24,0.8,0.09047735697897406,0.45,0.0,0.0,0.4,0.0666364020663579,0.225,0.0,0.0
assured,demand_spike,202,59,modify,0.09040170884745043,24,0.4061797271236384,0.023840954912616272,0.45,0.0,0.0,0.35907339679503975,0.026599476879889287,0.37289064154028895,0.0,0.0
assured,demand_spike,202,70,modify,0.21645800663240322,24,0.0,0.0,0.45,0.0,0.0,0.10770324468612671,0.04713065650937218,0.2682507745921612,0.0,0.0
assured,demand_spike,202,71,modify,0.2689415360924587,24,0.0,0.0,0.45,0.0,0.0,0.1333903431892395,0.06219537816481574,0.22490379586815834,0.0,0.0
assured,demand_spike,202,72,modify,0.256126400599661,24,0.0,0.0,0.45,0.0,0.0,0.20503659248352052,0.10128676483066887,0.33466691672801974,0.0,0.0
assured,demand_spike,202,73,modify,0.27075164067715435,24,0.0,0.0,0.45,0.0,0.0,0.21492104530334474,0.11180454594063419,0.3291069120168686,0.0,0.0
assured,demand_spike,202,74,modify,0.27926961979091336,24,0.0,0.0,0.45,0.0,0.0,0.219909143447876,0.1197082828792258,0.3263011068105698,0.0,0.0
assured,demand_spike,202,75,modify,0.30129975465081865,24,0.0,0.0,0.45,0.0,0.0,0.23551886081695558,0.13327275691437215,0.3175206407904625,0.0,0.0
assured,demand_spike,202,76,modify,0.36716477649402385,24,0.0,0.0,0.45,0.0,0.0,0.18308418989181519,0.07640174024387657,0.14104542955756189,0.0,0.0
assured,demand_spike,202,77,modify,0.2370792477409409,24,0.0,0.0,0.45,0.0,0.0,0.1989551067352295,0.0640240897182495,0.3380877524614334,0.0,0.0
assured,demand_spike,202,78,modify,0.3230098676893146,24,0.0,0.0,0.45,0.0,0.0,0.27547779083251955,0.06660270034212208,0.29504374265670774,0.0,0.0
assured,demand_spike,202,79,modify,0.33919642763428337,24,0.0,0.0,0.45,0.0,0.0,0.1723612427711487,0.027322394490188376,0.15914040282368658,0.0,0.0
assured,demand_spike,202,80,modify,0.24915115876704289,24,0.0,0.0,0.45,0.0,0.0,0.12676333189010622,0.015764948390686196,0.2360868774354458,0.0,0.0
assured,demand_spike,202,81,modify,0.20606299926269261,24,0.0,0.0,0.45,0.0,0.0,0.178856897354126,0.018718988404083172,0.34939299523830414,0.0,0.0
assured,demand_spike,202,82,modify,0.18222781319911044,24,0.0,0.0,0.45,0.0,0.0,0.09282056093215943,0.007542625607003597,0.293365303426981,0.0,0.0
assured,demand_spike,202,83,modify,0.27115102374898015,24,0.0,0.0,0.45,0.0,0.0,0.1381408452987671,0.009922934166042879,0.21688732355833054,0.0,0.0
assured,demand_spike,202,84,modify,0.07049250796434818,24,0.0,0.0,0.45,0.0,0.0,0.03276265041397585,0.002196742386914743,0.3876223057508469,0.0,0.0
assured,demand_spike,202,85,modify,0.08949021764564574,24,0.0,0.0,0.45,0.0,0.0,0.04006471788640979,0.0026863474990202175,0.3700243726372719,0.0,0.0
assured,demand_spike,202,86,modify,0.03403870485460557,24,0.0,0.0,0.45,0.0,0.0,0.014505192301378297,0.0009725760998015771,0.4192219734191895,0.0,0.0
assured,demand_spike,303,8,modify,0.07242839839567347,24,0.0,0.0,0.45,0.0,0.0,0.0,0.0,0.38657613694667814,0.0,0.034975512713266536
assured,demand_spike,303,38,modify,0.47831994854769766,24,0.0,0.0,0.45,0.0,0.0,-0.19409314393997193,-0.020064215630687176,0.01329042613506315,0.0,0.0
assured,demand_spike,303,39,modify,0.4302136405587961,24,0.00016747892027132522,0.005614534956785402,0.18734038663989877,0.0,0.0,3.1405501940291063e-05,0.0010528327278053612,0.035129906895641494,0.3782457550611426,0.1372044733742348
assured,demand_spike,303,40,modify,0.2697448112093691,24,0.17513765690388386,0.01705512187888989,0.45,0.0,0.0,0.07736383252702729,0.007533785800792088,0.19877920746803285,0.0,0.0
assured,demand_spike,303,41,modify,0.3037807593298575,24,-5.143853369281329e-06,1.359645046791335e-08,0.1986917106520658,0.0,0.0,-2.3877060120213497e-06,6.311285371830677e-09,0.09222996030484185,0.27336999844125826,0.07885105831033734
assured,demand_spike,303,42,modify,0.301920651304866,24,0.002764563822608619,-0.0032197968143508693,0.26377295194540384,0.0,0.0,0.0013361674975989313,-0.0015561904619545747,0.12748660105181056,0.2601356429395811,0.07004819494260069
assured,demand_spike,303,43,reject,0.7252597505806624,24,0.09643981178393299,0.010925791658726336,0.45,0.0,0.0,0.0,0.0,0.0,0.5447711505911182,0.13155260953574216
assured,demand_spike,303,44,modify,0.6791003802102616,24,0.07188885057000656,0.008386120961042492,0.4180164951829777,0.0,0.0,0.006253876690455157,0.0007295396432932047,0.036364799196570985,0.5419114438921906,0.13222981243826173
assured,demand_spike,303,45,modify,0.6324188056992056,24,0.09018593509347818,0.010196252015433211,0.45,0.0,0.0,0.01346286068276105,0.0015220856802983431,0.06717552244663239,0.47888876501827715,0.13454681199726753
assured,demand_spike,303,46,modify,0.520856840845426,24,0.0,0.0,0.0,0.0,0.0,-0.16145600080490113,-0.017209150275728075,0.0,0.48436800241470335,0.10156422521312601
assured,demand_spike,303,47,modify,0.5149162810686537,24,0.0,0.0,0.0,0.0,0.0,0.0,0.0,0.0,0.5002512577149303,0.12201416173626424
assured,demand_spike,303,48,modify,0.5917418281792469,24,0.0,0.0,0.0,0.0,0.0,0.0,0.0,0.0,0.5788318074416511,0.12293140327332476
assured,demand_spike,303,49,modify,0.6432600728547606,24,0.011762717554889893,0.01612676386214465,0.26278202024922376,0.0,0.0,0.00036281245011222235,0.0004974182778684187,0.008105319894587293,0.5814934372901917,0.10205120153253414
assured,demand_spike,303,50,modify,0.5629747296814979,24,0.0,0.0,0.0,0.0,0.0,-0.17485225200653076,-0.01986497302184645,0.0,0.5245567560195923,0.10398475267674315
assured,demand_spike,303,51,modify,0.5619757452137372,24,0.0,0.0,0.0,0.0,0.0,0.0,0.0,0.0,0.5499158039416225,0.11579873394719921
assured,demand_spike,303,52,modify,0.6195412259607113,24,0.22644889152230221,0.040376461301376405,0.34855406770698194,0.0,0.0,0.030464238638702817,0.005431857688516603,0.04689108533821329,0.4853352577742318,0.1328508705539266
assured,demand_spike,303,53,modify,0.4759232683912595,24,0.0,0.0,0.0,0.0,0.0,0.0,0.0,0.0,0.46477362433723174,0.10241306321291528
assured,demand_spike,303,54,reject,0.7765457275411088,24,0.34941422148422,0.03620428664481075,0.45,0.0,0.0,0.0,0.0,0.0,0.5141535876496319,0.11299693235871103
assured,demand_spike,303,55,modify,0.6762206762646554,24,0.34740079610312097,0.03620427755232912,0.4499999892587779,0.0,0.0,-0.17286970149456898,-0.024361603605039465,0.022302916113646876,0.0,0.0
assured,demand_spike,303,56,modify,0.44703201274201837,24,0.1597206158689739,0.05816444866601547,0.40784837363994136,0.0,0.0,0.0551245136432454,0.0200743462363799,0.14076106027248086,0.3301927667335855,0.08416367237256721
assured,demand_spike,303,57,modify,0.37008959803801084,24,0.26892363786706286,0.03712039274625476,0.37587549749809723,0.0,0.0,0.05427082279071377,0.007491175832038774,0.07585451646379443,0.0,0.0
assured,demand_spike,303,58,modify,0.132032514452803,24,0.3960337906491088,0.03062511182994003,0.45,0.0,0.0,0.3297204454228236,0.03153611678203642,0.33583216220140455,0.0,0.0
assured,demand_spike,303,59,reject,0.36478519652065994,24,0.06631334522628561,0.0,0.45,0.0,0.0,0.2,0.035914731462593434,0.1125,0.0,0.0
assured,demand_spike,303,70,modify,0.18215004209598387,24,0.0,0.0,0.45,0.0,0.0,0.09063259363174439,0.03966058452054676,0.29705749824643135,0.0,0.0
assured,demand_spike,303,71,modify,0.12611704155566414,24,0.0,0.0,0.45,0.0,0.0,0.06255186796188354,0.02916580758237983,0.3444437228143215,0.0,0.0
assured,demand_spike,303,72,modify,0.30774095273803076,24,0.0,0.0,0.45,0.0,0.0,0.15213675498962403,0.07515458357011881,0.19326922595500945,0.0,0.0
assured,demand_spike,303,73,modify,0.22633985623275327,24,0.0,0.0,0.45,0.0,0.0,0.17966723442077637,0.09346508405666948,0.3489371806383133,0.0,0.0
assured,demand_spike,303,74,modify,0.3310004823740104,24,0.0,0.0,0.45,0.0,0.0,0.26064429283142093,0.14188259864017427,0.3033875852823258,0.0,0.0
assured,demand_spike,303,75,modify,0.33882124469644437,24,0.0,0.0,0.45,0.0,0.0,0.16596399545669557,0.09391383410362432,0.16993575766682623,0.0,0.0
assured,demand_spike,303,76,modify,0.2594639041212359,24,0.0,0.0,0.45,0.0,0.0,0.20715215206146242,0.10407628920960478,0.3334769144654274,0.0,0.0
assured,demand_spike,303,77,modify,0.2693067173219324,24,0.0,0.0,0.45,0.0,0.0,0.22326030731201174,0.08312413303006337,0.3244160771369934,0.0,0.0
assured,demand_spike,303,78,modify,0.22552653913985898,24,0.0,0.0,0.45,0.0,0.0,0.11391242742538453,0.030575711492939077,0.25777277871966364,0.0,0.0
assured,demand_spike,303,79,modify,0.3440479144233497,24,0.0,0.0,0.45,0.0,0.0,0.17420101165771484,0.04010012291740759,0.1560357928276062,0.0,0.0
assured,demand_spike,303,80,modify,0.2916312043148612,24,0.0,0.0,0.45,0.0,0.0,0.14805176258087158,0.026659591031951275,0.2001626506447792,0.0,0.0
assured,demand_spike,303,81,modify,0.23793731529458778,24,0.0,0.0,0.45,0.0,0.0,0.12096298933029176,0.0177507022915779,0.24587495550513266,0.0,0.0
assured,demand_spike,303,82,modify,0.22837077838024977,24,0.0,0.0,0.45,0.0,0.0,0.11618995666503906,0.014472217407414747,0.2539294481277466,0.0,0.0
assured,demand_spike,303,83,modify,0.08503388610655069,24,0.0,0.0,0.45,0.0,0.0,0.04328676462173462,0.004608579705778625,0.37695358470082285,0.0,0.0
assured,demand_spike,303,84,modify,0.01816337623494938,24,0.0,0.0,0.45,0.0,0.0,0.00924755334854126,0.0009312797614577924,0.4343947537243366,0.0,0.0
assured,demand_spike,303,85,modify,0.0687191028225271,24,0.0,0.0,0.45,0.0,0.0,0.03498814105987549,0.0034827696056703764,0.3909575119614601,0.0,0.0
assured,demand_spike,404,11,modify,0.35409152471501854,24,0.0,0.0,0.45,0.0,0.0,0.18026775121688843,0.01859011194867112,0.1457981698215008,0.0,0.0
assured,demand_spike,404,23,modify,0.03171249187778368,24,0.0,0.0,0.45,0.0,0.0,0.0,0.0,0.42233043909072876,0.0,0.015494435781486992
assured,demand_spike,404,38,modify,0.310810786485672,24,0.0,0.0,0.45,0.0,0.0,0.0,0.0,0.139189213514328,0.0,0.0
assured,demand_spike,404,39,modify,0.4117679404329856,24,0.0,0.0,0.45,0.0,0.0,-0.272919511795044,-0.028242218232559176,0.14296554923057558,0.0,0.0
assured,demand_spike,404,40,modify,0.3182567856451535,24,0.06604210817813838,0.006898490006213604,0.45,0.0,0.0,0.019835003895115624,0.0020718838316696525,0.13515243530273435,0.0,0.0
assured,demand_spike,404,41,modify,0.4116088938187392,24,0.04620710428302306,0.004826606174544001,0.45,0.0,0.0,0.004165553864473169,0.00043511681406204795,0.04056733846664429,0.0,0.0
assured,demand_spike,404,42,reject,0.7192776214422698,24,0.042041550418550296,0.004391489360481913,0.45,0.0,0.0,0.0,0.0,0.0,0.5241353538244482,0.19584598652658383
assured,demand_spike,404,43,modify,0.6039501070715031,24,0.023739360638679208,0.0011623532463422284,0.4266584004658102,0.0,0.0,0.0038724643001030734,0.0001896079477067006,0.06959831182019804,0.46637480177772367,0.13915002476217117
assured,demand_spike,404,44,modify,0.6388573340371658,24,0.03816908611844718,0.00420188141277531,0.45,0.0,0.0,0.005144990973183272,0.0005663913951732581,0.060657620429992676,0.48624828759582467,0.13787675614887324
assured,demand_spike,404,45,modify,0.7093717569844676,24,0.03302409514526365,0.003635490017602167,0.45,0.0,0.0,0.001997265733542721,0.00021987096405985283,0.027215570211410522,0.5511713533042699,0.1403475123949287
assured,demand_spike,404,46,modify,0.7447626308053445,24,0.03102682941172064,0.003415619053542231,0.45,0.0,0.0,0.0006456278842440002,7.107458108784187e-05,0.0093639135360718,0.5875147819519043,0.1200141373083874
assured,demand_spike,404,47,modify,0.7335311264610214,24,0.008760207560424537,-0.0012009257941671986,0.4424606564373557,0.0,0.0,0.0002508362311343833,-3.4386822230313314e-05,0.012669239024356238,0.5828198432922364,0.11659550187086999
assured,demand_spike,404,48,modify,0.5962279149927462,24,0.0005383690625688501,0.0009494399294358041,0.03760017272230985,0.0,0.0,1.2818903901502744e-05,2.260675819225886e-05,0.0008952836154948116,0.5780942025743343,0.14123185001798177
assured,demand_spike,404,49,modify,0.5568032761383027,24,0.0,0.0,0.0,0.0,0.0,0.0,0.0,0.0,0.5411185525010048,0.13122728549186802
assured,demand_spike,404,50,modify,0.5795808620704126,24,8.98630738424404e-06,-3.4735365857624406e-07,0.28405801583619056,0.0,0.0,9.778130295413056e-07,-3.7796051113297806e-08,0.03090876120232372,0.49949268252385187,0.14945397484675652
assured,demand_spike,404,51,modify,0.6371870327817125,24,0.03011656857941114,0.003353005932261252,0.45,0.0,0.0,0.003773670370315209,0.00042013880514646645,0.056385961174964916,0.49113999539823083,0.09567788725506358
assured,demand_spike,404,52,modify,0.7312300519263386,24,0.026342898209096233,0.0029328671271146686,0.45,0.0,0.0,0.001058687617300401,0.00011786820440248856,0.018084928393363953,0.5758867621421814,0.12591259438372202
assured,demand_spike,404,53,modify,0.5023314618232467,24,3.8319140731385763e-05,-3.0810252974368434e-05,0.2985793141108061,0.0,0.0,8.325344537634566e-06,-6.693938496726335e-06,0.06487033932227687,0.43675325240314367,0.08344823350332832
assured,demand_spike,404,54,modify,0.6024824883845256,24,0.025275885247257504,0.00282104020220546,0.45,0.0,0.0,-0.3869139552157378,-0.05061201063561207,0.01384682357311251,0.0,0.0
assured,demand_spike,404,55,modify,0.4424193046890486,24,0.22807199777787432,0.04767312998149263,0.3632409858726422,0.0,0.0,0.080161442376176,0.016755879279951244,0.12766986583795317,0.3325974314818035,0.08238099506967354
assured,demand_spike,404,56,modify,0.48646749680279916,24,0.27365843212345436,0.030994969531731333,0.43500479572034095,0.0,0.0,0.015090199763738876,0.0017091389374540647,0.02398723552813109,0.0,0.0
assured,demand_spike,404,57,modify,0.3563977277946306,24,0.27921408768954525,0.030033361583440017,0.45,0.0,0.0,0.09161136423317853,0.009854077385330642,0.14764696955680845,0.0,0.0
assured,demand_spike,404,58,modify,0.388818445137833,24,0.18760272345636683,0.020179284198109427,0.45,0.0,0.0,0.038115357427247754,0.00409983722872681,0.09142676889896395,0.0,0.0
assured,demand_spike,404,70,modify,0.2124360165720317,24,0.0,0.0,0.45,0.0,0.0,0.10570201873779297,0.04625492529957039,0.27162784337997437,0.0,0.0
assured,demand_spike,404,71,modify,0.19190109191983415,24,0.0,0.0,0.45,0.0,0.0,0.09517961740493774,0.04437901692541804,0.28938439562916757,0.0,0.0
assured,demand_spike,404,72,modify,0.28763159979685055,24,0.0,0.0,0.45,0.0,0.0,0.2302574157714844,0.1137456901681506,0.32048020362854,0.0,0.0
assured,demand_spike,404,73,modify,0.2762614997982914,24,0.0,0.0,0.45,0.0,0.0,0.21929473876953126,0.11407979456219342,0.3266467094421387,0.0,0.0
assured,demand_spike,404,74,modify,0.3526806804019147,24,0.0,0.0,0.45,0.0,0.0,0.2777162313461304,0.1511757658681208,0.2937846198678017,0.0,0.0
assured,demand_spike,404,75,modify,0.3000510721513314,24,0.0,0.0,0.45,0.0,0.0,0.23558490276336672,0.1302680876057778,0.31748349219560623,0.0,0.0
assured,demand_spike,404,76,modify,0.29411691972078374,24,0.0,0.0,0.45,0.0,0.0,0.24269909858703614,0.09468199063974583,0.3134817570447922,0.0,0.0
assured,demand_spike,404,77,modify,0.22775461863406313,24,0.0,0.0,0.45,0.0,0.0,0.19316058158874513,0.052494944357844776,0.34134717285633087,0.0,0.0
assured,demand_spike,404,78,modify,0.20933447273322867,24,0.0,0.0,0.45,0.0,0.0,0.17957520484924316,0.037019380123026996,0.34898894727230073,0.0,0.0
assured,demand_spike,404,79,modify,0.22527359450727286,24,0.0,0.0,0.45,0.0,0.0,0.19446411132812502,0.03109004811238312,0.34061393737792967,0.0,0.0
assured,demand_spike,404,80,modify,0.2146846066195847,24,0.0,0.0,0.45,0.0,0.0,0.10923904180526733,0.013219338203955398,0.2656591169536114,0.0,0.0
assured,demand_spike,404,81,modify,0.2110614618609829,24,0.0,0.0,0.45,0.0,0.0,0.1831978797912598,0.019142121614634133,0.34695119261741636,0.0,0.0
assured,demand_spike,404,82,modify,0.1732563751863718,24,0.0,0.0,0.45,0.0,0.0,0.08825211524963379,0.007109689304152875,0.30107455551624296,0.0,0.0
assured,demand_spike,404,83,modify,0.16724247877950188,24,0.0,0.0,0.45,0.0,0.0,0.08520375490188599,0.006106894697271918,0.3062186636030674,0.0,0.0
assured,demand_spike,404,84,modify,0.017803004625211526,24,0.0,0.0,0.45,0.0,0.0,0.008662907059857351,0.0005898159700925171,0.4344580203294754,0.0,0.0
assured,demand_spike,404,85,modify,0.15985572067743622,24,0.0,0.0,0.45,0.0,0.0,0.07710018257260313,0.005249383222532102,0.31006481051445006,0.0,0.0
assured,demand_spike,404,86,modify,0.002493865841623979,24,0.0,0.0,0.45,0.0,0.0,0.0011037911441929816,7.515186761133657e-05,0.44776496887207035,0.0,0.0
assured,demand_spike,505,8,modify,0.08256257225861774,24,0.0,0.0,0.45,0.0,0.0,0.0,0.0,0.3779938995838165,0.0,0.04039430455910801
assured,demand_spike,505,16,modify,0.032716168086211854,24,0.0,0.0,0.45,0.0,0.0,0.0,0.0,0.42129741311073304,0.0,0.01570061018270777
assured,demand_spike,505,38,modify,0.3683242805099971,24,0.0,0.0,0.45,0.0,0.0,-0.1494589924812317,-0.015450197736073212,0.11371726691722872,0.0,0.0
assured,demand_spike,505,39,modify,0.4920328764104248,24,0.022355432933907744,0.003353222374953887,0.348977593724062,0.0,0.0,-0.35569116306049353,-0.03669849399582113,0.03661084974910339,0.0,0.0
assured,demand_spike,505,40,reject,0.6279211501835341,24,0.4393406916155915,0.041457811279989806,0.4467056944145876,0.0,0.0,0.0,0.0,0.0,0.0,0.0
assured,demand_spike,505,41,modify,0.5114339117955853,24,0.455898015376407,0.047064194288034614,0.45,0.0,0.0,0.17337270973588492,0.017897965378322164,0.1711297631263733,0.29834579152799756,0.11880491808856354
assured,demand_spike,505,42,reject,0.5995756303792238,24,0.0005958867666956182,0.0016119764243400106,0.24417071488100156,0.0,0.0,0.0,0.0,0.0,0.5270421248883781,0.14864468905163108
assured,demand_spike,505,43,modify,0.5495304182080477,24,0.08874108572202657,0.0204853893571881,0.320773194554438,0.0,0.0,0.015159302162307473,0.003499441151203441,0.05479646481959133,0.4598945222219905,0.1184663956461472
assured,demand_spike,505,44,modify,0.5465378806723603,24,0.11494550316720352,0.008583761166533753,0.449999997202667,0.0,0.0,0.02808555844303104,0.002097339341348756,0.10995211532907839,0.4060042220329869,0.10317432369019737
assured,demand_spike,505,45,modify,0.7813704910764154,24,0.23928044503518345,0.023569448417159997,0.45,0.0,0.0,0.0005897002554458297,5.8086275083083644e-05,0.0011090129613876565,0.5745884612583511,0.146146400831418
assured,demand_spike,505,46,modify,0.6130706965766464,24,0.0,0.0,0.0,0.0,0.0,0.0,0.0,0.0,0.5945838332176209,0.1494180185828164
assured,demand_spike,505,47,modify,0.6304812849028019,24,0.06596546591230398,0.014936564183009805,0.32438308110810204,0.0,0.0,0.004800318717269873,0.001086936439056229,0.02360541465558652,0.5379831490891036,0.11696405367548784
assured,demand_spike,505,48,modify,0.7786800867521161,24,0.18497456986557287,0.014678322900220713,0.45,0.0,0.0,-0.16412276868992692,-0.018446752563481487,0.04193719625473025,0.5440837383270264,0.14434018491366568
assured,demand_spike,505,49,modify,0.6936321374628794,24,0.030904311608168412,0.02948204485613915,0.4499991078791935,0.0,0.0,0.0021714342004025625,0.0020715012620278576,0.031618353626141016,0.5434049865615317,0.0960062030692646
assured,demand_spike,505,50,modify,0.5484364450040369,24,0.0,0.0,0.0,0.0,0.0,0.0,0.0,0.0,0.5326732935158855,0.1305438492752732
assured,demand_spike,505,51,reject,0.8110034513053151,24,0.3352915945860326,0.0367186198715307,0.42197870776128765,0.0,0.0,0.0,0.0,0.0,0.5900259373237521,0.13327134375086017
assured,demand_spike,505,52,modify,0.5085417431749231,24,0.0,0.0,0.0,0.0,0.0,-0.16063648462295532,-0.019348323426514328,0.0,0.46897607574037464,0.11179314434753969
assured,demand_spike,505,53,reject,0.663012452505557,24,0.14275941068257575,0.0430386394326285,0.3174969394468283,0.0,0.0,0.0,0.0,0.0,0.5502808922250192,0.11721591806883187
assured,demand_spike,505,54,modify,0.4236628376489102,24,0.08145662422868435,0.00976620798476165,0.35763964482546357,0.0,0.0,0.02858597412670203,0.003427303444157183,0.1255082411095485,0.3417087441189289,0.07749102046875468
assured,demand_spike,505,55,modify,0.17224210464853856,24,0.0,0.0,0.0,0.0,0.0,0.0,0.0,0.0,0.16720148339067967,0.041364315124444946
assured,demand_spike,505,56,reject,0.8328645294780099,24,0.4962282438502403,0.05103567707780694,0.45,0.0,0.0,-0.2,-0.029148840928085493,0.0,0.0,0.0
assured,demand_spike,505,57,modify,0.7964712685717005,24,0.6767282438502402,0.077342506015404,0.45,0.0,0.0,0.016486593193346777,0.0018842340996072376,0.010962992906570435,0.0,0.0
assured,demand_spike,505,60,modify,0.3864153013927077,24,0.34349283227864985,0.004641447333084876,0.45,0.0,0.0,0.10904189748784865,0.0014734287785048124,0.1428526282310486,0.0,0.0
assured,demand_spike,505,70,modify,0.00834990292688378,24,0.0,0.0,0.45,0.0,0.0,0.004154670238494873,0.0018180727655035625,0.44298899397253994,0.0,0.0
assured,demand_spike,505,71,modify,0.30373417462568025,24,0.0,0.0,0.45,0.0,0.0,0.15064688920974734,0.07024151838683602,0.19578337445855137,0.0,0.0
assured,demand_spike,505,72,modify,0.3175084336241949,24,0.0,0.0,0.45,0.0,0.0,0.2541746854782105,0.1255606683768406,0.30702673941850667,0.0,0.0
assured,demand_spike,505,73,modify,0.24635256946481268,24,0.0,0.0,0.45,0.0,0.0,0.19555320739746096,0.10172916072248199,0.3400013208389282,0.0,0.0
assured,demand_spike,505,74,modify,0.3231634151652848,24,0.0,0.0,0.45,0.0,0.0,0.25447304248809816,0.13852325773131344,0.3068589136004448,0.0,0.0
assured,demand_spike,505,75,modify,0.3444685238272657,24,0.0,0.0,0.45,0.0,0.0,0.2692628622055054,0.15236743187490367,0.29853964000940325,0.0,0.0
assured,demand_spike,505,76,modify,0.34407543087578424,24,0.0,0.0,0.45,0.0,0.0,0.28300318717956546,0.11382384302095884,0.2908107072114945,0.0,0.0
assured,demand_spike,505,77,modify,0.2197341022884811,24,0.0,0.0,0.45,0.0,0.0,0.111050283908844,0.028864196334609783,0.26260264590382576,0.0,0.0
assured,demand_spike,505,78,modify,0.2506824321867139,24,0.0,0.0,0.45,0.0,0.0,0.21444573402404787,0.04800149310620874,0.32937427461147306,0.0,0.0
assured,demand_spike,505,79,modify,0.29979992236703945,24,0.0,0.0,0.45,0.0,0.0,0.15230835676193238,0.024953888498114817,0.1929796479642391,0.0,0.0
assured,demand_spike,505,80,modify,0.3122527916874915,24,0.0,0.0,0.45,0.0,0.0,0.1588244915008545,0.02106736782216698,0.18198367059230802,0.0,0.0
assured,demand_spike,505,81,modify,0.18261643036942274,24,0.0,0.0,0.45,0.0,0.0,0.09296185970306398,0.009882903285632164,0.29312686175107955,0.0,0.0
assured,demand_spike,505,82,modify,0.24333139141225352,24,0.0,0.0,0.45,0.0,0.0,0.2113741159439087,0.01986023583355911,0.3311020597815514,0.0,0.0
assured,demand_spike,505,83,modify,0.09351411489784937,24,0.0,0.0,0.45,0.0,0.0,0.04764413833618164,0.0032937561447745917,0.3696005165576935,0.0,0.0
assured,demand_spike,505,84,modify,0.1353751959897851,24,0.0,0.0,0.45,0.0,0.0,0.06847191423835211,0.004495990739757131,0.3333045557141304,0.0,0.0
assured,demand_spike,505,85,modify,0.109881893940641,24,0.0,0.0,0.45,0.0,0.0,0.05188793911318562,0.003407056694017419,0.3532009072601795,0.0,0.0
assured,demand_spike,606,5,modify,0.04285377647487452,24,0.0,0.04349999998865626,0.45,0.0,0.0,0.0,0.039883538951009864,0.41258833408355716,0.0,0.020584815303474613
assured,demand_spike,606,38,modify,0.31388950027632695,24,0.0,0.0,0.45,0.0,0.0,-0.1273703932762146,-0.013166807357449864,0.16341661512851713,0.0,0.0
assured,demand_spike,606,39,modify,0.36152226980625285,24,0.08979802631541439,0.008292065356115026,0.4309239624407562,0.0,0.0,0.03825368080099654,0.0035323941330253506,0.18357227196517628,0.23987598790929265,0.09641332472546149
assured,demand_spike,606,40,reject,0.45656580222073806,24,0.07669809913078734,0.008350649507073177,0.45,0.0,0.0,0.0,0.0,0.0,0.0,0.0
assured,demand_spike,606,41,reject,0.7089859056635257,24,0.07669809913078734,0.008350649507073177,0.45,0.0,0.0,0.0,0.0,0.0,0.5107231900499296,0.182675958509288
assured,demand_spike,606,42,modify,0.2920007302695732,24,0.0,0.0,0.0,0.0,0.0,0.0,0.0,0.0,0.2791182380995714,0.08577549555761826
assured,demand_spike,606,43,reject,0.7183442424120638,24,0.07669809913078734,0.008350649507073177,0.45,0.0,0.0,0.0,0.0,0.0,0.5351844340729603,0.14540887309618028
assured,demand_spike,606,44,modify,0.46598397425820115,24,0.07669809913078734,0.008350649507073177,0.45,0.0,0.0,0.02609417961621234,0.002841052785128726,0.15309872031211852,0.3410636711145126,0.10037506814334825
assured,demand_spike,606,45,modify,0.4640265513793492,24,1.0101007399424983e-08,2.054049206756243e-05,0.17605197722018945,0.0,0.0,2.3053685678877963e-09,4.6879883272041455e-06,0.04018061551177832,0.43113529962588865,0.10479487877614613
assured,demand_spike,606,46,modify,0.5703810976749865,24,-1.997072963926691e-07,-1.8615182520844835e-06,0.20029558624199967,0.0,0.0,-0.16778778670077732,-0.01788433427880312,0.03225985294724079,0.5033632636070251,0.12349719264328615
assured,demand_spike,606,47,modify,0.587254311144615,24,0.0,0.0,0.0,0.0,0.0,0.0,0.0,0.0,0.576802110671997,0.11030390329569253
assured,demand_spike,606,48,modify,0.5909435979342064,24,9.366637678921214e-09,-0.0011301263722300879,0.11210477471498265,0.0,0.0,5.591627021953018e-10,-6.74654596216997e-05,0.006692349048548318,0.564181637763977,0.1407142736764285
assured,demand_spike,606,49,modify,0.7074541536611119,24,7.405525160852819e-06,-0.0002310311384878046,0.36062768534105005,0.0,0.0,6.469124296452212e-08,-2.018181180625902e-06,0.0031502766792901316,0.5947586774826049,0.1377074612617396
assured,demand_spike,606,50,modify,0.43466759307588815,24,0.04126853239146574,0.013422203971980939,0.3092731845331298,0.0,0.0,0.012623981642696326,0.004105831894856851,0.09460619939399295,0.3667983753279368,0.0860560790541101
assured,demand_spike,606,51,modify,0.5523195685973367,24,-2.073626691062922e-06,-5.230374393692285e-09,0.09418415268685427,0.0,0.0,-0.17208825679146153,-0.02007587269934093,0.013144355702980393,0.5043248694172675,0.11886626248337366
assured,demand_spike,606,52,modify,0.5406982134607882,24,-1.330529358939496e-09,3.011358949510811e-05,0.06403326969838216,0.0,0.0,-1.259631146775995e-10,2.85089652583829e-06,0.006062121094891036,0.5257219290632494,0.1122958437701114
assured,demand_spike,606,53,modify,0.5613029437210331,24,0.0,0.0,0.0,0.0,0.0,0.0,0.0,0.0,0.5473191908986214,0.12450983055154999
assured,demand_spike,606,54,modify,0.27685710458907825,24,-2.043591417450504e-09,6.057842628766208e-07,0.20147909147639317,0.0,0.0,-1.0472866163414323e-09,3.1044843185553796e-07,0.1032527119531066,0.24897939843121433,0.07078625490826934
assured,demand_spike,606,55,modify,0.5040374887723532,24,0.33915401163690073,0.03567756877524123,0.4462105173218959,0.0,0.0,0.1137179858353152,0.011962651542995743,0.1496139203646063,0.3293933500389404,0.07874306752263291
assured,demand_spike,606,56,modify,0.4935325161588956,24,0.08371779515272065,0.011521965679458058,0.44999910569759055,0.0,0.0,-0.2756282616806561,-0.04034591117527536,0.11570211304731809,0.0,0.0
assured,demand_spike,606,57,modify,0.5046096991288712,24,0.45921251331792085,0.05273707651353749,0.4466601925733201,0.0,0.0,0.09870960249700134,0.011336049668797386,0.0960114299621066,0.0,0.0
assured,demand_spike,606,58,modify,0.291674641002692,24,0.3810449184611838,0.04883119490129466,0.45,0.0,0.0,0.24328007746077837,0.037026692726662064,0.19318177923560143,0.0,0.0
assured,demand_spike,606,70,modify,0.16692520152040966,24,0.0,0.0,0.45,0.0,0.0,0.08305715322494507,0.036345591729377236,0.3098410539329052,0.0,0.0
assured,demand_spike,606,71,modify,0.21920775051487298,24,0.0,0.0,0.45,0.0,0.0,0.10872324705123902,0.050693950581304076,0.2665295206010342,0.0,0.0
assured,demand_spike,606,72,modify,0.3280896585356281,24,0.0,0.0,0.45,0.0,0.0,0.1621964693069458,0.08012401807925004,0.17629345804452895,0.0,0.0
assured,demand_spike,606,73,modify,0.29610592513824235,24,0.0,0.0,0.45,0.0,0.0,0.23504712581634524,0.12227437819993991,0.3177859917283058,0.0,0.0
assured,demand_spike,606,74,modify,0.27602077982494716,24,0.0,0.0,0.45,0.0,0.0,0.2173508644104004,0.11831567506901572,0.32774013876914976,0.0,0.0
assured,demand_spike,606,75,modify,0.27182962730675797,24,0.0,0.0,0.45,0.0,0.0,0.21248276233673097,0.12023734929410274,0.33047844618558886,0.0,0.0
assured,demand_spike,606,76,modify,0.24842477472004523,24,0.0,0.0,0.45,0.0,0.0,0.1997447729110718,0.09587974737594299,0.33764356523752215,0.0,0.0
assured,demand_spike,606,77,modify,0.39279339986711276,24,0.0,0.0,0.45,0.0,0.0,0.1969545602798462,0.0709354719386368,0.11763917952775954,0.0,0.0
assured,demand_spike,606,78,modify,0.31863590245896195,24,0.0,0.0,0.45,0.0,0.0,0.1609074354171753,0.04368512524973846,0.17846870273351667,0.0,0.0
assured,demand_spike,606,79,modify,0.22834095780093222,24,0.0,0.0,0.45,0.0,0.0,0.19555318355560303,0.04241272148695065,0.3400013342499733,0.0,0.0
assured,demand_spike,606,80,modify,0.27083689058549115,24,0.0,0.0,0.45,0.0,0.0,0.13759398460388184,0.022547521268523687,0.21781015098094939,0.0,0.0
assured,demand_spike,606,81,modify,0.3358036617707868,24,0.0,0.0,0.45,0.0,0.0,0.17078540325164795,0.023173113448755077,0.16179963201284409,0.0,0.0
assured,demand_spike,606,82,modify,0.1401475549232985,24,0.0,0.0,0.45,0.0,0.0,0.07134205102920532,0.00761356449676703,0.32961028888821603,0.0,0.0
assured,demand_spike,606,83,modify,0.19961452628951734,24,0.0,0.0,0.45,0.0,0.0,0.1016392469406128,0.009879559905824134,0.2784837707877159,0.0,0.0
assured,demand_spike,606,85,modify,0.0544890339469169,24,0.0,0.0,0.45,0.0,0.0,0.027752685546875003,0.0023548921005217462,0.4031673431396484,0.0,0.0
assured,demand_spike,707,37,modify,0.39643558859825134,24,0.0,0.0,0.45,0.0,0.0,0.0,0.0,0.05356441140174867,0.0,0.0
assured,demand_spike,707,38,modify,0.46407353217360703,24,0.0,0.0,0.4469795648115653,0.0,0.0,-0.18937116861343384,-0.019576085399854573,0.02375435213811422,0.0,0.0
assured,demand_spike,707,39,modify,0.31804692720374733,24,0.0,0.0,0.0,0.0,0.0,0.0,0.0,0.0,0.3015297390759524,0.10116157549452187
assured,demand_spike,707,40,reject,0.48168610550277935,24,0.17090747967362435,0.017667417073368632,0.45,0.0,0.0,0.0,0.0,0.0,0.0,0.0
assured,demand_spike,707,41,reject,0.7232782170683644,24,0.17090747967362435,0.017667417073368632,0.45,0.0,0.0,0.0,0.0,0.0,0.5133261384473798,0.16615098747181375
assured,demand_spike,707,42,reject,0.5657995548770286,24,0.0029779488913539575,-0.0003583450913837431,0.13012424485471866,0.0,0.0,0.0,0.0,0.0,0.5260242331858733,0.16274620336721501
assured,demand_spike,707,43,modify,0.45319191735344827,24,0.0,0.0,0.0,0.0,0.0,0.0,0.0,0.0,0.4364665136310978,0.1219831809439705
assured,demand_spike,707,44,modify,0.4580019991959957,24,-8.217665267706862e-10,-2.9977708251698396e-05,0.08147585249581221,0.0,0.0,-1.7676843749848152e-10,-6.448440615197726e-06,0.01752609612384523,0.43908805982310234,0.11348099001441685
assured,demand_spike,707,45,modify,0.5914205786691897,24,0.02998349442280519,0.008799451923613626,0.3230299767750189,0.0,0.0,0.0035599673580749593,0.0010447668699078757,0.038353640732553096,0.4959612972153823,0.14832982947623474
assured,demand_spike,707,46,modify,0.740242991745398,24,0.1673475124750824,0.016628469921116,0.45,0.0,0.0,-0.1554988423975024,-0.016720610103737665,0.05451383292675016,0.5215618428164103,0.11908691198791764
assured,demand_spike,707,47,modify,0.615032600261273,24,0.03828062650749423,-0.014210233872482813,0.4377791332097466,0.0,0.0,0.005366013624311189,-0.0019919294829060102,0.061365996525233224,0.46896252738632954,0.1241762421701053
assured,demand_spike,707,48,modify,0.7338811395493384,24,0.3023192041145171,0.03351653689806202,0.45,0.0,0.0,0.0274045037082562,0.003038192900782187,0.0407914102077484,0.5294192524883883,0.11974176451358894
assured,demand_spike,707,49,modify,0.6078871846238815,24,9.374290451467773e-06,-0.00012646658903379753,0.17545619504532878,0.0,0.0,-0.18165944684563437,-0.020208053957826308,0.016089064239651618,0.5442380284366987,0.1205283557003277
assured,demand_spike,707,50,modify,0.5400819450349715,24,3.718788766118646e-05,-4.562118125467525e-07,0.14302405308455957,0.0,0.0,-0.1632159752768817,-0.018543835839391735,0.026300111295393475,0.4896684408187866,0.10627038449546748
assured,demand_spike,707,51,modify,0.6082216837844819,24,0.0,0.0,0.0,0.0,0.0,0.0,0.0,0.0,0.5918283820152282,0.14025969794230767
assured,demand_spike,707,52,reject,0.9262633662199116,24,0.5861647688718316,0.06545192453926893,0.45,0.0,0.0,0.0,0.0,0.0,0.5423830454883138,0.11580744740905807
assured,demand_spike,707,53,modify,0.4171841963268735,24,0.0,0.0,0.0,0.0,0.0,0.0,0.0,0.0,0.4068744019639971,0.09217306923032902
assured,demand_spike,707,54,reject,0.7386622483924896,24,0.19931621666932442,0.03400464512795551,0.42479394910942886,0.0,0.0,0.0,0.0,0.0,0.5607073556311543,0.09947868728391529
assured,demand_spike,707,55,modify,0.6366699763221744,24,0.5861647688718316,0.06545192453926893,0.45,0.0,0.0,0.17232746322321285,0.019242309872423646,0.1322961777448654,0.3528463314931213,0.08072027249852225
assured,demand_spike,707,56,modify,0.4759138058143137,24,0.4138373056486183,0.04620961466684532,0.45,0.0,0.0,0.09260166982293344,0.010340023534894861,0.10069355964660642,0.0,0.0
assured,demand_spike,707,57,modify,0.4341721528718257,24,0.3212356358256852,0.03586959113195045,0.45,0.0,0.0,0.06950772235288671,0.007761323163610938,0.09736925661563872,0.0,0.0
assured,demand_spike,707,58,modify,0.23752812629540188,24,0.25172791347279794,0.028108267968339606,0.45,0.0,0.0,0.21574687854871816,0.03173220659205156,0.21524088308215142,0.0,0.0
assured,demand_spike,707,71,modify,0.29984957061122935,24,0.0,0.0,0.45,0.0,0.0,0.14872019290924074,0.06934316546147654,0.19903467446565626,0.0,0.0
assured,demand_spike,707,72,modify,0.2905642163275823,24,0.0,0.0,0.45,0.0,0.0,0.1436451554298401,0.07095978771816777,0.20759880021214486,0.0,0.0
assured,demand_spike,707,73,modify,0.2742110486438275,24,0.0,0.0,0.45,0.0,0.0,0.2176671028137207,0.11323307851007669,0.3275622546672821,0.0,0.0
assured,demand_spike,707,74,modify,0.27875568892678865,24,0.0,0.0,0.45,0.0,0.0,0.219504451751709,0.11948798759143521,0.3265287458896637,0.0,0.0
assured,demand_spike,707,75,modify,0.23715448456078297,24,0.0,0.0,0.45,0.0,0.0,0.18537802696228028,0.10489962731184913,0.34572485983371737,0.0,0.0
assured,demand_spike,707,76,modify,0.2802284831506719,24,0.0,0.0,0.45,0.0,0.0,0.2211313009262085,0.11898312808481905,0.3256136432290077,0.0,0.0
assured,demand_spike,707,77,modify,0.22076005811127095,24,0.0,0.0,0.45,0.0,0.0,0.1822044849395752,0.07093887619673808,0.34750997722148896,0.0,0.0
assured,demand_spike,707,78,modify,0.23369667489085624,24,0.0,0.0,0.45,0.0,0.0,0.19703149795532227,0.05924008385620447,0.33916978240013124,0.0,0.0
assured,demand_spike,707,79,modify,0.25758252241376534,24,0.0,0.0,0.45,0.0,0.0,0.13044854402542114,0.029561323946001555,0.22986808195710182,0.0,0.0
assured,demand_spike,707,80,modify,0.12098104032275633,24,0.0,0.0,0.45,0.0,0.0,0.06139012575149536,0.011643328194840612,0.3464041627943516,0.0,0.0
assured,demand_spike,707,81,modify,0.16259338078385155,24,0.0,0.0,0.45,0.0,0.0,0.08256217241287232,0.014457222013786032,0.310676334053278,0.0,0.0
assured,demand_spike,707,82,modify,0.11903290606572844,24,0.0,0.0,0.45,0.0,0.0,0.06048972606658936,0.00949903834667957,0.34792358726263045,0.0,0.0
assured,demand_spike,707,83,modify,0.24970233927100915,24,0.0,0.0,0.45,0.0,0.0,0.1269516944885254,0.018428532381959534,0.2357690155506134,0.0,0.0
assured,demand_spike,707,85,modify,0.02039307372354817,24,0.0,0.0,0.45,0.0,0.0,0.010376346111297608,0.0012672227056801382,0.4324899159371853,0.0,0.0
assured,demand_spike,808,12,modify,0.01062629535430958,24,0.0,0.0,0.45,0.0,0.0,0.0,0.0,0.44064158499240874,0.0,0.005033708523813419
assured,demand_spike,808,37,modify,0.2246466510541465,24,0.0,0.0,0.45,0.0,0.0,-0.09115746021270753,-0.009416334516592954,0.2448957145214081,0.0,0.0
assured,demand_spike,808,38,modify,0.3189811064274354,24,-4.103381758937261e-09,1.1806245804816244e-05,0.24488281972672613,0.0,0.0,-0.2709962619663844,-0.028010203062581934,0.0789769986225812,0.0,0.0
assured,demand_spike,808,39,modify,0.3269326670867122,24,0.0,0.0,0.0,0.0,0.0,-0.325196123123169,-0.0336518991156773,0.0,0.0,0.0
assured,demand_spike,808,40,reject,0.5301403667260954,24,0.6088357794371342,0.06045010542243609,0.44764793212987397,0.0,0.0,0.2,0.020726340827683293,0.1125,0.0,0.0
assured,demand_spike,808,41,reject,0.47668100416618964,24,0.2848312258487408,0.04342190027846485,0.3797505643058316,0.0,0.0,0.0,0.0,0.0,0.0,0.0
assured,demand_spike,808,42,modify,0.4573724265727381,24,0.26350028828949457,0.04266871177897448,0.3619730861617862,0.0,0.0,0.09066089964696786,0.014680757359965397,0.12454182062739444,0.3332350306348453,0.10542089562644905
assured,demand_spike,808,43,modify,0.6356583925300819,24,0.27589224283134833,0.028137128390633585,0.4130886963609157,0.0,0.0,0.04230198977799687,0.004314207986958033,0.06333803963291412,0.4579828934898277,0.12982989457307492
assured,demand_spike,808,44,reject,0.7838228901206175,24,0.28737034596032623,0.024426982942497434,0.45,0.0,0.0,0.0,0.0,0.0,0.5583979490075672,0.12996792061177706
assured,demand_spike,808,45,reject,0.7762129762333638,24,0.28737034596032623,0.024426982942497434,0.45,0.0,0.0,0.0,0.0,0.0,0.5444152193130948,0.14296943806387746
assured,demand_spike,808,46,modify,0.5018369217740445,24,0.0,0.0,0.0,0.0,0.0,0.0,0.0,0.0,0.48288216620698193,0.1366203118679688
assured,demand_spike,808,47,modify,0.6165008654282327,24,0.06516206798374154,0.017468010234401272,0.28535988795909895,0.0,0.0,-0.15853868207292288,-0.015449397659140472,0.04461949300769802,0.5061826944351197,0.12153550036290486
assured,demand_spike,808,48,modify,0.8744439328856995,24,0.4304515065311389,0.03837006432987183,0.45,0.0,0.0,0.001334338873634655,0.00011894178006671002,0.0013949364423752053,0.5981400847434998,0.14152538916883137
assured,demand_spike,808,49,modify,0.5453970653809593,24,0.0,0.0,0.0,0.0,0.0,-0.16862881183624268,-0.01874765402297537,0.0,0.505886435508728,0.11291466947110038
assured,demand_spike,808,50,modify,0.5854460214568019,24,0.0,0.0,0.0,0.0,0.0,0.0,0.0,0.0,0.5748387041446056,0.1109392097364531
assured,demand_spike,808,51,modify,0.5653465488132986,24,0.0,0.0,0.0,0.0,0.0,0.0,0.0,0.0,0.5540735860151751,0.11233513045967337
assured,demand_spike,808,52,modify,0.6322378356176636,24,-3.2124099435348755e-09,-0.0006774547765208197,0.2008412360657594,0.0,0.0,-5.837484714302277e-11,-1.2310483319634283e-05,0.0036496202730755822,0.589096999168396,0.1174922576233787
assured,demand_spike,808,53,modify,0.6615738628909644,24,0.0029893645879643617,0.007132977742546542,0.3144708814656304,0.0,0.0,-0.18408548541347264,-0.022499898121993336,0.024654747012394118,0.5529595613479614,0.1097597419360256
assured,demand_spike,808,54,modify,0.46405728756789943,24,0.18341480309806002,0.06256994933539399,0.33367385524384957,0.0,0.0,0.05463980939493468,0.01863977196927137,0.0994024230467895,0.3646740952224538,0.09468900141114651
assured,demand_spike,808,55,modify,0.3909108380363079,24,-7.613884178339438e-10,1.9804202170134202e-05,0.2252152642234634,0.0,0.0,-2.4568013761907137e-10,6.390298303244785e-06,0.07267107801001971,0.35244749430382416,0.07295421938277287
assured,demand_spike,808,56,modify,0.3929888851932181,24,0.22520303134835798,0.04942692927646027,0.35411896629470396,0.0,0.0,-0.07377588414043443,-0.005823143812047071,0.10512237715688366,0.0,0.0
assured,demand_spike,808,57,modify,0.7538140397776466,24,0.6529596117031541,0.058481066165269296,0.45,0.0,0.0,0.033950426950369206,0.0030407044007590214,0.023397606611251842,0.0,0.0
assured,demand_spike,808,58,reject,0.488527496747388,24,0.5891154478987899,0.05905608224871332,0.4067547276686109,0.0,0.0,0.2,0.03331820103317895,0.1125,0.0,0.0
assured,demand_spike,808,60,modify,0.22573000550205044,24,0.28760227467968197,0.005188107688990912,0.45,0.0,0.0,0.16604669916780318,0.002995345421532231,0.2598067581653595,0.0,0.0
assured,demand_spike,808,70,modify,0.1136988019862129,24,0.0,0.0,0.45,0.0,0.0,0.056573235988616945,0.024756299225464365,0.35453266426920893,0.0,0.0
assured,demand_spike,808,71,modify,0.2317343684718689,24,0.0,0.0,0.45,0.0,0.0,0.1149362325668335,0.0535908543183813,0.2560451075434685,0.0,0.0
assured,demand_spike,808,72,modify,0.31297197860077053,24,0.0,0.0,0.45,0.0,0.0,0.154722797870636,0.07643207220743187,0.18890527859330175,0.0,0.0
assured,demand_spike,808,73,modify,0.2426634814140857,24,0.0,0.0,0.45,0.0,0.0,0.19262483119964602,0.10020578375082269,0.3416485324501991,0.0,0.0
assured,demand_spike,808,74,modify,0.2748707482465301,24,0.0,0.0,0.45,0.0,0.0,0.21644527912139894,0.11782271666698026,0.3282495304942131,0.0,0.0
assured,demand_spike,808,75,modify,0.3447615143999264,24,0.0,0.0,0.45,0.0,0.0,0.16887370347976685,0.09556034686572519,0.16502562537789345,0.0,0.0
assured,demand_spike,808,76,modify,0.2720161480779288,24,0.0,0.0,0.45,0.0,0.0,0.21345791816711426,0.1183709344530696,0.3299299210309982,0.0,0.0
assured,demand_spike,808,77,modify,0.2884081178680218,24,0.0,0.0,0.45,0.0,0.0,0.23693313598632815,0.09633138371240417,0.3167251110076904,0.0,0.0
assured,demand_spike,808,78,modify,0.2220434816454084,24,0.0,0.0,0.45,0.0,0.0,0.1877753734588623,0.0537341784851985,0.34437635242938996,0.0,0.0
assured,demand_spike,808,79,modify,0.21398245742701374,24,0.0,0.0,0.45,0.0,0.0,0.18319470882415773,0.040118594804739886,0.3469529762864113,0.0,0.0
assured,demand_spike,808,80,modify,0.23862119512273383,24,0.0,0.0,0.45,0.0,0.0,0.2057602882385254,0.034741810761050866,0.33425983786582947,0.0,0.0
assured,demand_spike,808,81,modify,0.3075422254303508,24,0.0,0.0,0.45,0.0,0.0,0.15646625757217408,0.019623807282306855,0.18596319034695624,0.0,0.0
assured,demand_spike,808,82,modify,0.16478094459024833,24,0.0,0.0,0.45,0.0,0.0,0.08389482498168946,0.008464066829255965,0.30842748284339905,0.0,0.0
assured,demand_spike,808,83,modify,0.2592330593482097,24,0.0,0.0,0.45,0.0,0.0,0.13201779127120972,0.011922386565946725,0.2272199772298336,0.0,0.0
assured,demand_spike,808,84,modify,0.012354658287917824,24,0.0,0.0,0.45,0.0,0.0,0.006293785572052003,0.000474588912186122,0.43937923684716224,0.0,0.0
assured,demand_spike,808,85,modify,0.03239478570656056,24,0.0,0.0,0.45,0.0,0.0,0.01650294065475464,0.0012346298610327966,0.42215128764510157,0.0,0.0
assured,demand_spike,909,9,modify,0.04055982668040105,24,0.0,0.0,0.45,0.0,0.0,0.0,0.0,0.41444318890571596,0.0,0.01951442351568633
assured,demand_spike,909,38,modify,0.26156448251697084,24,0.0,0.0,0.45,0.0,0.0,-0.10613789558410645,-0.01097191575321947,0.21118973493576051,0.0,0.0
assured,demand_spike,909,39,modify,0.39686453385738335,24,0.0,0.0,0.0,0.0,0.0,0.0,0.0,0.0,0.3746053994650844,0.1310429430585359
assured,demand_spike,909,40,modify,0.42321951787015877,24,0.09578945076465578,0.009902153967280593,0.45,0.0,0.0,0.007695236121582988,0.000795488566665942,0.03615070581436158,0.0,0.0
assured,demand_spike,909,41,reject,0.6795890991491305,24,0.08809421464307304,0.009106665400614578,0.45,0.0,0.0,0.0,0.0,0.0,0.4782776305481158,0.15082549450045926
assured,demand_spike,909,42,reject,0.5351580382618567,24,0.08809421464307304,0.009106665400614578,0.45,0.0,0.0,-0.2,-0.020824078082798486,0.0,0.0,0.0
assured,demand_spike,909,43,reject,0.5719181389666788,24,-1.916625011452514e-08,-1.7813139421302885e-06,0.12099022197767695,0.0,0.0,0.0,0.0,0.0,0.5422027107490708,0.13589681496667896
assured,demand_spike,909,44,modify,0.5350643291683371,24,0.048399165594561255,0.025840768458603284,0.2576710628028985,0.0,0.0,0.007892845384432245,0.0042140641796847116,0.042020514894458155,0.47314323928187735,0.11754010524953179
assured,demand_spike,909,45,modify,0.5433564803442343,24,0.0,0.0,0.0,0.0,0.0,0.0,0.0,0.0,0.5312809941920617,0.1139156264187178
assured,demand_spike,909,46,modify,0.5802999531240167,24,1.2947358235502073e-06,0.016908291900228772,0.226722994215245,0.0,0.0,1.1522105275308672e-07,0.0015047016986514256,0.02017651910270135,0.5292218140111496,0.11736093982487568
assured,demand_spike,909,47,modify,0.516069323805036,24,0.00017189304226890303,-1.4267207609655969e-05,0.13278227410686616,0.0,0.0,2.581503746446398e-05,-2.142660890138801e-06,0.01994135036206518,0.48819721006856154,0.12352301605972783
assured,demand_spike,909,48,reject,0.6986885101588333,24,0.08017964319555963,0.013000429373474051,0.3287140660970553,0.0,0.0,0.0,0.0,0.0,0.6,0.11625364781824674
assured,demand_spike,909,49,modify,0.7856169890642231,24,0.260675439000123,0.022183563743457424,0.45,0.0,0.0,-0.14590028769004826,-0.017019039837097676,0.052846035361289956,0.52953861951828,0.11050324273807154
assured,demand_spike,909,50,modify,0.6116710645516775,24,0.0006977173921251853,-0.01920999085449667,0.3981728474325201,0.0,0.0,8.652428495308439e-05,-0.002382240634102459,0.0493776152073489,0.48839199974199843,0.11693196757212652
assured,demand_spike,909,51,modify,0.7464931531126987,24,0.3922639243554384,0.03969321936871541,0.45,0.0,0.0,0.04354573850744692,0.004406396927754706,0.04995509684085847,0.511099997038897,0.1146445077109124
assured,demand_spike,909,52,modify,0.3882270935070416,24,-3.551128926454132e-07,-3.071680346347175e-09,0.14559313088334444,0.0,0.0,-1.1273953650843481e-07,-9.751823313692972e-10,0.04622220830205093,0.3657607163204583,0.08405233057419785
assured,demand_spike,909,53,modify,0.4894196394190973,24,0.08916433427461654,0.0005722894778068556,0.3041690655557362,0.0,0.0,0.021011357736470657,0.0001348586185815443,0.07167669787199846,0.41405250732215093,0.09692463072616468
assured,demand_spike,909,54,modify,0.47942621701308435,24,0.3277069298589527,0.035151964702481255,0.45,0.0,0.0,0.11786994006351875,0.012643492081109552,0.16185642778873444,0.3088906131537431,0.08289254991949967
assured,demand_spike,909,55,modify,0.4400617271913216,24,0.20983698979543422,0.022508472621371782,0.45,0.0,0.0,0.07999489169012622,0.008580769440183728,0.171550789475441,0.30557824060330463,0.07542776949079251
assured,demand_spike,909,56,modify,0.39318345554947953,24,0.1298420981053078,0.01392770318118808,0.45,0.0,0.0,-0.10191024935100321,-0.016338567482789446,0.13382278382778168,0.0,0.0
assured,demand_spike,909,58,modify,0.26199758294361497,24,0.18242795590689415,0.02440498159371019,0.4487408455787631,0.0,0.0,0.08388411553307665,0.01122191105750382,0.20634024400378062,0.0,0.0
assured,demand_spike,909,70,modify,0.2619969007449382,24,0.0,0.0,0.45,0.0,0.0,0.13036208152770998,0.05704610389626161,0.23001398742198945,0.0,0.0
assured,demand_spike,909,71,modify,0.21862769054021125,24,0.0,0.0,0.45,0.0,0.0,0.10843554735183716,0.05055980600101151,0.2670150138437748,0.0,0.0
assured,demand_spike,909,72,modify,0.2560989112309117,24,0.0,0.0,0.45,0.0,0.0,0.20501458644866943,0.10127589399025048,0.33467929512262345,0.0,0.0
assured,demand_spike,909,73,modify,0.3032340572093906,24,0.0,0.0,0.45,0.0,0.0,0.24070539474487307,0.1252178786257412,0.3146032154560089,0.0,0.0
assured,demand_spike,909,74,modify,0.3606504353652698,24,0.0,0.0,0.45,0.0,0.0,0.1771649479866028,0.09644033611949578,0.1510341502726078,0.0,0.0
assured,demand_spike,909,75,modify,0.27096562726403906,24,0.0,0.0,0.45,0.0,0.0,0.21180739402770998,0.11985517949180491,0.3308583408594131,0.0,0.0
assured,demand_spike,909,76,modify,0.29597293086874255,24,0.0,0.0,0.45,0.0,0.0,0.14703445434570314,0.06646045591567572,0.20187935829162598,0.0,0.0
assured,demand_spike,909,77,modify,0.37398926170299696,24,0.0,0.0,0.45,0.0,0.0,0.3103120803833008,0.11448357001017667,0.2754494547843933,0.0,0.0
assured,demand_spike,909,78,modify,0.35206060903360287,24,0.0,0.0,0.45,0.0,0.0,0.17830359935760498,0.04026558326818537,0.1491126760840416,0.0,0.0
assured,demand_spike,909,79,modify,0.32343830658978406,24,0.0,0.0,0.45,0.0,0.0,0.1642336368560791,0.02882201636396967,0.1728557378053665,0.0,0.0
assured,demand_spike,909,80,modify,0.22382001434960486,24,0.0,0.0,0.45,0.0,0.0,0.11381665468215943,0.015873607100890332,0.257934395223856,0.0,0.0
assured,demand_spike,909,81,modify,0.2250667020136512,24,0.0,0.0,0.45,0.0,0.0,0.19510505199432374,0.023339336784783435,0.3402534082531929,0.0,0.0
assured,demand_spike,909,82,modify,0.16444698995277807,24,0.0,0.0,0.45,0.0,0.0,0.08374648094177246,0.007574893532860042,0.30867781341075895,0.0,0.0
assured,demand_spike,909,83,modify,0.0644305459536636,24,0.0,0.0,0.45,0.0,0.0,0.03281888961791992,0.0026577286077278783,0.39461812376976013,0.0,0.0
assured,demand_spike,909,84,modify,0.206093266926828,24,0.0,0.0,0.45,0.0,0.0,0.10498459339141847,0.008153052380998097,0.27283849865198134,0.0,0.0
assured,demand_spike,909,85,modify,0.04873462676325557,24,0.0,0.0,0.45,0.0,0.0,0.024556558019087158,0.0016816870093885245,0.40793800726532936,0.0,0.0
assured,demand_spike,1010,7,modify,0.0212160572358359,24,0.0,0.0,0.45,0.0,0.0,0.0,0.0,0.4313815265893936,0.0,0.010172194084503454
assured,demand_spike,1010,11,modify,0.07378208475940551,24,0.0,0.0,0.45,0.0,0.0,0.0,0.0,0.3853801667690277,0.0,0.035610015229502856
assured,demand_spike,1010,18,modify,0.014327894408221022,24,0.0,0.0,0.45,0.0,0.0,0.0,0.0,0.4374422460794449,0.0,0.006898650204490245
assured,demand_spike,1010,38,modify,0.2108636131721864,24,0.0,0.0,0.45,0.0,0.0,-0.0855644464492798,-0.0088451527397057,0.2574799954891205,0.0,0.0
assured,demand_spike,1010,39,modify,0.4619286543191193,24,-4.3092851701109584e-07,-7.979301053091079e-05,0.4296161225994465,0.0,0.0,-0.31399559703374685,-0.03250999466859873,0.09237229483674508,0.0,0.0
assured,demand_spike,1010,40,reject,0.7212110536057424,24,0.36060293924343134,0.03732302053599458,0.45,0.0,0.0,-0.2,-0.020726340827683293,0.0,0.0,0.0
assured,demand_spike,1010,41,reject,0.31083874443173315,24,0.09392178419472648,0.03891637612273111,0.29374298147028066,0.0,0.0,0.0,0.0,0.0,0.0,0.0
assured,demand_spike,1010,42,modify,0.3020245439931714,24,0.0,0.0,0.0,0.0,0.0,0.0,0.0,0.0,0.29275874576195887,0.07423706590489605
assured,demand_spike,1010,43,reject,0.7364611869793027,24,0.03783706522366456,-0.02110482151681108,0.4499058404686337,0.0,0.0,0.0,0.0,0.0,0.5639879629871426,0.1414225415158167
assured,demand_spike,1010,44,modify,0.5836153398679468,24,0.1334420522864035,0.03830612820994865,0.31747976796742083,0.0,0.0,0.020424261279752484,0.005863027117542358,0.04859255100547105,0.48770496606755565,0.12893727026800939
assured,demand_spike,1010,45,modify,0.5858981275011786,24,-5.053740600490696e-10,5.8890075508025176e-08,0.11483587111158439,0.0,0.0,-3.412515717172795e-11,3.976525986258893e-09,0.007754240789989528,0.5594852685928344,0.13706339585993602
assured,demand_spike,1010,46,modify,0.5432833182545866,24,0.0,0.0,0.0,0.0,0.0,-0.16794022321701052,-0.01790028567704446,0.0,0.5038206696510314,0.1131245239751383
assured,demand_spike,1010,47,modify,0.5719420048950209,24,-2.210060675129903e-05,9.363036138393575e-07,0.014466243815164504,0.0,0.0,-0.17623554841139297,-0.01898933979154249,0.0017191017200277135,0.5286987662315369,0.12657397893573477
assured,demand_spike,1010,48,reject,1.106069574008433,24,0.8,0.08345839902431014,0.45,0.0,0.0,0.0,0.0,0.0,0.6,0.11800253463165755
assured,demand_spike,1010,49,modify,0.6428211927193165,24,0.0387859820092496,0.053536020107265804,0.22861544416944546,0.0,0.0,-0.17932685418138833,-0.01567541948355327,0.019792620881398937,0.5480543732643127,0.12994262405999676
assured,demand_spike,1010,50,modify,0.4945644255940163,24,0.0,0.0,0.0,0.0,0.0,0.0,0.0,0.0,0.4798295140051249,0.11982323878423987
assured,demand_spike,1010,51,modify,0.5963144609540011,24,0.0,0.0,0.0,0.0,0.0,0.0,0.0,0.0,0.5828296003525466,0.12609755467792247
assured,demand_spike,1010,52,modify,0.47026927053724876,24,0.0011328509588493338,0.06649195101524487,0.2157533605640379,0.0,0.0,0.00025519271365182677,0.014978370528829124,0.0486018792955451,0.42743540356101406,0.0886460695433927
assured,demand_spike,1010,53,modify,0.840289914864992,24,0.6858301282998717,0.04469183737523831,0.42814297390349676,0.0,0.0,0.09825783041521752,0.006402930983283643,0.06133938709802894,0.4638641827192418,0.09831095628933981
assured,demand_spike,1010,54,modify,0.5876522208430162,24,0.28485949174621056,0.06744299021436084,0.3867048176819557,0.0,0.0,0.05505704306383288,0.013035239211526536,0.07474149332217328,0.4306427203474227,0.08241053050606123
assured,demand_spike,1010,55,modify,0.3567520763868524,24,0.21101137650992113,0.05097367857882388,0.35130240789980444,0.0,0.0,0.094843003234949,0.022911071631824268,0.1578994268459264,0.2668696650537381,0.06607050735308784
assured,demand_spike,1010,56,modify,0.17947205668743205,24,2.027983494778875e-08,-3.214379455754087e-08,0.16189346875517305,0.0,0.0,-0.13861102435382244,-0.02020176427244207,0.04969236601466773,0.0,0.0
assured,demand_spike,1010,57,modify,0.3689097232386036,24,0.37262379667254736,0.05816825164376038,0.44297249965959107,0.0,0.0,0.2022698445716469,0.03142808646000232,0.11684541021510386,0.0,0.0
assured,demand_spike,1010,58,modify,0.40298071685049075,24,0.41933020863843323,0.02354896767313222,0.4481498070542259,0.0,0.0,0.144200845818584,0.008098107378541297,0.154111437476655,0.0,0.0
assured,demand_spike,1010,59,modify,0.434391270939435,24,0.5233524874492579,0.01898375117008867,0.45,0.0,0.0,0.22303299330955506,0.034708706548798186,0.13654074668884275,0.0,0.0
assured,demand_spike,1010,70,modify,0.06904564412107593,24,0.0,0.0,0.45,0.0,0.0,0.034355115890502934,0.015033708325999342,0.3920257419347763,0.0,0.0
assured,demand_spike,1010,71,modify,0.24660048636882345,24,0.0,0.0,0.45,0.0,0.0,0.19911689758300782,0.09284143400553958,0.3379967451095581,0.0,0.0
assured,demand_spike,1010,72,modify,0.27575973663029185,24,0.0,0.0,0.45,0.0,0.0,0.22075364589691163,0.10905088865671789,0.3258260741829872,0.0,0.0
assured,demand_spike,1010,73,modify,0.3197270815896328,24,0.0,0.0,0.45,0.0,0.0,0.25379745960235595,0.1320285302524827,0.3072389289736748,0.0,0.0
assured,demand_spike,1010,74,modify,0.31229457340549593,24,0.0,0.0,0.45,0.0,0.0,0.15341074466705323,0.08350965553948941,0.19111936837434768,0.0,0.0
assured,demand_spike,1010,75,modify,0.2860415389071706,24,0.0,0.0,0.45,0.0,0.0,0.22359187602996827,0.12652364926870907,0.3242295697331429,0.0,0.0
assured,demand_spike,1010,76,modify,0.3006088679892398,24,0.0,0.0,0.45,0.0,0.0,0.24592528343200684,0.10368430623548458,0.3116670280694962,0.0,0.0
assured,demand_spike,1010,77,modify,0.2759369915690606,24,0.0,0.0,0.45,0.0,0.0,0.23307015895843508,0.068057323235876,0.31889803558588026,0.0,0.0
assured,demand_spike,1010,78,modify,0.24437981270707662,24,0.0,0.0,0.45,0.0,0.0,0.12389788627624512,0.025638429520066546,0.24092231690883636,0.0,0.0
assured,demand_spike,1010,79,modify,0.2785689440685683,24,0.0,0.0,0.45,0.0,0.0,0.14145402908325197,0.024738032202692755,0.21129632592201233,0.0,0.0
assured,demand_spike,1010,80,modify,0.28443952579192255,24,0.0,0.0,0.45,0.0,0.0,0.14461898803710938,0.020819546087246753,0.2059554576873779,0.0,0.0
assured,demand_spike,1010,81,modify,0.3784460935017127,24,0.0,0.0,0.45,0.0,0.0,0.19258494377136232,0.022712876380472882,0.1250129073858261,0.0,0.0
assured,demand_spike,1010,82,modify,0.25399167965057967,24,0.0,0.0,0.45,0.0,0.0,0.1293508529663086,0.01158282963729558,0.23172043561935424,0.0,0.0
assured,demand_spike,1010,83,modify,0.15274276978043005,24,0.0,0.0,0.45,0.0,0.0,0.07781167030334474,0.0058411115384137,0.31869280636310576,0.0,0.0
assured,demand_spike,1010,85,modify,0.1326069024057379,24,0.0,0.0,0.45,0.0,0.0,0.06756300926208496,0.004578468444771738,0.3359874218702316,0.0,0.0
assured,demand_spike,1111,16,modify,0.06479573391398558,24,0.0,0.0,0.45,0.0,0.0,0.032987463474273684,0.003401832510628257,0.39433365538716314,0.0,0.0
assured,demand_spike,1111,38,modify,0.3777805298566818,24,0.0,0.0,0.45,0.0,0.0,0.0,0.0,0.0722194701433182,0.0,0.0
assured,demand_spike,1111,39,modify,0.37421983179479096,24,0.0,0.0,0.3692228229674242,0.0,0.0,-0.17802146673202515,-0.018421992185380376,0.04057488048942559,0.0,0.0
assured,demand_spike,1111,40,modify,0.4961563314490032,24,0.12767691025137873,0.013224015436677398,0.45,0.0,0.0,-0.1638420987545134,-0.016980048090382685,0.04965578913688662,0.0,0.0
assured,demand_spike,1111,41,modify,0.32227346294817577,24,0.27554440437732747,0.028548508838247867,0.45,0.0,0.0,0.15311511594825677,0.01586389769299133,0.2500569820404053,0.2081191330628161,0.07361773507685002
assured,demand_spike,1111,42,modify,0.5958805037829958,24,0.12242928842907055,0.012684611145256508,0.45,0.0,0.0,0.024658146760113006,0.0025547726955540435,0.09063326418399809,0.4419924700746233,0.14460280289362853
assured,demand_spike,1111,43,reject,0.7048653788486334,24,0.09777114166895719,0.010129838449702529,0.45,0.0,0.0,0.0,0.0,0.0,0.5133171168166935,0.1455298255072006
assured,demand_spike,1111,44,modify,0.41965323502192725,24,-1.1587568997489593e-06,7.926749635626424e-09,0.09310181869140327,0.0,0.0,-3.0448164343187173e-07,2.082878433475918e-09,0.024463970629038823,0.3953376409079222,0.12290578976747023
assured,demand_spike,1111,45,reject,0.714597243744176,24,0.09777141646363999,0.010129836366824192,0.45,0.0,0.0,0.0,0.0,0.0,0.5328392889452923,0.1207048029737152
assured,demand_spike,1111,46,modify,0.6256050643702769,24,1.2340235628416137e-09,-0.000728637857996468,0.12714571755114873,0.0,0.0,7.35675112794975e-12,-4.343845243391306e-06,0.0007579915239661061,0.5964230418205261,0.1403099064897067
assured,demand_spike,1111,47,modify,0.7002336080480106,24,0.09125943708554825,0.009488621544341378,0.4413830653146892,0.0,0.0,-0.16027662688238659,-0.017317149077785948,0.06019796085145046,0.518169093132019,0.1119681744197818
assured,demand_spike,1111,48,modify,0.5908733822047166,24,0.0,0.0,0.0,0.0,0.0,0.0,0.0,0.0,0.5715579315704993,0.1498428665532451
assured,demand_spike,1111,49,modify,0.6185299459967529,24,0.0,0.0,0.0,0.0,0.0,0.0,0.0,0.0,0.5994741797447204,0.15234829147102638
assured,demand_spike,1111,50,modify,0.6733272562011571,24,0.06756122824163607,0.01613482767250781,0.32412894927913266,0.0,0.0,0.0012310748078402378,0.00029400264609497767,0.005906153489722343,0.5779592438654877,0.11582891530924054
assured,demand_spike,1111,51,modify,0.5872937128853806,24,-7.580374288328446e-09,0.012174721365418638,0.20821001128523134,0.0,0.0,-5.350947003242936e-10,0.0008594072842275178,0.014697437007131747,0.5424485110941456,0.1144043935779886
assured,demand_spike,1111,52,modify,0.5481528177399908,24,0.0,0.0,0.0,0.0,0.0,0.0,0.0,0.0,0.5404066137380437,0.09182702992296157
assured,demand_spike,1111,53,modify,0.46692534785055556,24,0.2047770483679282,0.023922149381898735,0.4165549522731802,0.0,0.0,0.06899830907569462,0.008060414338239372,0.14035551138678076,0.34051890529490453,0.08421736028740699
assured,demand_spike,1111,54,modify,0.45105081932736407,24,-6.993189494873898e-10,-0.0009244260275570451,0.32686043426770456,0.0,0.0,-2.0684297708588305e-10,-0.0002734246394663494,0.09667803992023202,0.37899365655591755,0.08262137396533054
assured,demand_spike,1111,55,modify,0.551693855442298,24,0.17219168900370121,0.016795425198414926,0.45,0.0,0.0,-0.17841788523064153,-0.024950210465737095,0.02609395086765287,0.0,0.0
assured,demand_spike,1111,56,reject,0.7010734706644663,24,0.333213830424355,0.03931299014374274,0.45,0.0,0.0,-0.2,-0.029148840928085493,0.0,0.0,0.0
assured,demand_spike,1111,57,modify,0.33177271178145074,24,0.2044305205806738,0.057011775572612236,0.3412889649401888,0.0,0.0,0.03566924866908372,0.009947473567984179,0.059548451590729023,0.0,0.0
assured,demand_spike,1111,58,reject,0.4378524263024062,24,0.47804458175527076,0.05567234551335563,0.45,0.0,0.0,0.2,0.03331820103317895,0.1125,0.0,0.0
assured,demand_spike,1111,70,modify,0.12866791227494034,24,0.0,0.0,0.45,0.0,0.0,0.06402143239974976,0.028015610378906864,0.3419638328254223,0.0,0.0
assured,demand_spike,1111,71,modify,0.2756236664469602,24,0.0,0.0,0.45,0.0,0.0,0.13670456409454346,0.06374068660018489,0.2193110480904579,0.0,0.0
assured,demand_spike,1111,72,modify,0.3708351308252581,24,0.0,0.0,0.45,0.0,0.0,0.18332839012145996,0.09056305175628523,0.14063334167003633,0.0,0.0
assured,demand_spike,1111,73,modify,0.2992761830893296,24,0.0,0.0,0.45,0.0,0.0,0.23756365776062013,0.12358350877381015,0.3163704425096512,0.0,0.0
assured,demand_spike,1111,74,modify,0.26056491615095495,24,0.0,0.0,0.45,0.0,0.0,0.2051802396774292,0.11169055450554653,0.3345861151814461,0.0,0.0
assured,demand_spike,1111,75,modify,0.3919765392224457,24,0.0,0.0,0.45,0.0,0.0,0.19200092554092407,0.108647318470334,0.12599843814969064,0.0,0.0
assured,demand_spike,1111,76,modify,0.3729702677245699,24,0.0,0.0,0.45,0.0,0.0,0.1846439003944397,0.08903512017068368,0.138413418084383,0.0,0.0
assured,demand_spike,1111,77,modify,0.2619690331034123,24,0.0,0.0,0.45,0.0,0.0,0.21725571155548096,0.08058127025184934,0.327793662250042,0.0,0.0
assured,demand_spike,1111,78,modify,0.3742249067890787,24,0.0,0.0,0.45,0.0,0.0,0.18899638652801515,0.051062778902781346,0.13106859773397445,0.0,0.0
assured,demand_spike,1111,79,modify,0.2629378734078289,24,0.0,0.0,0.45,0.0,0.0,0.2255514144897461,0.04654256262734657,0.3231273293495178,0.0,0.0
assured,demand_spike,1111,80,modify,0.23866155780716203,24,0.0,0.0,0.45,0.0,0.0,0.20629837512969973,0.030567626738715336,0.3339571639895439,0.0,0.0
assured,demand_spike,1111,81,modify,0.10248278252653562,24,0.0,0.0,0.45,0.0,0.0,0.05216406583786011,0.005736085274938303,0.36197313889861105,0.0,0.0
assured,demand_spike,1111,82,modify,0.10381222234679041,24,0.0,0.0,0.45,0.0,0.0,0.052851200103759766,0.005432695461709566,0.3608135998249054,0.0,0.0
assured,demand_spike,1111,84,modify,0.10594655165193778,24,0.0,0.0,0.45,0.0,0.0,0.05394723415374756,0.005179010685088556,0.358964042365551,0.0,0.0
assured,demand_spike,1111,85,modify,0.02161183564030667,24,0.0,0.0,0.45,0.0,0.0,0.011006307601928712,0.0009853688465481117,0.4314268559217453,0.0,0.0
assured,demand_spike,1212,20,modify,0.013587586084544894,24,0.0,0.0,0.45,0.0,0.0,0.0,0.0,0.4380851715803146,0.0,0.0065314132723611595
assured,demand_spike,1212,38,modify,0.34574252166618197,24,0.0,0.0,0.45,0.0,0.0,-0.14029574394226074,-0.01450295461953967,0.13433457612991334,0.0,0.0
assured,demand_spike,1212,39,modify,0.2900118855910711,24,-3.800744370595049e-08,-0.00032366146533955345,0.2292171466797032,0.0,0.0,-0.25063318241314864,-0.026056846705041777,0.08559359747269904,0.0,0.0
assured,demand_spike,1212,40,reject,0.5729897087901102,24,0.352813356035757,0.036605220695434836,0.45,0.0,0.0,0.0,0.0,0.0,0.0,0.0
assured,demand_spike,1212,41,reject,0.38763531500454335,24,0.1856264353232023,0.033091840730104335,0.3386870148455148,0.0,0.0,0.0,0.0,0.0,0.0,0.0
assured,demand_spike,1212,42,reject,0.7151228782312004,24,0.352813356035757,0.036605220695434836,0.45,0.0,0.0,-0.2,-0.020824078082798486,0.0,0.0,0.0
assured,demand_spike,1212,43,modify,0.3765286608502638,24,0.0008007935830186849,-0.0001033000365341667,0.10695304743566114,0.0,0.0,0.00026745669692698987,-3.450113381243334e-05,0.035721201318305446,0.3594828643958683,0.08643863467584986
assured,demand_spike,1212,44,modify,0.5166375483490598,24,-2.2956463606767656e-05,-1.406337425933146e-09,0.1654049526287336,0.0,0.0,-3.811476468055648e-06,-2.334951104363446e-10,0.02746229103242287,0.48270620930858327,0.12198726820558166
assured,demand_spike,1212,45,modify,0.5981468303517625,24,5.791066615832611e-06,-4.671442384598547e-09,0.15894314537774004,0.0,0.0,3.4458974295767526e-07,-2.7796798713201506e-10,0.009457701187698259,0.5642977952957153,0.13039068536477968
assured,demand_spike,1212,46,reject,0.5996693245062735,24,-1.5158175127832691e-09,-0.00028581033287481485,0.025423728308307778,0.0,0.0,0.0,0.0,0.0,0.5883587483584434,0.1130965708377368
assured,demand_spike,1212,47,modify,0.5785196010392161,24,0.0,0.0,0.0,0.0,0.0,0.0,0.0,0.0,0.5656925534359456,0.12114810676891975
assured,demand_spike,1212,48,modify,0.4945854983091966,24,-7.716761107423677e-09,1.6967936545158737e-09,0.08378228672966764,0.0,0.0,-1.2429588662771212e-09,2.733069856334312e-10,0.013495031746859398,0.47957257303814604,0.09841069105696824
assured,demand_spike,1212,49,modify,0.9508713440134631,24,0.5330489957283697,0.055430088626714745,0.45,0.0,0.0,-0.12299912519985079,-0.014077277007006443,0.047268864512443554,0.5369748473167419,0.135615441131332
assured,demand_spike,1212,50,modify,0.5483247578886021,24,0.0,0.0,0.0,0.0,0.0,0.0,0.0,0.0,0.534533356295558,0.12220528270496422
assured,demand_spike,1212,51,reject,0.7785676908777426,24,0.29879667703255147,0.06391167634274277,0.3978369137919894,0.0,0.0,0.0,0.0,0.0,0.5869168794174972,0.10028887963955997
assured,demand_spike,1212,52,modify,0.5503043985938221,24,-0.0018362695407684948,0.016505686989069453,0.19575726211981911,0.0,0.0,-0.00017353218759256855,0.0015598298111140566,0.018499564022919662,0.5078726161304941,0.11512559237448043
assured,demand_spike,1212,53,modify,0.430771137536805,24,3.1623112622310805e-06,-1.933822498095516e-09,0.167517345936109,0.0,0.0,7.966933229758714e-07,-4.871953910590843e-10,0.0422032937060656,0.4004848190203932,0.0973245651264145
assured,demand_spike,1212,54,modify,0.42721097139661335,24,0.0,0.0,0.0,0.0,0.0,0.0,0.0,0.0,0.417179372861607,0.09203578076180102
assured,demand_spike,1212,55,modify,0.3153217813991444,24,0.0008345976159376427,-1.5850781807031635e-06,0.3436323945674275,0.0,0.0,0.00040744081330763827,-7.738166641853213e-07,0.16775732358653755,0.2526368842964026,0.06833891615771118
assured,demand_spike,1212,56,modify,0.32212800644853606,24,0.1517597815919263,0.04631565989825759,0.33482712291654915,0.0,0.0,-0.07879864650688984,-0.003147006382243696,0.1153670846053913,0.0,0.0
assured,demand_spike,1212,57,modify,0.4224112907552595,24,0.30595372047312747,0.06444578136403557,0.40283633383249196,0.0,0.0,0.05251509371534041,0.011061726076274085,0.06914440455387616,0.0,0.0
assured,demand_spike,1212,58,reject,0.5730193857767931,24,0.6624047662710341,0.058354147307358085,0.45,0.0,0.0,0.2,0.03331820103317895,0.1125,0.0,0.0
assured,demand_spike,1212,70,modify,0.18661969192867434,24,0.0,0.0,0.45,0.0,0.0,0.09285656213760377,0.040633787287490154,0.29330455139279366,0.0,0.0
assured,demand_spike,1212,71,modify,0.2382620741418091,24,0.0,0.0,0.45,0.0,0.0,0.11817386150360108,0.05510045052501175,0.2505816087126732,0.0,0.0
assured,demand_spike,1212,72,modify,0.2901481725818744,24,0.0,0.0,0.45,0.0,0.0,0.23227200508117676,0.11474088439748112,0.3193469971418381,0.0,0.0
assured,demand_spike,1212,73,modify,0.23073486438489477,24,0.0,0.0,0.45,0.0,0.0,0.18315596580505372,0.09527996462258816,0.3469747692346573,0.0,0.0
assured,demand_spike,1212,74,modify,0.27812391789987534,24,0.0,0.0,0.45,0.0,0.0,0.21900696754455568,0.11921718038776852,0.32680858075618746,0.0,0.0
assured,demand_spike,1212,75,modify,0.3528861019066919,24,0.0,0.0,0.45,0.0,0.0,0.17285335063934326,0.09781230472024033,0.15830997079610826,0.0,0.0
assured,demand_spike,1212,76,modify,0.3999064324082696,24,0.0,0.0,0.45,0.0,0.0,0.3208910942077637,0.15611970574066308,0.26949875950813296,0.0,0.0
assured,demand_spike,1212,77,modify,0.24572587997850978,24,0.0,0.0,0.45,0.0,0.0,0.20757973194122314,0.060482434444466694,0.333236400783062,0.0,0.0
assured,demand_spike,1212,78,modify,0.2533803973610505,24,0.0,0.0,0.45,0.0,0.0,0.21703572273254396,0.04682906210879656,0.32791740596294405,0.0,0.0
assured,demand_spike,1212,79,modify,0.28701797760212455,24,0.0,0.0,0.45,0.0,0.0,0.14585464000701906,0.02293276620948461,0.20387029498815537,0.0,0.0
assured,demand_spike,1212,80,modify,0.29277617108368686,24,0.0,0.0,0.45,0.0,0.0,0.14893842935562135,0.019148168554006497,0.19866640046238898,0.0,0.0
assured,demand_spike,1212,81,modify,0.27306951878458285,24,0.0,0.0,0.45,0.0,0.0,0.13901387453079225,0.014544898491458456,0.2154140867292881,0.0,0.0
assured,demand_spike,1212,82,modify,0.2636447593408611,24,0.0,0.0,0.45,0.0,0.0,0.1342763900756836,0.011607924112191312,0.22340859174728392,0.0,0.0
assured,demand_spike,1212,83,modify,0.08932644583916936,24,0.0,0.0,0.45,0.0,0.0,0.04550824165344239,0.003273775778926297,0.373204842209816,0.0,0.0
assured,demand_spike,1212,86,modify,0.06660092565116307,24,0.0,0.0,0.45,0.0,0.0,0.03393301963806152,0.0023022150956800353,0.3927380293607712,0.0,0.0
assured,demand_spike,1313,6,modify,0.015366256026154487,24,0.0,0.0,0.45,0.0,0.0,0.0,0.0,0.43646144270896914,0.0,0.00726837607301685
assured,demand_spike,1313,16,modify,0.04318613746463841,24,0.0,0.0,0.45,0.0,0.0,0.0,0.0,0.4121500074863434,0.0,0.020794723749806905
assured,demand_spike,1313,39,modify,0.5096316056357544,24,0.0,0.0,0.44999997726420576,0.0,0.0,0.0,0.0,0.10351151002992826,0.3477657917643134,0.1368541910759706
assured,demand_spike,1313,40,reject,0.0,24,0.0,0.0,0.45,0.0,0.0,0.0,0.0,0.45,0.0,0.0
assured,demand_spike,1313,41,reject,0.7023530443976086,24,0.0,0.0,0.45,0.0,0.0,0.0,0.0,0.0,0.5166973688567742,0.15434904596749463
assured,demand_spike,1313,42,reject,0.6097824930823609,24,0.0,0.0,0.25308839340253253,0.0,0.0,0.0,0.0,0.0,0.5339356315103226,0.1506442677247871
assured,demand_spike,1313,43,reject,0.6066422852533703,24,0.0,0.0,0.23326621822808358,0.0,0.0,0.0,0.0,0.0,0.5394489374206045,0.15032158064223577
assured,demand_spike,1313,44,modify,0.7186100795794366,24,0.0,0.0,0.45,0.0,0.0,0.0,0.0,0.01967370808124541,0.5601800992649701,0.13197721524606887
assured,demand_spike,1313,45,modify,0.637172609315902,24,0.0,0.0,0.45,0.0,0.0,0.0,0.0,0.0660024046897888,0.49212947019127645,0.1278411726622684
assured,demand_spike,1313,46,modify,0.6648911695400588,24,0.0,0.0,0.45,0.0,0.0,-0.168822717666626,-0.017994348328944778,0.07014888525009155,0.5064681529998779,0.1116176571173334
assured,demand_spike,1313,47,modify,0.6872213232997504,24,0.08688495967160019,0.00793942163210449,0.449999709354017,0.0,0.0,0.006254414372150241,0.0005715193164626152,0.032393231927425936,0.5286290831552736,0.10896650325586067
assured,demand_spike,1313,48,modify,0.7723295892413337,24,0.14610808832197944,0.01566838005041008,0.45,0.0,0.0,0.0015329177269055305,0.0001643874600442182,0.004721251130104076,0.5937049984931946,0.15681789198910398
assured,demand_spike,1313,49,modify,0.6016597835305064,24,0.04240583762588108,0.015503992590365981,0.45,0.0,0.0,0.007347072538975215,0.0026861622027159852,0.07796527147293092,0.45597519855605895,0.11949000127317365
assured,demand_spike,1313,50,modify,0.7243751450795419,24,0.13722809805609862,0.01281783038765002,0.45,0.0,0.0,0.006517575933548847,0.0006087760745667956,0.021372511982917786,0.5554141740792901,0.12360671889595733
assured,demand_spike,1313,51,modify,0.6949267448297946,24,0.13071052212255027,0.012209054313083157,0.45,0.0,0.0,0.009197509745060756,0.000859096071219697,0.03166446983814242,0.5261358722952294,0.1273003340094833
assured,demand_spike,1313,52,modify,0.49559621328969333,24,0.08314066593410711,0.006749142667204574,0.4068718004665367,0.0,0.0,0.02366178558664629,0.0019208021115881832,0.11579547981395799,0.38648575873633395,0.08920700867382608
assured,demand_spike,1313,53,modify,0.49593128273266374,24,0.09785122679084304,0.009429156130275314,0.45,0.0,0.0,0.02941563526494284,0.0028345543196637204,0.13527715802192686,0.3636204769734164,0.09975269267140031
assured,demand_spike,1313,54,modify,0.5308380017480911,24,0.06843559152590023,0.006594601810611644,0.45,0.0,0.0,0.017264951211479654,0.0016636880894973418,0.11352613270282746,0.3950384253572507,0.09937914709305017
assured,demand_spike,1313,55,modify,0.4270267682606232,24,0.05117064031442055,0.0049309137211144,0.45,0.0,0.0,-0.15654133167988765,-0.02190511814990302,0.07786101400852202,0.0,0.0
assured,demand_spike,1313,56,modify,0.4293014667327372,24,0.1924491921555192,0.02470028285140191,0.45,0.0,0.0,-0.0885771625953824,-0.013860181190227569,0.12776246666908264,0.0,0.0
assured,demand_spike,1313,57,modify,0.48029199752561197,24,0.2723900813978515,0.03720909637558224,0.45,0.0,0.0,-0.07348003934408959,-0.012784162040600365,0.1205232381820679,0.0,0.0
assured,demand_spike,1313,58,modify,0.14316998023346303,24,0.3300686476275361,0.04838200743777792,0.44439681530492997,0.0,0.0,0.2778759274668109,0.042337345279976506,0.31121639158705594,0.0,0.0
assured,demand_spike,1313,59,reject,0.4122391793959324,24,0.06082988943908144,0.006409457337247559,0.45,0.0,0.0,0.4,0.07182946292518687,0.225,0.0,0.0
assured,demand_spike,1313,71,modify,0.3038550705265897,24,0.0,0.0,0.45,0.0,0.0,0.15070685148239138,0.07026947675423768,0.19568218812346455,0.0,0.0
assured,demand_spike,1313,72,modify,0.32771172486856653,24,0.0,0.0,0.45,0.0,0.0,0.2623427152633667,0.1295956228303756,0.3024322226643562,0.0,0.0
assured,demand_spike,1313,73,modify,0.3436577740199846,24,0.0,0.0,0.45,0.0,0.0,0.1693434476852417,0.08809452443220243,0.16423293203115463,0.0,0.0
assured,demand_spike,1313,74,modify,0.3115712910249684,24,0.0,0.0,0.45,0.0,0.0,0.15305544137954713,0.08331624499829116,0.19171894267201423,0.0,0.0
assured,demand_spike,1313,75,modify,0.3758348606907828,24,0.0,0.0,0.45,0.0,0.0,0.18409428596496583,0.10417319843357312,0.13934089243412018,0.0,0.0
assured,demand_spike,1313,76,modify,0.3465911597636748,24,0.0,0.0,0.45,0.0,0.0,0.2800539255142212,0.1299208412197831,0.2924696668982506,0.0,0.0
assured,demand_spike,1313,77,modify,0.2818206093926967,24,0.0,0.0,0.45,0.0,0.0,0.14200501441955568,0.0428163021302023,0.21036653816699982,0.0,0.0
assured,demand_spike,1313,78,modify,0.27030112706486775,24,0.0,0.0,0.45,0.0,0.0,0.2302703380584717,0.05710525452669479,0.3204729348421097,0.0,0.0
assured,demand_spike,1313,79,modify,0.35992097171722465,24,0.0,0.0,0.45,0.0,0.0,0.18274933099746704,0.032275480210263385,0.14161050394177438,0.0,0.0
assured,demand_spike,1313,80,modify,0.23667150398423442,24,0.0,0.0,0.45,0.0,0.0,0.2048374891281128,0.02791244901756207,0.33477891236543655,0.0,0.0
assured,demand_spike,1313,81,modify,0.1402782932903659,24,0.0,0.0,0.45,0.0,0.0,0.07141889333724975,0.00724014386363498,0.329480617493391,0.0,0.0
assured,demand_spike,1313,82,modify,0.2413377330153537,24,0.0,0.0,0.45,0.0,0.0,0.12289849519729615,0.011346673620501421,0.24260878935456276,0.0,0.0
assured,demand_spike,1313,83,modify,0.013743042259124838,24,0.0,0.0,0.45,0.0,0.0,0.00631407912922314,0.0005646447341541289,0.4378063626587391,0.0,0.0
assured,demand_spike,1313,84,modify,0.18571763014442771,24,0.0,0.0,0.45,0.0,0.0,0.08471732240861252,0.007575956685158952,0.2849042147397995,0.0,0.0
assured,demand_spike,1414,38,modify,0.4331861905117624,24,0.0,0.0,0.45,0.0,0.0,-0.17577872276306153,-0.018170977733740126,0.05449787378311155,0.0,0.0
assured,demand_spike,1414,39,modify,0.4706524986237824,24,0.04042767862415393,0.0011606459983332376,0.4499997237811975,0.0,0.0,-0.2880280662677182,-0.030574201418603182,0.11440547834817666,0.0,0.0
assured,demand_spike,1414,40,reject,0.6161568545420079,24,0.41858562710027925,0.04399252418498998,0.45,0.0,0.0,0.0,0.0,0.0,0.0,0.0
assured,demand_spike,1414,41,modify,0.23320995270078174,24,0.0,0.0,0.0,0.0,0.0,0.0,0.0,0.0,0.2264089220710248,0.05590958813421426
assured,demand_spike,1414,42,modify,0.7369232456419647,24,0.41858562710027925,0.04399252418498998,0.45,0.0,0.0,-0.17520818744612598,-0.018226343859107062,0.018035200238227855,0.0,0.0
assured,demand_spike,1414,43,reject,0.5980750518978698,24,-5.481267227502544e-09,-4.25624205391013e-09,0.048510037198098134,0.0,0.0,0.0,0.0,0.0,0.5785323238753776,0.1436693920953035
assured,demand_spike,1414,44,modify,0.5613302575346529,24,-3.655470538817551e-09,4.171883846309644e-07,0.2208403620358483,0.0,0.0,-3.98983905503397e-10,4.55348905874531e-08,0.024104078859940342,0.510856700741691,0.12414477118761379
assured,demand_spike,1414,45,modify,0.49915869052352185,24,0.06448622167302878,0.04230366570343704,0.2639396393962466,0.0,0.0,0.013026579498189,0.008545578420531323,0.05331729175810243,0.43694703029625587,0.10043512575824184
assured,demand_spike,1414,46,modify,0.5477709921763134,24,0.0,0.0,0.0,0.0,0.0,0.0,0.0,0.0,0.5276600352365015,0.1470644317434938
assured,demand_spike,1414,47,modify,0.7200067692793439,24,0.22330419881480898,0.048761596896018444,0.3456231405899064,0.0,0.0,-0.14538782566083316,-0.012479168187460449,0.044590229112761615,0.5225915908813477,0.12248560297364221
assured,demand_spike,1414,48,modify,0.7520471005664383,24,0.3468007546801376,0.06225923333443563,0.435640431675254,0.0,0.0,0.026559775333236946,0.004768130482609052,0.033363572123829066,0.5321274400066399,0.12136327933781325
assured,demand_spike,1414,49,modify,0.5656389207561734,24,-2.708606267291567e-09,0.004516184413103742,0.3063742554720511,0.0,0.0,-3.938741010031551e-10,0.000656724492280819,0.04455165222859442,0.4904975752506442,0.10389199366354596
assured,demand_spike,1414,50,modify,0.6335549145686395,24,0.07753903537789969,0.04071785182128075,0.2765029257020868,0.0,0.0,0.004469660898934552,0.0023471402408761707,0.015938737300875305,0.5591522199916609,0.11847144542613426
assured,demand_spike,1414,51,modify,0.5717643863249484,24,0.06690429546082598,0.011013847131317513,0.362480565314047,0.0,0.0,0.010360525353330041,0.0017055592866758468,0.05613225669829397,0.4663777255284754,0.11078448559311121
assured,demand_spike,1414,52,modify,0.6362317797551412,24,0.03073390684541738,0.04056041920129895,0.23479083548603844,0.0,0.0,0.0008619616859969377,0.0011375555830028528,0.006584932577237607,0.5798091917620162,0.11869182496186029
assured,demand_spike,1414,53,modify,0.6560940452992519,24,0.0352626025506147,0.004652132899644292,0.3389929913397634,0.0,0.0,0.0013450480372819706,0.00017744981292460923,0.012930465271229541,0.5557392616296575,0.11885316639187617
assured,demand_spike,1414,54,modify,0.4950217348530404,24,0.19414348561216047,0.008482726096330793,0.4499960393579226,0.0,0.0,0.060738911647314014,0.002653869890451419,0.14078386194633202,0.356478680742826,0.06727957768699357
assured,demand_spike,1414,55,modify,0.7299041006835738,24,0.5905610671905792,0.04971219506277396,0.45,0.0,0.0,0.12043313043966114,0.010137808949916567,0.09176850914955137,0.4116137971589172,0.11143548894447666
assured,demand_spike,1414,56,reject,0.5101378095428645,24,0.24022002107817614,0.0059108993792958,0.44999998607435565,0.0,0.0,0.0,0.0,0.0,0.0,0.0
assured,demand_spike,1414,57,modify,0.37092258968221103,24,0.47012793675091824,0.039574386112857456,0.45,0.0,0.0,0.23839232226559223,0.032280236198868356,0.1604676738381386,0.0,0.0
assured,demand_spike,1414,58,modify,0.14623228282271167,24,0.2317356144853262,0.007294149913989005,0.45,0.0,0.0,0.1647933793584143,0.005187064649267577,0.3200070083141327,0.0,0.0
assured,demand_spike,1414,70,modify,0.07575148448996827,24,0.0,0.0,0.45,0.0,0.0,0.03769174814224244,0.016493809820741813,0.3863951750099659,0.0,0.0
assured,demand_spike,1414,71,modify,0.27488925389264823,24,0.0,0.0,0.45,0.0,0.0,0.1363403081893921,0.06357084646612424,0.21992572993040085,0.0,0.0
assured,demand_spike,1414,72,modify,0.2659722704850292,24,0.0,0.0,0.45,0.0,0.0,0.21291849613189698,0.10518037480331442,0.33023334592580794,0.0,0.0
assured,demand_spike,1414,73,modify,0.2744361807864055,24,0.0,0.0,0.45,0.0,0.0,0.13523328304290771,0.07035000125433627,0.22179383486509321,0.0,0.0
assured,demand_spike,1414,74,modify,0.28361589920708485,24,0.0,0.0,0.45,0.0,0.0,0.13932271003723146,0.07584078644092568,0.21489292681217192,0.0,0.0
assured,demand_spike,1414,75,modify,0.33508425131093333,24,0.0,0.0,0.45,0.0,0.0,0.16413351297378542,0.09287802131931189,0.1730246968567371,0.0,0.0
assured,demand_spike,1414,76,modify,0.3115975782927359,24,0.0,0.0,0.45,0.0,0.0,0.24201035499572754,0.14139461603362077,0.31386917531490327,0.0,0.0
assured,demand_spike,1414,77,modify,0.2890846157307681,24,0.0,0.0,0.45,0.0,0.0,0.23573992252349854,0.10204342715060256,0.3173962935805321,0.0,0.0
assured,demand_spike,1414,78,modify,0.27140671500869357,24,0.0,0.0,0.45,0.0,0.0,0.22859644889831543,0.06979281516280114,0.3214144974946976,0.0,0.0
assured,demand_spike,1414,79,modify,0.22296479495855337,24,0.0,0.0,0.45,0.0,0.0,0.19091296195983887,0.04163222293520963,0.34261145889759065,0.0,0.0
assured,demand_spike,1414,80,modify,0.2406315640003515,24,0.0,0.0,0.45,0.0,0.0,0.20756661891937256,0.03446204667770594,0.33324377685785295,0.0,0.0
assured,demand_spike,1414,81,modify,0.2066609527527681,24,0.0,0.0,0.45,0.0,0.0,0.10514988899230958,0.012928314486457943,0.2725595623254776,0.0,0.0
assured,demand_spike,1414,82,modify,0.1184161552664135,24,0.0,0.0,0.45,0.0,0.0,0.060279572010040285,0.006437309554339009,0.34827822223305704,0.0,0.0
assured,demand_spike,1414,83,modify,0.12900847464504578,24,0.0,0.0,0.45,0.0,0.0,0.06568565368652345,0.006486081257230399,0.3391554594039917,0.0,0.0
assured,demand_spike,1414,84,modify,0.13859411347690617,24,0.0,0.0,0.45,0.0,0.0,0.07058030366897583,0.006397162866115029,0.3308957375586033,0.0,0.0
assured,demand_spike,1414,85,modify,0.0007287825712626965,24,0.0,0.0,0.45,0.0,0.0,0.00037120580673217775,3.0676523859355386e-05,0.4493735902011395,0.0,0.0
assured,demand_spike,1515,7,modify,0.011982730900636547,24,0.0,0.0,0.45,0.0,0.0,0.0,0.0,0.43944590985774995,0.0,0.005674241897058148
assured,demand_spike,1515,38,modify,0.15258334538907978,24,0.0,0.0,0.45,0.0,0.0,-0.06191542148590088,-0.006400454659759667,0.31069030165672307,0.0,0.0
assured,demand_spike,1515,39,modify,0.3258960280079641,24,1.655562709598484e-08,1.027363338969681e-07,0.3105886854486248,0.0,0.0,-0.2565540254349754,-0.026548651064494007,0.11138173707263338,0.0,0.0
assured,demand_spike,1515,40,modify,0.08550384707159633,24,-3.6151697448894214e-08,-2.480523921304352e-09,0.3638986352581135,0.0,0.0,-3.1083851523741135e-08,-2.132797149564302e-09,0.3128863081476474,0.0634105144131264,0.026225121709544094
assured,demand_spike,1515,41,reject,0.5347838581492919,24,0.287418703899266,0.0297365698409885,0.45,0.0,0.0,0.0,0.0,0.0,0.0,0.0
assured,demand_spike,1515,42,modify,0.4803037892674251,24,0.24284519238331176,0.029487103270360325,0.4234552065658391,0.0,0.0,0.08287844932453545,0.010063387996837453,0.1445172149967146,0.3374667021875285,0.11417053980272068
assured,demand_spike,1515,43,reject,0.7118737425172265,24,0.021158749426605592,-0.001140729449725401,0.44999998816119,0.0,0.0,0.0,0.0,0.0,0.5342053611962161,0.1357934978879927
assured,demand_spike,1515,44,reject,0.7462691022550498,24,0.17510622285528138,0.019021560520013556,0.41967601085175654,0.0,0.0,0.0,0.0,0.0,0.5804759870902947,0.11319557526865755
assured,demand_spike,1515,45,reject,0.7325154709261275,24,0.16309807024372838,0.018850217089902036,0.40656205490190583,0.0,0.0,0.0,0.0,0.0,0.5688994704654865,0.1438168695341072
assured,demand_spike,1515,46,modify,0.5998909306914634,24,0.0,0.0,0.0,0.0,0.0,0.0,0.0,0.0,0.5837100784192221,0.13838956997438706
assured,demand_spike,1515,47,modify,0.46324383117471546,24,0.0,0.0,0.0,0.0,0.0,0.0,0.0,0.0,0.4480404561057017,0.11770555133052577
assured,demand_spike,1515,48,modify,0.4268701131848932,24,0.0,0.0,0.0,0.0,0.0,0.0,0.0,0.0,0.41158078137611914,0.11322258578705366
assured,demand_spike,1515,49,modify,0.5470536740833378,24,0.0,0.0,0.0,0.0,0.0,-0.1702190637588501,-0.018924453542166476,0.0,0.5106571912765503,0.09573030197807995
assured,demand_spike,1515,50,modify,0.6671213390640547,24,0.09563296872571064,0.022613171560416295,0.3067970569110933,0.0,0.0,0.002361927780756598,0.0005584964979258554,0.007577224689646833,0.5771769201998034,0.11488811974085589
assured,demand_spike,1515,51,modify,0.6149644771226557,24,0.13328504591233134,0.016694995147455354,0.39367502609528726,0.0,0.0,0.018145067172586585,0.002272811674580799,0.053593857763812924,0.4890919402464976,0.09924699982691156
assured,demand_spike,1515,52,reject,0.827474447033706,24,0.33765596466375003,0.03392119299344956,0.45,0.0,0.0,0.0,0.0,0.0,0.5962528558266226,0.10739783333581658
assured,demand_spike,1515,53,modify,0.6459238891553708,24,0.33765596466375003,0.03392119299344956,0.45,0.0,0.0,0.06083161085236666,0.006111193130796427,0.08107134997844695,0.441664054703294,0.09293581442301553
assured,demand_spike,1515,54,modify,0.5928095723168734,24,0.07788789690583535,0.027809967082616308,0.4499999824315787,0.0,0.0,0.014059895891197105,0.005020102704684917,0.08123152832946129,0.4484875093979772,0.09848136154501012
assured,demand_spike,1515,55,modify,0.5170630252333603,24,0.10006612237571509,0.018680608312793442,0.3238180026648361,0.0,0.0,-0.3306620466894414,-0.04481791394829748,0.044899817334602854,0.0,0.0
assured,demand_spike,1515,56,modify,0.5680108252858188,24,0.5611869550574076,0.06323806449630648,0.45,0.0,0.0,0.19620267634015132,0.022109347676260924,0.15732939541339874,0.31009048578916587,0.07693510523688186
assured,demand_spike,1515,57,modify,0.35438907996638336,24,0.18411148457356863,0.0283906196745578,0.3579211846031712,0.0,0.0,0.022407836120840657,0.003455364854126737,0.043561862897043946,0.0,0.0
assured,demand_spike,1515,58,modify,0.32290494122342966,24,0.34257644259641507,0.03767335196591864,0.45,0.0,0.0,0.2169271504554952,0.033835259067117644,0.1525691248476505,0.0,0.0
assured,demand_spike,1515,70,modify,0.10545424345423873,24,0.0,0.0,0.45,0.0,0.0,0.05247098207473755,0.02296116370570614,0.3614552177488804,0.0,0.0
assured,demand_spike,1515,71,modify,0.2986987041254943,24,0.0,0.0,0.45,0.0,0.0,0.14814938306808473,0.06907701625545395,0.19999791607260703,0.0,0.0
assured,demand_spike,1515,72,modify,0.28138582559778846,24,0.0,0.0,0.45,0.0,0.0,0.13910766839981079,0.06871829815688507,0.21525580957531928,0.0,0.0
assured,demand_spike,1515,73,modify,0.3874039684336451,24,0.0,0.0,0.45,0.0,0.0,0.19090015888214112,0.09930858820125305,0.12785598188638686,0.0,0.0
assured,demand_spike,1515,74,modify,0.3315843543419485,24,0.0,0.0,0.45,0.0,0.0,0.26110405921936036,0.1421328740219201,0.3031289666891098,0.0,0.0
assured,demand_spike,1515,75,modify,0.3170389091692607,24,0.0,0.0,0.45,0.0,0.0,0.24782178401947022,0.14023459635099905,0.31060024648904805,0.0,0.0
assured,demand_spike,1515,76,modify,0.3090508872551912,24,0.0,0.0,0.45,0.0,0.0,0.24986813068389893,0.11542891402288259,0.3094491764903069,0.0,0.0
assured,demand_spike,1515,77,modify,0.25090854454216394,24,0.0,0.0,0.45,0.0,0.0,0.21075656414031985,0.06695170932861357,0.3314494326710701,0.0,0.0
assured,demand_spike,1515,78,modify,0.3447616570017143,24,0.0,0.0,0.45,0.0,0.0,0.29442572593688965,0.06889077654995254,0.2843855291604996,0.0,0.0
assured,demand_spike,1515,79,modify,0.22301395141498784,24,0.0,0.0,0.45,0.0,0.0,0.1927790641784668,0.028506255499337038,0.34156177639961244,0.0,0.0
assured,demand_spike,1515,80,modify,0.2898099621170561,24,0.0,0.0,0.45,0.0,0.0,0.14750454425811768,0.01655550586793189,0.20108608156442642,0.0,0.0
assured,demand_spike,1515,81,modify,0.2978372829594803,24,0.0,0.0,0.45,0.0,0.0,0.1516730785369873,0.013884590055965708,0.19405167996883393,0.0,0.0
assured,demand_spike,1515,82,modify,0.2531381772024884,24,0.0,0.0,0.45,0.0,0.0,0.12895824909210205,0.009567043676826297,0.23238295465707778,0.0,0.0
assured,demand_spike,1515,83,modify,0.10626688726717443,24,0.0,0.0,0.45,0.0,0.0,0.052955751521185576,0.003395163494609173,0.3579303927719593,0.0,0.0
assured,demand_spike,1515,84,modify,0.11974417535446089,24,0.0,0.0,0.45,0.0,0.0,0.05653870513568237,0.0036248781708318476,0.34450638592243193,0.0,0.0
assured,demand_spike,1515,85,modify,0.038450040071939064,24,0.0,0.0,0.45,0.0,0.0,0.01702461523322233,0.001091502820547822,0.4155416674911976,0.0,0.0
assured,demand_spike,1616,7,modify,0.010828082343011877,24,0.0,0.0,0.45,0.0,0.0,0.0,0.0,0.4404740005731583,0.0,0.005148077519507307
assured,demand_spike,1616,8,modify,0.04721056742151878,24,0.0,0.0,0.45,0.0,0.0,0.0,0.0,0.4087203472852707,0.0,0.022909123684966868
assured,demand_spike,1616,16,modify,0.08856719593828316,24,0.0,0.0,0.45,0.0,0.0,0.0,0.0,0.372889307141304,0.0,0.04356706603871891
assured,demand_spike,1616,38,modify,0.3911232712764522,24,0.0,0.0,0.44999997726420576,0.0,0.0,-0.15871039628982545,-0.016406553829514583,0.09290160365413308,0.0,0.0
assured,demand_spike,1616,39,modify,0.5604910989791456,24,0.1432361326515677,0.014806914831136811,0.45,0.0,0.0,-0.19601626578221854,-0.02028430647412898,0.005222877860069253,0.0,0.0
assured,demand_spike,1616,40,reject,0.5532509772404729,24,0.32014081252001986,0.0331135014240383,0.45,0.0,0.0,0.0,0.0,0.0,0.0,0.0
assured,demand_spike,1616,41,reject,0.7598853300421623,24,0.32014081252001986,0.0331135014240383,0.45,0.0,0.0,0.0,0.0,0.0,0.49739835407491817,0.154706006216016
assured,demand_spike,1616,42,modify,0.5654760140379966,24,0.21890053091985054,0.03249802970252278,0.3715789915646856,0.0,0.0,0.04537899499132264,0.006736977388321644,0.07702987802833833,0.4304082377188306,0.13030478050974512
assured,demand_spike,1616,43,modify,0.5926505670816331,24,0.2747618175286967,0.02637652403571667,0.45,0.0,0.0,0.06266380338609487,0.006015585902907079,0.10262965857982637,0.4159459806918605,0.11026035690680631
assured,demand_spike,1616,44,modify,0.7258432533382224,24,0.21209801414260135,0.02036093813280963,0.45,0.0,0.0,0.015246069394930423,0.0014635887892377464,0.03234698474407194,0.5460340328292599,0.12309924570568313
assured,demand_spike,1616,45,modify,0.6768319345298562,24,0.18790460077498014,0.017666240185793693,0.4499996520903492,0.0,0.0,0.021325503210700314,0.0020049613487340967,0.051070963594759156,0.5068447896059689,0.11862485803471018
assured,demand_spike,1616,46,modify,0.6119268852556594,24,0.0,0.0,0.0,0.0,0.0,0.0,0.0,0.0,0.5959695339202881,0.13883381265933611
assured,demand_spike,1616,47,modify,0.5873155480910277,24,0.0,0.0,0.0,0.0,0.0,0.0,0.0,0.0,0.5759585738182068,0.11494030744156476
assured,demand_spike,1616,48,modify,0.6198264362591025,24,0.026821786890083205,0.011270565217142288,0.28874866615919204,0.0,0.0,-0.16938856523430043,-0.017381032068898045,0.03896896801231098,0.5190251469612122,0.11440451911261319
assured,demand_spike,1616,49,modify,0.7169617835479568,24,0.3261972473720786,0.03255995640015504,0.4484487113767118,0.0,0.0,0.035646190380112464,0.0035580876722855967,0.04900558870509547,0.5103043332346314,0.09385016351459528
assured,demand_spike,1616,50,modify,0.6066813970627158,24,-0.0007494618584721776,0.012968038689643325,0.21430282230741937,0.0,0.0,-5.081185022676269e-05,0.0008792042345907875,0.014529255608090902,0.5593213319778442,0.12314974281098667
assured,demand_spike,1616,51,modify,0.4170701194021764,24,0.04363317580160848,0.020195367837364173,0.2733685790934559,0.0,0.0,0.0137558987307109,0.006366839674090297,0.08618282811376954,0.36163827487673417,0.08392173375331656
assured,demand_spike,1616,52,reject,0.7286230925686631,24,0.0354988629670299,-0.019677580395810846,0.4499984756224933,0.0,0.0,0.0,0.0,0.0,0.558279013702065,0.12276053673481065
assured,demand_spike,1616,53,modify,0.5742476174464456,24,0.2618319011379134,0.021359722821204755,0.44505273400410494,0.0,0.0,0.06043745964776828,0.0049303670808780245,0.10272948611534649,0.40308314582777577,0.0962779977680537
assured,demand_spike,1616,54,modify,0.27759943259758363,24,-5.649317339679566e-09,3.0882773789949355e-06,0.15865304413403997,0.0,0.0,-2.768981436334613e-09,1.5137019605229208e-06,0.07776290613726625,0.25734483128603286,0.06551235273784069
assured,demand_spike,1616,55,reject,0.6161971867078406,24,0.2186059330961711,0.016842757073212956,0.45,0.0,0.0,-0.2,-0.027519903840457566,0.0,0.0,0.0
assured,demand_spike,1616,56,modify,0.5105397664821141,24,0.30880413426553466,0.04112738420890698,0.4060785843114682,0.0,0.0,-0.08792420816092023,-0.013668888920503316,0.08944813105989574,0.0,0.0
assured,demand_spike,1616,57,modify,0.04467525180919607,24,0.17303242726069995,0.010116943173738333,0.4282494441984345,0.0,0.0,0.15630009652804247,0.009138629213364623,0.38683748778168237,0.0,0.0
assured,demand_spike,1616,58,modify,0.4588190730199496,24,0.32215743443335926,0.044877013326615624,0.45,0.0,0.0,0.05594808115747296,0.007793651535991049,0.07815010249614718,0.0,0.0
assured,demand_spike,1616,71,modify,0.31654676066001625,24,0.0,0.0,0.45,0.0,0.0,0.15700170993804932,0.07320455505738142,0.18505961447954178,0.0,0.0
assured,demand_spike,1616,72,modify,0.2631559950805859,24,0.0,0.0,0.45,0.0,0.0,0.2106639862060547,0.10406666132465549,0.33150150775909426,0.0,0.0
assured,demand_spike,1616,73,modify,0.31459722556099945,24,0.0,0.0,0.45,0.0,0.0,0.15502334833145143,0.08064503430053326,0.18839809969067572,0.0,0.0
assured,demand_spike,1616,74,modify,0.34898837149645184,24,0.0,0.0,0.45,0.0,0.0,0.1714361071586609,0.09332182232034637,0.16070156916975975,0.0,0.0
assured,demand_spike,1616,75,modify,0.28083393828704406,24,0.0,0.0,0.45,0.0,0.0,0.1375602126121521,0.0778410217888964,0.21786714121699333,0.0,0.0
assured,demand_spike,1616,76,modify,0.34601221085679645,24,0.0,0.0,0.45,0.0,0.0,0.16905810832977297,0.098772245985427,0.16471444219350811,0.0,0.0
assured,demand_spike,1616,77,modify,0.2714999892973185,24,0.0,0.0,0.45,0.0,0.0,0.21828646659851075,0.10481806683786471,0.32721386253833773,0.0,0.0
assured,demand_spike,1616,78,modify,0.25882776199493374,24,0.0,0.0,0.45,0.0,0.0,0.21581563949584961,0.07535488803287595,0.3286037027835846,0.0,0.0
assured,demand_spike,1616,79,modify,0.2850726132488839,24,0.0,0.0,0.45,0.0,0.0,0.14411829710006716,0.0367457889512498,0.2068003736436367,0.0,0.0
assured,demand_spike,1616,80,modify,0.24005686312751753,24,0.0,0.0,0.45,0.0,0.0,0.20583927631378174,0.043028105955136786,0.3342154070734978,0.0,0.0
assured,demand_spike,1616,81,modify,0.27814383184417696,24,0.0,0.0,0.45,0.0,0.0,0.14135632514953614,0.021945889200197057,0.21146120131015778,0.0,0.0
assured,demand_spike,1616,82,modify,0.06937269330839864,24,0.0,0.0,0.45,0.0,0.0,0.03529151678085327,0.004510958156604249,0.3904455654323101,0.0,0.0
assured,demand_spike,1616,83,modify,0.13824376897035306,24,0.0,0.0,0.45,0.0,0.0,0.07034068107604981,0.008594309006351367,0.33130010068416593,0.0,0.0
assured,demand_spike,1616,84,modify,0.05725003945903239,24,0.0,0.0,0.45,0.0,0.0,0.029139220714569092,0.003247225696272971,0.40082756504416467,0.0,0.0
assured,demand_spike,1616,85,modify,0.18957645122183364,24,0.0,0.0,0.45,0.0,0.0,0.09650204181671143,0.010362320177278284,0.28715280443429947,0.0,0.0
assured,demand_spike,1616,86,modify,0.07827151490105558,24,0.0,0.0,0.45,0.0,0.0,0.03985685110092163,0.003763538327531309,0.38274156376719476,0.0,0.0
assured,demand_spike,1717,14,modify,0.012073754709502968,24,0.0,0.0,0.45,0.0,0.0,0.0,0.0,0.43937418758869173,0.0,0.0057330326516540995
assured,demand_spike,1717,37,modify,0.2162543814723589,24,0.0,0.0,0.45,0.0,0.0,-0.08775203227996826,-0.009064562445365893,0.25255792737007143,0.0,0.0
assured,demand_spike,1717,38,modify,0.23721636167224677,24,0.0,0.0,0.0,0.0,0.0,-0.23595895767211916,-0.02439205893944299,0.0,0.0,0.0
assured,demand_spike,1717,39,modify,0.3189321743476987,24,-1.6008902449653363e-05,0.013709225628693025,0.1855847927061164,0.0,0.0,-0.2870912442789878,-0.02583838390494317,0.052387466727585014,0.0,0.0
assured,demand_spike,1717,40,reject,0.02992520985156994,24,-8.137199288812128e-09,3.768245481174285e-09,0.029925209851568598,0.0,0.0,0.0,0.0,0.0,0.0,0.0
assured,demand_spike,1717,41,reject,0.6590592707354695,24,0.49334204468435944,0.03251919328872937,0.4357926701504681,0.0,0.0,0.0,0.0,0.0,0.0,0.0
assured,demand_spike,1717,42,modify,0.36290750071973443,24,0.00964598060205514,0.021077808312335626,0.22186925696159043,0.0,0.0,0.0037111192108038897,0.008109311284835559,0.08536024441325493,0.3214915061410994,0.09750359252850249
assured,demand_spike,1717,43,modify,0.5181926887778274,24,0.039207660789959776,0.040052076230083306,0.24179604320828693,0.0,0.0,0.007604285980958289,0.007768059497767543,0.04689609695079813,0.4619002680874538,0.12306414976210542
assured,demand_spike,1717,44,reject,0.6024312839183548,24,-0.000249812347812989,-0.001022925713183483,0.09248568688120813,0.0,0.0,0.0,0.0,0.0,0.5746289281620842,0.15546811795895316
assured,demand_spike,1717,45,reject,0.6658515638068124,24,0.0955786014118443,0.0003665691660828989,0.29104474420067816,0.0,0.0,0.0,0.0,0.0,0.5757104483742254,0.1344371158166154
assured,demand_spike,1717,46,modify,0.6241921167507815,24,0.038720115047297686,0.03513216382566635,0.22060036545014988,0.0,0.0,0.0006901817229464299,0.00062622689344842,0.00393217685750713,0.5633927799737481,0.15040722930441602
assured,demand_spike,1717,47,modify,0.5417381834943376,24,-2.307592923930531e-09,-6.362449827088168e-07,0.0454396340470189,0.0,0.0,-1.9720498226673043e-10,-5.437296987315846e-08,0.003883233534615761,0.5296468315369344,0.10596017589049672
assured,demand_spike,1717,48,modify,0.5240058264720999,24,0.0,0.0,0.0,0.0,0.0,-0.1621073365211487,-0.017711088769179272,0.0,0.486322009563446,0.10714727234750002
assured,demand_spike,1717,49,modify,0.38781574404677505,24,4.988715014891996e-07,-5.215800248538679e-09,0.008354843020199926,0.0,0.0,1.4597100853154428e-07,-1.5261557741933938e-09,0.0024446472852042034,0.3785864362586393,0.08389535861885601
assured,demand_spike,1717,50,modify,0.6254988264261208,24,0.0579609068438538,0.03862338052633655,0.2569751058061686,0.0,0.0,0.0021575123078370964,0.0014377003983105027,0.009565532766389773,0.5567469545455883,0.1247931087224573
assured,demand_spike,1717,51,modify,0.74151072647842,24,0.46402189820952394,0.0515567327448815,0.43745687115281306,0.0,0.0,0.0640466159067356,0.0071161173045041215,0.06037997842471543,0.4835474360560261,0.1089855806187475
assured,demand_spike,1717,52,modify,0.4976811520541064,24,0.0,0.0,0.0,0.0,0.0,0.0,0.0,0.0,0.4853837862551599,0.10995048499441845
assured,demand_spike,1717,53,modify,0.4956305896257123,24,0.16258764569461556,0.00863336247108599,0.4499999448166745,0.0,0.0,0.04963653476762257,0.002635687321916485,0.13738090499369854,0.3608997262944841,0.06983179295007018
assured,demand_spike,1717,54,modify,0.5940371745914157,24,0.5054260664461319,0.01814051549570909,0.4389807575192904,0.0,0.0,0.15162384936115592,0.0054420121387788786,0.13169077867028633,0.3503539932775094,0.10182265115524763
assured,demand_spike,1717,55,modify,0.6373978037120391,24,0.32998197045159217,0.03636292326653905,0.41684305014164724,0.0,0.0,-0.1687851366871645,-0.02375733487139762,0.02455121034021185,0.0,0.0
assured,demand_spike,1717,56,modify,0.6417894854095526,24,0.304388070188218,0.05583520329034124,0.4032089123686412,0.0,0.0,-0.19262575315331293,-0.027906358488200292,0.005894988851502803,0.0,0.0
assured,demand_spike,1717,57,modify,0.2781886008815095,24,0.08867851524761697,0.029165796721071124,0.35778316481191896,0.0,0.0,-0.08452718984399621,-0.00697646406203176,0.14311500608870473,0.0,0.0
assured,demand_spike,1717,58,modify,0.6078879393870851,24,0.8,0.08928567757060564,0.45,0.0,0.0,0.2719220757484435,0.04002702951146902,0.1529561676084995,0.0,0.0
assured,demand_spike,1717,59,modify,0.15492854167439982,24,0.5486176837195835,0.04925864805913656,0.45,0.0,0.0,0.4635269745640543,0.0621815156150202,0.3211767733097076,0.0,0.0
assured,demand_spike,1717,70,modify,0.04217525261430166,24,0.0,0.0,0.45,0.0,0.0,0.020985186100006104,0.009183062225719914,0.4145874984562397,0.0,0.0
assured,demand_spike,1717,71,modify,0.25917295501921234,24,0.0,0.0,0.45,0.0,0.0,0.1285452961921692,0.05993629761217344,0.23307981267571448,0.0,0.0
assured,demand_spike,1717,72,modify,0.27629787899641406,24,0.0,0.0,0.45,0.0,0.0,0.22118444442749025,0.10926370037450735,0.32558375000953677,0.0,0.0
assured,demand_spike,1717,73,modify,0.24893086131460307,24,0.0,0.0,0.45,0.0,0.0,0.19759984016418458,0.10279384401986588,0.3388500899076462,0.0,0.0
assured,demand_spike,1717,74,modify,0.26483871120189534,24,0.0,0.0,0.45,0.0,0.0,0.2085456132888794,0.11352250696535525,0.33269309252500534,0.0,0.0
assured,demand_spike,1717,75,modify,0.3474611842640029,24,0.0,0.0,0.45,0.0,0.0,0.27160215377807617,0.1536911638088203,0.29722378849983216,0.0,0.0
assured,demand_spike,1717,76,modify,0.22542243172117607,24,0.0,0.0,0.45,0.0,0.0,0.18353345394134524,0.0804533939216703,0.3467624321579933,0.0,0.0
assured,demand_spike,1717,77,modify,0.26482085788529397,24,0.0,0.0,0.45,0.0,0.0,0.2214148998260498,0.07479206103696556,0.325454118847847,0.0,0.0
assured,demand_spike,1717,78,modify,0.37359523552839285,24,0.0,0.0,0.45,0.0,0.0,0.18899954557418824,0.04617284944382067,0.13106326684355735,0.0,0.0
assured,demand_spike,1717,79,modify,0.27218157010835936,24,0.0,0.0,0.45,0.0,0.0,0.2341507911682129,0.04368909943061643,0.3182901799678802,0.0,0.0
assured,demand_spike,1717,80,modify,0.36550002482870103,24,0.0,0.0,0.45,0.0,0.0,0.1859124779701233,0.024535602585774554,0.13627269342541692,0.0,0.0
assured,demand_spike,1717,81,modify,0.2982938106125743,24,0.0,0.0,0.45,0.0,0.0,0.1518684983253479,0.01538495299022862,0.19372190907597542,0.0,0.0
assured,demand_spike,1717,82,modify,0.35187510480616363,24,0.0,0.0,0.45,0.0,0.0,0.1792299509048462,0.014709984126433281,0.14754945784807205,0.0,0.0
assured,demand_spike,1717,83,modify,0.03799228337530331,24,0.0,0.0,0.45,0.0,0.0,0.019330169050286897,0.0012334806728690033,0.41731610968708993,0.0,0.0
assured,demand_spike,1717,84,modify,0.02556733103744222,24,0.0,0.0,0.45,0.0,0.0,0.012773169166823384,0.0008150708489706176,0.42786698788404465,0.0,0.0
assured,demand_spike,1717,85,modify,0.0014871995660774371,24,0.0,0.0,0.45,0.0,0.0,0.0007338043949745289,4.682491583559016e-05,0.4487072892487049,0.0,0.0
assured,demand_spike,1818,11,modify,0.2000319200842261,24,0.0,0.0,0.45,0.0,0.0,0.0,0.0,0.27751719653606416,0.0,0.10130375887302255
assured,demand_spike,1818,17,modify,0.08965866419854272,24,0.0,0.0,0.45,0.0,0.0,0.0,0.0,0.37188275456428527,0.0,0.04400422742650247
assured,demand_spike,1818,38,modify,0.28947145634973687,24,0.0,0.0,0.45,0.0,0.0,-0.11746201515197754,-0.012142537096277934,0.18571046590805051,0.0,0.0
assured,demand_spike,1818,39,modify,0.2707129713766787,24,0.0,0.0,0.0,0.0,0.0,-0.2692750453948975,-0.02786508207715134,0.0,0.0,0.0
assured,demand_spike,1818,40,reject,0.6928459627396172,24,0.27175851991769234,0.03570644334804693,0.39615350040605213,0.0,0.0,0.0,0.0,0.0,0.4752614593412203,0.14865003942498856
assured,demand_spike,1818,41,reject,0.6684086593303039,24,0.21385492728005795,0.03456180435194806,0.3510135657371492,0.0,0.0,0.0,0.0,0.0,0.5006396317201804,0.161217627588571
assured,demand_spike,1818,42,reject,0.7821114899927566,24,0.33079982565622157,0.0357762297544249,0.4472250452736953,0.0,0.0,0.0,0.0,0.0,0.5326807701483779,0.13126642945983563
assured,demand_spike,1818,43,modify,0.5618225338622226,24,0.12936421209304275,0.030757192910358555,0.30502385542950755,0.0,0.0,0.02076049502971164,0.004935944340496018,0.04895052605455735,0.4698932091350583,0.12965291091708725
assured,demand_spike,1818,44,reject,0.7549668988464183,24,0.20453122128196174,0.031163374288882894,0.38238386188817475,0.0,0.0,0.0,0.0,0.0,0.6,0.14475297629100248
assured,demand_spike,1818,45,modify,0.43646840357205274,24,-4.333989832333107e-09,-6.916097190630081e-05,0.14950536472235051,0.0,0.0,-1.1489159151824784e-09,-1.8334178068401622e-05,0.039633017053526745,0.40576849946138954,0.11740807806947
assured,demand_spike,1818,46,modify,0.4314356101731005,24,0.0,0.0,0.0,0.0,0.0,0.0,0.0,0.0,0.4144081623475134,0.12001066913067587
assured,demand_spike,1818,47,reject,0.6261015302982054,24,0.0002395914306251694,-0.0011159726877348628,0.1359644961406737,0.0,0.0,0.0,0.0,0.0,0.5967701519058262,0.13183650869987054
assured,demand_spike,1818,48,modify,0.7021349717065218,24,0.15545774653122832,0.02820333313166558,0.32593171277673183,0.0,0.0,-0.164695091110137,-0.016879542041498746,0.032372312985697094,0.540406572818756,0.10122661832855388
assured,demand_spike,1818,49,modify,0.5369243836661242,24,0.0,0.0,0.0,0.0,0.0,-0.16558989286422732,-0.018409795973269562,0.0,0.49676967859268184,0.11725505106223424
assured,demand_spike,1818,50,modify,0.5071629617216081,24,-0.00017632090771007244,0.000550192980144685,0.14655763460905358,0.0,0.0,-2.776823590900252e-05,8.664819542136462e-05,0.023080909830508506,0.48157442861091115,0.10026764655963302
assured,demand_spike,1818,51,modify,0.41765812069993113,24,0.0026640479906265423,9.120541644550764e-06,0.12251045232384654,0.0,0.0,0.0007517531600374884,2.573675859695017e-06,0.034570555784324955,0.3970587730161578,0.09510811868468023
assured,demand_spike,1818,52,modify,0.5548511522412998,24,0.0,0.0,0.0,0.0,0.0,0.0,0.0,0.0,0.5362731035711945,0.142376119941572
assured,demand_spike,1818,53,reject,0.9369076024733565,24,0.6185068999920209,0.06033375046010629,0.4483521466435482,0.0,0.0,0.0,0.0,0.0,0.5244004907541489,0.12485746548357009
assured,demand_spike,1818,54,modify,0.6145002094155765,24,0.21377053410768337,0.02246799159265993,0.44999898733152094,0.0,0.0,0.038586479850368255,0.004055566911909846,0.08122670848830404,0.4489451231032304,0.0950648195797958
assured,demand_spike,1818,55,modify,0.42338574804157525,24,0.20709521316556312,0.04772629771213893,0.3496851593013211,0.0,0.0,0.07499268340335666,0.017282500544710495,0.12662691735598722,0.32232582353722194,0.08502160119926364
assured,demand_spike,1818,56,modify,0.6668821212032852,24,0.5053001653911817,0.03905274410346288,0.44874962921148603,0.0,0.0,0.007497814594118191,0.0005794778128612454,0.006658698629956383,0.0,0.0
assured,demand_spike,1818,57,modify,0.5904936618254527,24,0.5045482310126307,0.04102933897679626,0.45,0.0,0.0,0.06467372764010015,0.005259200471108658,0.05768165588378904,0.0,0.0
assured,demand_spike,1818,59,reject,0.2339253732545044,24,0.3509626719995302,0.030702577377730928,0.45,0.0,0.0,0.4,0.07182946292518687,0.225,0.0,0.0
assured,demand_spike,1818,70,modify,0.12020569310440489,24,0.0,0.0,0.45,0.0,0.0,0.05981087684631348,0.026173082346618186,0.349069145321846,0.0,0.0
assured,demand_spike,1818,71,modify,0.1722949253734386,24,0.0,0.0,0.45,0.0,0.0,0.08545529842376709,0.039844897873252696,0.30579418390989305,0.0,0.0
assured,demand_spike,1818,72,modify,0.3840934868619616,24,0.0,0.0,0.45,0.0,0.0,0.18988287448883057,0.09380092509715009,0.12957264930009843,0.0,0.0
assured,demand_spike,1818,73,modify,0.26148581141364646,24,0.0,0.0,0.45,0.0,0.0,0.12885175943374635,0.06703025493296184,0.23256265595555306,0.0,0.0
assured,demand_spike,1818,74,modify,0.2429802996081705,24,0.0,0.0,0.45,0.0,0.0,0.19133334159851076,0.1041529489006033,0.3423749953508377,0.0,0.0
assured,demand_spike,1818,75,modify,0.3128360020528524,24,0.0,0.0,0.45,0.0,0.0,0.24453647136688234,0.13837554067699787,0.3124482348561287,0.0,0.0
assured,demand_spike,1818,76,modify,0.380841456451131,24,0.0,0.0,0.45,0.0,0.0,0.3041112899780274,0.1526241295842801,0.2789373993873596,0.0,0.0
assured,demand_spike,1818,77,modify,0.21806919250636805,24,0.0,0.0,0.45,0.0,0.0,0.18344047069549563,0.057066343553098385,0.3468147352337837,0.0,0.0
assured,demand_spike,1818,78,modify,0.3164235669188516,24,0.0,0.0,0.45,0.0,0.0,0.1601218342781067,0.038390208825860236,0.17979440465569496,0.0,0.0
assured,demand_spike,1818,79,modify,0.2432621796484481,24,0.0,0.0,0.45,0.0,0.0,0.2091204881668091,0.040102717802780075,0.3323697254061699,0.0,0.0
assured,demand_spike,1818,80,modify,0.2452817562335623,24,0.0,0.0,0.45,0.0,0.0,0.21217095851898193,0.030051911766108254,0.3306538358330727,0.0,0.0
assured,demand_spike,1818,81,modify,0.344640645978283,24,0.0,0.0,0.45,0.0,0.0,0.17545183897018435,0.018260183716345784,0.15392502173781392,0.0,0.0
assured,demand_spike,1818,82,modify,0.1810737478193863,24,0.0,0.0,0.45,0.0,0.0,0.09223273992538453,0.007493906588324377,0.2943572513759136,0.0,0.0
assured,demand_spike,1818,83,modify,0.1967208804406151,24,0.0,0.0,0.45,0.0,0.0,0.10022150278091431,0.007204180039554113,0.2808762140572071,0.0,0.0
assured,demand_spike,1818,84,modify,0.0349575620008906,24,0.0,0.0,0.45,0.0,0.0,0.017812299728393554,0.0011199902655259083,0.4199417442083359,0.0,0.0
assured,demand_spike,1919,6,modify,0.041440598125447654,24,0.0,0.0,0.45,0.0,0.0,0.0,0.0,0.413629487156868,0.0,0.01986224983536417
assured,demand_spike,1919,37,modify,0.31552002131938933,24,0.0,0.0,0.45,0.0,0.0,0.0,0.0,0.13447997868061068,0.0,0.0
assured,demand_spike,1919,38,modify,0.19444799896748471,24,0.0,0.0,0.13447997876641332,0.0,0.0,-0.16077178716659546,-0.016619648378920392,0.02637704614440292,0.0,0.0
assured,demand_spike,1919,39,modify,0.3384650620884695,24,0.08909250268984396,0.012164085682420504,0.39084540545889157,0.0,0.0,0.039771577051909396,0.005430141217029294,0.1744763890257745,0.23790499328722656,0.09309329426696679
assured,demand_spike,1919,40,reject,0.5446477255477851,24,0.10532496086594338,0.009569091444946392,0.45,0.0,0.0,-0.2,-0.020726340827683293,0.0,0.0,0.0
assured,demand_spike,1919,41,reject,0.6640263824927823,24,0.2858249608659433,0.02827461404193053,0.45,0.0,0.0,-0.2,-0.020767653911903047,0.0,0.0,0.0
assured,demand_spike,1919,42,reject,0.6142754343158218,24,0.03940205192137228,0.03733133499035152,0.2467259541460509,0.0,0.0,0.0,0.0,0.0,0.5362968403842472,0.1609352710896813
assured,demand_spike,1919,43,modify,0.4564450777997953,24,0.02595677278933825,0.0074496230167974435,0.31902005928402516,0.0,0.0,0.007355363436954997,0.0021109975882424503,0.09040062486800221,0.3792280120426279,0.10902689936797276
assured,demand_spike,1919,44,reject,0.7414393243448858,24,0.14366053411693475,0.008619483383466579,0.4198279767328873,0.0,0.0,0.0,0.0,0.0,0.5791846906641177,0.13156439936821987
assured,demand_spike,1919,45,modify,0.762684233439718,24,0.36084200399792055,0.04472279069698201,0.43383280136697044,0.0,0.0,0.02473464060865166,0.003065613599995902,0.02973794155659998,0.5389022629583611,0.11521916100436189
assured,demand_spike,1919,46,modify,0.6350101323406898,24,0.17323771412542788,0.03405240687172162,0.3319531460121579,0.0,0.0,0.0145697991085805,0.0028639071451001495,0.027918231750372224,0.5197959952879497,0.12026858524480859
assured,demand_spike,1919,47,modify,0.8179362098749923,24,0.33914520621479255,0.03824630492491482,0.4342109559578051,0.0,0.0,0.004044805869289403,0.0004561434919441304,0.005178604889539806,0.5928441166877746,0.14059290116271847
assured,demand_spike,1919,48,modify,0.7941225266194144,24,0.2932205669406942,0.03824206106104806,0.3919789026917466,0.0,0.0,-0.15245443759148025,-0.01605819625353814,0.03778605076498048,0.5365142756156167,0.12552177253310495
assured,demand_spike,1919,49,modify,0.5340690661282922,24,0.0,0.0,0.0,0.0,0.0,-0.1654754400253296,-0.018397071444155966,0.0,0.49385202178824417,0.11670207573780311
assured,demand_spike,1919,50,modify,0.7994990459448752,24,0.33862424826879,0.06817157225901342,0.43164861501869034,0.0,0.0,0.010590081189611855,0.0021319869700334865,0.013499310524280439,0.5812356948852538,0.1206122257998435
assured,demand_spike,1919,51,modify,1.0054815810524544,24,0.6919619852020256,0.06748465199927617,0.45,0.0,0.0,0.012632010284409856,0.0012319561425701564,0.008214908838272084,0.580843291962963,0.11207844893085206
assured,demand_spike,1919,52,modify,0.48204107679335023,24,0.0006515789912827236,0.015326747942354526,0.2010896353738406,0.0,0.0,0.00013293617077872228,0.003126987225196153,0.041026623736382384,0.44515728032235674,0.09181135357738172
assured,demand_spike,1919,53,modify,0.3585913724407342,24,-4.44374427195485e-09,1.7464182534281613e-06,0.0536625124858749,0.0,0.0,-1.56516182917218e-09,6.151180222692792e-07,0.018900843761519744,0.3485931628522763,0.07656504155157257
assured,demand_spike,1919,54,modify,0.6700534133067682,24,0.11110578461861063,-0.001020749228820663,0.44998068788142925,0.0,0.0,-0.3903906830229483,-0.05134412210333549,0.008460101985797386,0.0,0.0
assured,demand_spike,1919,55,reject,1.067316020843922,24,0.8,0.109463163711748,0.45,0.0,0.0,0.0,0.0,0.0,0.5206797591469668,0.11650704937889016
assured,demand_spike,1919,56,modify,0.5150282032534433,24,0.32770320021481825,0.10946289818907884,0.43972280176042455,0.0,0.0,0.10503513142423437,0.03508494848335504,0.14093955214005344,0.33738554351882744,0.08390748867598898
assured,demand_spike,1919,57,modify,0.6686201499995528,24,0.636239736597137,0.01854942890750795,0.42590441163451076,0.0,0.0,0.08078130714134302,0.0023551611565291383,0.054075709375074,0.0,0.0
assured,demand_spike,1919,58,modify,0.5831013500082175,24,0.8,0.07202305407186367,0.45,0.0,0.0,0.29258449077606197,0.03929064954842719,0.16457877606153487,0.0,0.0
assured,demand_spike,1919,59,modify,0.38708082488709467,24,0.5531237022459682,0.03273240452343646,0.45,0.0,0.0,0.27330178650619275,0.035254140716621626,0.18255860209465025,0.0,0.0
assured,demand_spike,1919,70,modify,0.07856046870219914,24,0.0,0.0,0.45,0.0,0.0,0.03908941745758057,0.017105426235891244,0.3840366080403328,0.0,0.0
assured,demand_spike,1919,71,modify,0.27780712332929,24,0.0,0.0,0.45,0.0,0.0,0.13778752088546753,0.06424563250209415,0.21748355850577353,0.0,0.0
assured,demand_spike,1919,72,modify,0.3003433721707719,24,0.0,0.0,0.45,0.0,0.0,0.1484796404838562,0.07334799240306016,0.19944060668349267,0.0,0.0
assured,demand_spike,1919,73,modify,0.28392864570341764,24,0.0,0.0,0.45,0.0,0.0,0.22538087368011475,0.11724587608413473,0.3232232585549355,0.0,0.0
assured,demand_spike,1919,74,modify,0.3319813230917741,24,0.0,0.0,0.45,0.0,0.0,0.26141664981842044,0.1423030337673085,0.30295313447713856,0.0,0.0
assured,demand_spike,1919,75,modify,0.38676179410774075,24,0.0,0.0,0.45,0.0,0.0,0.30232250690460205,0.17107485078978418,0.27994358986616136,0.0,0.0
assured,demand_spike,1919,76,modify,0.2726444885717982,24,0.0,0.0,0.45,0.0,0.0,0.22406783103942873,0.09079101131843084,0.32396184504032133,0.0,0.0
assured,demand_spike,1919,77,modify,0.2539286579328331,24,0.0,0.0,0.45,0.0,0.0,0.2144941329956055,0.06256912922657706,0.3293470501899719,0.0,0.0
assured,demand_spike,1919,78,modify,0.2109569386730958,24,0.0,0.0,0.45,0.0,0.0,0.1807621479034424,0.038591659193597506,0.34832129180431365,0.0,0.0
assured,demand_spike,1919,79,modify,0.30060658935113005,24,0.0,0.0,0.45,0.0,0.0,0.1527089834213257,0.025235856681464684,0.1923035904765129,0.0,0.0
assured,demand_spike,1919,80,modify,0.22885074668555866,24,0.0,0.0,0.45,0.0,0.0,0.19811990261077883,0.026490561559559523,0.3385575547814369,0.0,0.0
assured,demand_spike,1919,81,modify,0.26437130428637623,24,0.0,0.0,0.45,0.0,0.0,0.13460023403167726,0.013540318170834044,0.22286210507154464,0.0,0.0
assured,demand_spike,1919,82,modify,0.18933447569804238,24,0.0,0.0,0.45,0.0,0.0,0.09643547534942627,0.008068866625926588,0.28726513534784315,0.0,0.0
assured,demand_spike,1919,83,modify,0.09811335142923086,24,0.0,0.0,0.45,0.0,0.0,0.04998326301574707,0.003678021485992884,0.36565324366092683,0.0,0.0
assured,demand_spike,1919,84,modify,0.1141577351626679,24,0.0,0.0,0.45,0.0,0.0,0.058161926269531254,0.004012447906895064,0.351851749420166,0.0,0.0
assured,demand_spike,1919,85,modify,0.02129239686190598,24,0.0,0.0,0.45,0.0,0.0,0.010524786309214287,0.0007011721663901671,0.4315039627254009,0.0,0.0
assured,demand_spike,2020,14,modify,0.0964788007977439,24,0.0,0.0,0.45,0.0,0.0,0.0,0.0,0.36595740616321565,0.0,0.04738144599477779
assured,demand_spike,2020,18,modify,0.06993473094788144,24,0.0,0.0,0.45,0.0,0.0,0.0,0.0,0.38887723088264464,0.0,0.03398343255439383
assured,demand_spike,2020,38,modify,0.4719522644171881,24,0.0,0.0,0.45,0.0,0.0,-0.19150925874710084,-0.019797108670480797,0.019104167819023132,0.0,0.0
assured,demand_spike,2020,39,modify,0.3190618639040024,24,-1.2731481932451487e-07,0.000145836119631353,0.12060407881415527,0.0,0.0,-0.3039799042191892,-0.031421394189317615,0.02895104721297248,0.0,0.0
assured,demand_spike,2020,40,reject,0.6360862784355826,24,0.4471789695770764,0.046224698830968046,0.45,0.0,0.0,0.0,0.0,0.0,0.0,0.0
assured,demand_spike,2020,41,modify,0.476109797933842,24,0.4471789695770764,0.046224698830968046,0.45,0.0,0.0,0.18584318266581346,0.01921053030879425,0.18701557517051698,0.27769893152442876,0.10666244228605964
assured,demand_spike,2020,42,reject,0.5210817199072266,24,0.26133578691126286,0.0270141685221737,0.45,0.0,0.0,0.0,0.0,0.0,0.0,0.0
assured,demand_spike,2020,43,modify,0.5852764453023162,24,0.26133578691126286,0.0270141685221737,0.45,0.0,0.0,0.059905812027523236,0.006192438168136045,0.10315317213535308,0.4166753737642168,0.08729174696268283
assured,demand_spike,2020,44,modify,0.5575631963698794,24,1.6963302679978477e-08,-7.814959406595317e-09,0.23635040530135,0.0,0.0,2.13791483112053e-09,-9.849330602162095e-10,0.029787656706232013,0.49897786824560403,0.1386709624979184
assured,demand_spike,2020,45,modify,0.5837886646869421,24,-4.023507371625226e-09,-2.9256979153455754e-06,0.10693237823982062,0.0,0.0,-1.4957868178358558e-10,-1.0876630686962213e-07,0.00397533860380013,0.5596409847024051,0.13042630578122305
assured,demand_spike,2020,46,modify,0.5350051428672509,24,0.0,0.0,0.0,0.0,0.0,-0.16580327749252322,-0.017672514520070157,0.0,0.49740983247756954,0.10493291596214716
assured,demand_spike,2020,47,modify,0.5965473536543701,24,0.0,0.0,0.0,0.0,0.0,0.0,0.0,0.0,0.5842262506484985,0.12061688607002685
assured,demand_spike,2020,48,modify,0.5413696267709259,24,6.925160082607023e-08,1.7563170799409578e-07,0.0904962287100422,0.0,0.0,-0.16597024216132503,-0.018133103161141605,0.015397818409962544,0.4979107618331909,0.10794079275649743
assured,demand_spike,2020,49,reject,0.7822161505759736,24,0.2217648969832425,0.0242484056763421,0.4364086947297778,0.0,0.0,0.0,0.0,0.0,0.6,0.10789764906759189
assured,demand_spike,2020,50,modify,0.6841843470937379,24,0.0918800226289736,0.010116646399398717,0.29381255686459457,0.0,0.0,0.00039718690640860865,4.3733113811181626e-05,0.0012701183258987392,0.597406268119812,0.13100503982357456
assured,demand_spike,2020,51,modify,0.7513845171175078,24,0.1860449811472117,0.011167013458541606,0.4499955847798441,0.0,0.0,-0.158416654525422,-0.01961598617193501,0.04847186928405994,0.5152627080481226,0.13513078345354898
assured,demand_spike,2020,52,modify,0.608231404746532,24,0.006907909543560074,0.04785792146084827,0.22669910693973186,0.0,0.0,0.00018657415314271824,0.0012925836841700747,0.006122864468444261,0.547454234841872,0.13918303308665653
assured,demand_spike,2020,53,modify,0.46850121496063796,24,0.10244551903413902,0.025048436102735668,0.37403254443252687,0.0,0.0,0.03114899040002385,0.007616082216731396,0.11372616631424132,0.3712091152645166,0.09246993412881163
assured,demand_spike,2020,54,modify,0.5149848177406655,24,0.3019298461375661,0.061887420881320314,0.401618476702557,0.0,0.0,0.09086499255952199,0.018624856435514585,0.12086602356203413,0.36168392540935834,0.09566681117866296
assured,demand_spike,2020,55,modify,0.589530102513212,24,0.18631124659579507,0.002240893081032331,0.4499999971141247,0.0,0.0,-0.19720925551131901,-0.027304909374934527,0.0032508373052019812,0.0,0.0
assured,demand_spike,2020,56,modify,0.4570836160459457,24,0.27301574622054237,0.04070207607962216,0.45,0.0,0.0,0.0366310585288,0.005461077435115813,0.06037738323211672,0.0,0.0
assured,demand_spike,2020,57,modify,0.6805266348544379,24,0.6625791556286791,0.06244417470753173,0.45,0.0,0.0,0.10131809472559272,0.009548632422757303,0.06881161630153654,0.0,0.0
assured,demand_spike,2020,58,modify,0.3002533659881118,24,0.5612610609030861,0.05289554228477446,0.45,0.0,0.0,0.3420289577171879,0.04101498785511585,0.24518735110759735,0.0,0.0
assured,demand_spike,2020,70,modify,0.12016767137260559,24,0.0,0.0,0.45,0.0,0.0,0.05979195833206177,0.026164803654555906,0.34910107031464577,0.0,0.0
assured,demand_spike,2020,71,modify,0.3359687952984859,24,0.0,0.0,0.45,0.0,0.0,0.16663470268249514,0.07769609179291374,0.16880393922328946,0.0,0.0
assured,demand_spike,2020,72,modify,0.2679899841947004,24,0.0,0.0,0.45,0.0,0.0,0.21453373432159425,0.10597829213447828,0.32932477444410324,0.0,0.0
assured,demand_spike,2020,73,modify,0.26592604619246474,24,0.0,0.0,0.45,0.0,0.0,0.2110905170440674,0.10981185847656198,0.3312615841627121,0.0,0.0
assured,demand_spike,2020,74,modify,0.25897134897523844,24,0.0,0.0,0.45,0.0,0.0,0.20392539501190188,0.1110074755856105,0.3352919653058052,0.0,0.0
assured,demand_spike,2020,75,modify,0.3458023603037067,24,0.0,0.0,0.45,0.0,0.0,0.27030549049377445,0.15295742261251397,0.29795316159725194,0.0,0.0
assured,demand_spike,2020,76,modify,0.3108417716265608,24,0.0,0.0,0.45,0.0,0.0,0.2550884246826172,0.1047087143380799,0.3065127611160279,0.0,0.0
assured,demand_spike,2020,77,modify,0.24155504703448344,24,0.0,0.0,0.45,0.0,0.0,0.20454766750335696,0.05719033670308533,0.3349419370293617,0.0,0.0
assured,demand_spike,2020,78,modify,0.2878903174892299,24,0.0,0.0,0.45,0.0,0.0,0.24688982963562012,0.05137931805976464,0.3111244708299637,0.0,0.0
assured,demand_spike,2020,79,modify,0.2744881700782668,24,0.0,0.0,0.45,0.0,0.0,0.23737792968750002,0.034154436988049444,0.31647491455078125,0.0,0.0
assured,demand_spike,2020,80,modify,0.2475085381162479,24,0.0,0.0,0.45,0.0,0.0,0.12601288557052612,0.012751125699361621,0.23735325559973716,0.0,0.0
assured,demand_spike,2020,81,modify,0.21448932591116485,24,0.0,0.0,0.45,0.0,0.0,0.18642973899841309,0.015893164135743373,0.34513327181339265,0.0,0.0
assured,demand_spike,2020,82,modify,0.209205244846369,24,0.0,0.0,0.45,0.0,0.0,0.1065941333770752,0.0069695188144072535,0.2701223999261856,0.0,0.0
assured,demand_spike,2020,83,modify,0.01083225437114108,24,0.0,0.0,0.45,0.0,0.0,0.004999628298128627,0.0003225349746213267,0.44039596840739254,0.0,0.0
assured,demand_spike,2020,85,modify,0.07486616406759951,24,0.0,0.0,0.45,0.0,0.0,0.03436080725546181,0.0022166772078350133,0.38352170437574384,0.0,0.0
assured,ev_coincidence,101,19,modify,0.03301496930515554,24,0.0,0.0,0.45,0.0,0.0,0.0,0.0,0.42101991176605225,0.0,0.015815899726950872
assured,ev_coincidence,101,38,modify,0.41263581432910995,24,0.0,0.0,0.45,0.0,0.0,-0.16743977069854737,-0.017308945572479847,0.07326051592826843,0.0,0.0
assured,ev_coincidence,101,39,modify,0.25690997190236375,24,0.002655836682884139,-0.0009236686308538157,0.14969794192314018,0.0,0.0,-0.2370892307494226,-0.02501933582686053,0.06056638114284581,0.0,0.0
assured,ev_coincidence,101,40,modify,0.37965627403806224,24,0.21212626910867702,0.03820116808257248,0.36185418244223244,0.0,0.0,0.0848297542563704,0.015276729819307267,0.14470627094981883,0.27055361895349384,0.08400284315953248
assured,ev_coincidence,101,41,modify,0.3434369265359841,24,0.0,0.0,0.0,0.0,0.0,0.0,0.0,0.0,0.3276295601317097,0.1029941446703908
assured,ev_coincidence,101,42,modify,0.4716224684943576,24,1.5726474792950962e-05,-0.004008889075685333,0.080567444904532,0.0,0.0,2.48886983461688e-06,-0.000634446258437435,0.01275059324578745,0.45105612587041927,0.11985662974994177
assured,ev_coincidence,101,43,modify,0.6477339053281804,24,0.0,0.0,0.0,0.0,0.0,0.0,0.0,0.0,0.6224646233623091,0.179156369616363
assured,ev_coincidence,101,44,modify,0.552468330333982,24,0.0,0.0,0.0,0.0,0.0,0.0,0.0,0.0,0.5293178206279545,0.15825264859613092
assured,ev_coincidence,101,45,modify,0.5780059417710526,24,0.0,0.0,0.0,0.0,0.0,-0.18721385002136232,-0.10344845007838135,0.0,0.5212164981952538,0.12912638486489864
assured,ev_coincidence,101,46,modify,0.8493126525428945,24,0.0,0.0,0.0,0.0,0.0,0.0,0.0,0.0,0.8272969007492065,0.19212449031866025
assured,ev_coincidence,101,47,modify,0.6426305612891211,24,0.00023601260948369714,-0.003331680648577687,0.11075708182752653,0.0,0.0,-0.1999648872405829,-0.11090653410727276,1.9422014637976437e-05,0.5744235353351793,0.1381885004533072
assured,ev_coincidence,101,48,modify,0.8355435879505644,24,0.00014080421798722692,-0.006961306354714862,0.24136822476239927,0.0,0.0,4.705831735150335e-05,-0.002326545101446649,0.08066791380119276,0.7989468097686767,0.1843122426279905
assured,ev_coincidence,101,49,modify,0.7726455503095019,24,0.0,0.0,0.0,0.0,0.0,0.0,0.0,0.0,0.7561163870302134,0.1589627493391123
assured,ev_coincidence,101,50,modify,0.7607124187173169,24,0.07154952491241873,0.09220530692854431,0.28043921409753264,0.0,0.0,0.026887459494219917,0.034649656419494204,0.10538571735966229,0.715062165892526,0.1772523714559129
assured,ev_coincidence,101,51,modify,0.7489762123901249,24,0.0,0.0,0.0,0.0,0.0,0.0,0.0,0.0,0.735097074508667,0.14351884118490063
assured,ev_coincidence,101,52,modify,0.5374223978326591,24,7.85405211041393e-07,-2.864590656782393e-07,0.028454506402738784,0.0,0.0,-0.17435757580797,-0.09891713526493123,0.0036481982901995676,0.4910664430885487,0.08292073407636537
assured,ev_coincidence,101,53,modify,0.5387481634396609,24,-0.0011432825997823,-2.5969680799049322e-09,0.026786284356436516,0.0,0.0,-1.8066658147387676e-05,-4.103844012692443e-11,0.00042328873246090526,0.5241894340288731,0.12156787080850039
assured,ev_coincidence,101,54,modify,0.49442936586313874,24,-1.519862324721623e-08,-2.6803062179207673e-09,0.08012669872574907,0.0,0.0,-1.1761120680521087e-09,-2.0740960794255483e-10,0.00620042853959088,0.4768546319577932,0.10772634025430379
assured,ev_coincidence,101,55,modify,0.41902972091858653,24,0.0,0.0,0.0,0.0,0.0,0.0,0.0,0.0,0.4057767663455668,0.1045520105365926
assured,ev_coincidence,101,56,modify,0.17875210997075308,24,0.0,0.0,0.0,0.0,0.0,0.0,0.0,0.0,0.17188888196780502,0.049056386687710715
assured,ev_coincidence,101,57,modify,0.3621665902185544,24,0.31704784413193365,0.21289893615299263,0.4499985907784435,0.0,0.0,0.15994665996486263,0.10740484244886837,0.22701864376644576,0.20574188232320792,0.05748977549107064
assured,ev_coincidence,101,70,modify,0.14924631810412742,24,0.0,0.0,0.45,0.0,0.0,0.0742606520652771,0.03249626596534101,0.3246851496398449,0.0,0.0
assured,ev_coincidence,101,71,modify,0.3497735208743013,24,0.0,0.0,0.45,0.0,0.0,0.1734816074371338,0.08088857050082954,0.1572497874498367,0.0,0.0
assured,ev_coincidence,101,72,modify,0.3077007554415697,24,0.0,0.0,0.45,0.0,0.0,0.15211688280105592,0.07514476683611153,0.19330276027321813,0.0,0.0
assured,ev_coincidence,101,73,modify,0.32577192981200787,24,0.0,0.0,0.45,0.0,0.0,0.2585958242416382,0.13452469799164174,0.30453984886407853,0.0,0.0
assured,ev_coincidence,101,74,modify,0.24740418039573545,24,0.0,0.0,0.45,0.0,0.0,0.1948168992996216,0.10604923526765707,0.3404154941439629,0.0,0.0
assured,ev_coincidence,101,75,modify,0.2935723727599442,24,0.0,0.0,0.45,0.0,0.0,0.2294785499572754,0.12985473392420896,0.3209183156490326,0.0,0.0
assured,ev_coincidence,101,76,modify,0.2976358988201112,24,0.0,0.0,0.45,0.0,0.0,0.1480353593826294,0.0653283241321265,0.20019033104181289,0.0,0.0
assured,ev_coincidence,101,77,modify,0.18817400759821326,24,0.0,0.0,0.45,0.0,0.0,0.09435869455337526,0.03393532667169936,0.29076970294117926,0.0,0.0
assured,ev_coincidence,101,78,modify,0.26599084088743324,24,0.0,0.0,0.45,0.0,0.0,0.22344784736633302,0.07088270674574905,0.3243105858564377,0.0,0.0
assured,ev_coincidence,101,79,modify,0.27606445130463647,24,0.0,0.0,0.45,0.0,0.0,0.13979204893112182,0.03195914848369506,0.2141009174287319,0.0,0.0
assured,ev_coincidence,101,80,modify,0.391133353892635,24,0.0,0.0,0.45,0.0,0.0,0.19848469495773316,0.03744816284460838,0.1150570772588253,0.0,0.0
assured,ev_coincidence,101,81,modify,0.2735476354856746,24,0.0,0.0,0.45,0.0,0.0,0.13909196853637695,0.019731597199103924,0.21528230309486387,0.0,0.0
assured,ev_coincidence,101,82,modify,0.22904039430878465,24,0.0,0.0,0.45,0.0,0.0,0.11655749082565309,0.013660022658662995,0.2533092342317104,0.0,0.0
assured,ev_coincidence,101,83,modify,0.24296091571617606,24,0.0,0.0,0.45,0.0,0.0,0.12370102405548096,0.012385014684384618,0.2412545219063759,0.0,0.0
assured,ev_coincidence,101,84,modify,0.1154080385237421,24,0.0,0.0,0.45,0.0,0.0,0.0587805986404419,0.004975147700767467,0.3508077397942543,0.0,0.0
assured,ev_coincidence,202,10,modify,0.029042389189978198,24,0.0,0.0,0.45,0.0,0.0,0.0,0.0,0.42444326877593996,0.0,0.01379542891697524
assured,ev_coincidence,202,12,modify,0.2619012006542067,24,0.0,0.0,0.45,0.0,0.0,0.22735018730163575,0.02344548830378143,0.3221155196428299,0.0,0.0
assured,ev_coincidence,202,38,modify,0.16825146416250306,24,0.0,0.0,0.45,0.0,0.0,-0.06827324628829956,-0.0070576894553221045,0.296385195851326,0.0,0.0
assured,ev_coincidence,202,39,modify,0.4724511898290726,24,0.0,0.0,0.29638516118527,0.0,0.0,-0.3782958745956421,-0.039146760070530716,0.016081951765889835,0.0,0.0
assured,ev_coincidence,202,40,modify,0.25657362736795997,24,0.01745316962816968,-2.5176885509742724e-06,0.31818942165854996,0.0,0.0,0.009621083351305189,-1.3878792172198995e-06,0.1754023488283454,0.2049975115792129,0.057935798630383985
assured,ev_coincidence,202,41,modify,0.4519390404316807,24,0.11939733632939824,0.012358255744877365,0.4121182345697883,0.0,0.0,0.03783400020551132,0.003916019107005219,0.13058985946212626,0.32619501287919467,0.10892031348275626
assured,ev_coincidence,202,42,modify,0.5541513283718615,24,0.019436228005360965,-0.0008648602376129139,0.3922006509339569,0.0,0.0,0.0032677095312186183,-0.0001454043470183725,0.06593860726749767,0.4243861832353226,0.14237697310805614
assured,ev_coincidence,202,43,modify,0.6609649620855421,24,0.12495565120808688,0.01447048827047347,0.45,0.0,0.0,0.009850671536351469,0.0011407569449234777,0.03547500371932982,0.4820484016909903,0.13873070643506497
assured,ev_coincidence,202,44,modify,0.8167304257726683,24,0.0,0.0,0.0,0.0,0.0,0.0,0.0,0.0,0.7937000513076782,0.19258457086950945
assured,ev_coincidence,202,45,modify,0.8261156659139189,24,0.0,0.0,0.0,0.0,0.0,0.0,0.0,0.0,0.790317964553833,0.24055063577526492
assured,ev_coincidence,202,46,modify,0.5453516650902612,24,0.0,0.0,0.0,0.0,0.0,-0.18008031845092776,-0.09966765728690744,0.0,0.4889597816486641,0.1263495450896564
assured,ev_coincidence,202,47,modify,0.7582102702500835,24,0.0,0.0,0.0,0.0,0.0,0.0,0.0,0.0,0.7384046102298139,0.17216691175734475
assured,ev_coincidence,202,48,modify,0.8126045297607126,24,0.0,0.0,0.0,0.0,0.0,0.0,0.0,0.0,0.7931578159332275,0.17671106590041616
assured,ev_coincidence,202,49,modify,0.7694330211136818,24,-1.4471825098495736e-05,-3.766705591185342e-05,0.018651361955844516,0.0,0.0,-5.3601778644730985e-06,-1.3951392996006691e-05,0.006908224554785786,0.7555354356765747,0.1451050567542745
assured,ev_coincidence,202,50,modify,0.8202188249671674,24,0.0,0.0,0.0,0.0,0.0,0.0,0.0,0.0,0.7995041370391845,0.18317220227902947
assured,ev_coincidence,202,51,modify,0.8167194108233319,24,0.0,0.0,0.0,0.0,0.0,0.0,0.0,0.0,0.7945982694625854,0.18879667948000298
assured,ev_coincidence,202,52,modify,0.7736435852166423,24,-0.00023264540607141227,-0.00011322701296794186,0.1508035974675479,0.0,0.0,-8.15299676063333e-05,-3.968010740175344e-05,0.052848722113488275,0.7463108303585964,0.17874382670646277
assured,ev_coincidence,202,53,modify,0.5285064235828953,24,0.0,0.0,0.0,0.0,0.0,-0.17283371686935425,-0.09885723572858586,0.0,0.47606570804903503,0.11417633137117543
assured,ev_coincidence,202,54,modify,0.6211004071083724,24,-0.002380931642944956,0.0038101413167355587,0.23342457405882108,0.0,0.0,-0.0010886697802137478,0.0017421691723762418,0.10673228712386826,0.5965903880907267,0.11742547649305879
assured,ev_coincidence,202,55,modify,0.6129890049381591,24,0.19983908831575056,0.17392595101112732,0.44999993300382035,0.0,0.0,0.03271877754515426,0.028476133215095123,0.07367651557748761,0.4201582360904533,0.09229525745150612
assured,ev_coincidence,202,56,modify,0.3885013422459994,24,0.1451038970608403,0.1543608340045477,0.45,0.0,0.0,0.06188976461180987,0.06583803657470694,0.19193415641784667,0.24833130174478876,0.08891569250061561
assured,ev_coincidence,202,57,modify,0.28116232217536036,24,0.1893454942124438,0.09649029507515978,0.4032172853299012,0.0,0.0,0.10568318634871535,0.05385605756126025,0.22505572515357236,0.19144380236809433,0.04292924942212095
assured,ev_coincidence,202,58,modify,0.337527371215678,24,0.23437911087554106,0.042634453177702994,0.45,0.0,0.0,0.20108864826545217,0.1201580622594435,0.12318726852536199,0.0,0.0
assured,ev_coincidence,202,70,modify,0.21645800663240322,24,0.0,0.0,0.45,0.0,0.0,0.10770324468612671,0.04713065650937218,0.2682507745921612,0.0,0.0
assured,ev_coincidence,202,71,modify,0.2689415360924587,24,0.0,0.0,0.45,0.0,0.0,0.1333903431892395,0.06219537816481574,0.22490379586815834,0.0,0.0
assured,ev_coincidence,202,72,modify,0.256126400599661,24,0.0,0.0,0.45,0.0,0.0,0.20503659248352052,0.10128676483066887,0.33466691672801974,0.0,0.0
assured,ev_coincidence,202,73,modify,0.27075164067715435,24,0.0,0.0,0.45,0.0,0.0,0.21492104530334474,0.11180454594063419,0.3291069120168686,0.0,0.0
assured,ev_coincidence,202,74,modify,0.27926961979091336,24,0.0,0.0,0.45,0.0,0.0,0.219909143447876,0.1197082828792258,0.3263011068105698,0.0,0.0
assured,ev_coincidence,202,75,modify,0.29550718154437844,24,0.0,0.0,0.45,0.0,0.0,0.23682777881622316,0.11614944952734992,0.3167843744158745,0.0,0.0
assured,ev_coincidence,202,76,modify,0.3702092906699258,24,0.0,0.0,0.45,0.0,0.0,0.18587635755538942,0.06417411753094952,0.13633364662528036,0.0,0.0
assured,ev_coincidence,202,77,modify,0.23527847542037855,24,0.0,0.0,0.45,0.0,0.0,0.19980156421661377,0.05295420665550419,0.33761162012815477,0.0,0.0
assured,ev_coincidence,202,78,modify,0.32182307908162394,24,0.0,0.0,0.45,0.0,0.0,0.27637343406677245,0.05495443525494861,0.2945399433374405,0.0,0.0
assured,ev_coincidence,202,79,modify,0.3409662123787248,24,0.0,0.0,0.45,0.0,0.0,0.17344403266906738,0.022573427270442682,0.1573131948709488,0.0,0.0
assured,ev_coincidence,202,80,modify,0.24940984799327284,24,0.0,0.0,0.45,0.0,0.0,0.12697840929031373,0.012943088037315842,0.23572393432259559,0.0,0.0
assured,ev_coincidence,202,81,modify,0.20607902501999606,24,0.0,0.0,0.45,0.0,0.0,0.17911386489868164,0.01535947027861372,0.3492484509944916,0.0,0.0
assured,ev_coincidence,202,82,modify,0.1823791727014346,24,0.0,0.0,0.45,0.0,0.0,0.09292386770248413,0.006184381685678069,0.293190973252058,0.0,0.0
assured,ev_coincidence,202,83,modify,0.2713590901681542,24,0.0,0.0,0.45,0.0,0.0,0.1382773518562317,0.008133851740017397,0.216656968742609,0.0,0.0
assured,ev_coincidence,202,84,modify,0.07114551972972652,24,0.0,0.0,0.45,0.0,0.0,0.032791206181304156,0.001819695015244267,0.38688811138272283,0.0,0.0
assured,ev_coincidence,202,85,modify,0.09037679846251578,24,0.0,0.0,0.45,0.0,0.0,0.04009965448244023,0.002225265547453911,0.3690368503332138,0.0,0.0
assured,ev_coincidence,202,86,modify,0.03440564688904495,24,0.0,0.0,0.45,0.0,0.0,0.014517810861673775,0.0008056424613105249,0.41881775110960007,0.0,0.0
assured,ev_coincidence,303,8,modify,0.07242839839567347,24,0.0,0.0,0.45,0.0,0.0,0.0,0.0,0.38657613694667814,0.0,0.034975512713266536
assured,ev_coincidence,303,38,modify,0.47831994854769766,24,0.0,0.0,0.45,0.0,0.0,-0.19409314393997193,-0.020064215630687176,0.01329042613506315,0.0,0.0
assured,ev_coincidence,303,39,modify,0.4302136405587961,24,0.00016747892027132522,0.005614534956785402,0.18734038663989877,0.0,0.0,3.1405501940291063e-05,0.0010528327278053612,0.035129906895641494,0.3782457550611426,0.1372044733742348
assured,ev_coincidence,303,40,modify,0.31213774446407905,24,0.17513765690388386,0.01705512187888989,0.45,0.0,0.0,0.0933308322436272,0.009088672002999655,0.23980493545532228,0.2057152274075066,0.0646020950762455
assured,ev_coincidence,303,41,modify,0.4538872635621993,24,0.0,0.0,0.0,0.0,0.0,0.0,0.0,0.0,0.43610800014485984,0.12579133608334184
assured,ev_coincidence,303,42,modify,0.4250979823185667,24,0.0,0.0,0.0,0.0,0.0,0.0,0.0,0.0,0.410476685359172,0.11053137720965842
assured,ev_coincidence,303,43,modify,0.6910901083844804,24,0.051164356700541945,0.003491163242425721,0.4109132138338614,0.0,0.0,0.00042088904150199,2.871906236272476e-05,0.0033802607882530977,0.540289745523285,0.13047042937546668
assured,ev_coincidence,303,44,modify,0.7467891190638969,24,0.0,0.0,0.0,0.0,0.0,0.0,0.0,0.0,0.7255034660913914,0.1770274245466178
assured,ev_coincidence,303,45,modify,0.5923264965855323,24,1.5666675503840778e-07,0.006522023772045059,0.17183554015819244,0.0,0.0,-0.18169216867659932,-0.09980033150977316,0.015729668101327865,0.5113917422772135,0.14367872798707504
assured,ev_coincidence,303,46,modify,0.8080991870304308,24,0.0,0.0,0.0,0.0,0.0,0.0,0.0,0.0,0.7908993244171142,0.1658389420968296
assured,ev_coincidence,303,47,modify,0.6039305891547245,24,0.0,0.0,0.0,0.0,0.0,-0.19092570543289186,-0.10589255256821992,0.0,0.5470494765170116,0.13342851672253422
assured,ev_coincidence,303,48,modify,0.7880862537750679,24,0.0,0.0,0.0,0.0,0.0,0.0,0.0,0.0,0.7708925902638104,0.16372097503244296
assured,ev_coincidence,303,49,modify,0.7830409490889908,24,0.0,0.0,0.0,0.0,0.0,0.0,0.0,0.0,0.7712538242340088,0.13535385681466242
assured,ev_coincidence,303,50,modify,0.8475694557006533,24,0.0,0.0,0.0,0.0,0.0,0.0,0.0,0.0,0.831391453742981,0.16480968685072625
assured,ev_coincidence,303,51,modify,0.7440124923039148,24,0.0,0.0,0.0,0.0,0.0,0.0,0.0,0.0,0.728046061298085,0.1533085820579781
assured,ev_coincidence,303,52,modify,0.5641437670679214,24,-5.352913753298113e-09,1.3014370176582727e-07,0.007930218488185758,0.0,0.0,-0.18044625573040932,-0.10237127579470937,0.0007753273423511241,0.505950297153866,0.1384938274259408
assured,ev_coincidence,303,53,modify,0.5584523408500784,24,0.0,0.0,0.0,0.0,0.0,-0.18377530574798584,-0.10511559347621091,0.0,0.5046588246303025,0.11120178383943304
assured,ev_coincidence,303,54,modify,0.5041993600271,24,-0.00012781894858437313,0.09134857940670885,0.2503898914779015,0.0,0.0,-1.859775660940505e-05,0.013291289478096852,0.03643192430179848,0.4393438400428573,0.09655579065874216
assured,ev_coincidence,303,55,modify,0.3749966414283554,24,0.0005960656567915232,0.036224223125063536,0.22119854888168913,0.0,0.0,0.00018573155371341785,0.011287315694876069,0.06892453825320571,0.33134927766841993,0.08378988740905172
assured,ev_coincidence,303,56,modify,0.4575587879297528,24,-1.5072707675190955e-09,0.0002494790767642635,0.09482462465533048,0.0,0.0,-2.0331785014355183e-10,3.365257964035024e-05,0.012791025501890638,0.43619799453062863,0.11118361393684804
assured,ev_coincidence,303,57,modify,0.18419439642846994,24,6.688934241663883e-05,-8.972187302381323e-05,0.18890715878765618,0.0,0.0,4.1637216406495894e-05,-5.5849989079267416e-05,0.11759075462552837,0.1643094975655878,0.04294104560676281
assured,ev_coincidence,303,58,modify,0.4284531430140815,24,0.2986903136968113,0.2945949957857072,0.40289167846412743,0.0,0.0,0.0786723279622708,0.07759365825308437,0.10611802528545794,0.0,0.0
assured,ev_coincidence,303,59,modify,0.42256827372012196,24,0.2091571982058386,0.16175696761863742,0.3884297503599392,0.0,0.0,0.02106088753367691,0.01628796585548084,0.03911256871501023,0.0,0.0
assured,ev_coincidence,303,61,modify,0.14688130790750561,24,0.5736650175037863,0.16896469719982785,0.45,0.0,0.0,0.4876388497761435,0.12711578142424323,0.3385446935892105,0.0,0.0
assured,ev_coincidence,303,70,modify,0.18215004209598387,24,0.0,0.0,0.45,0.0,0.0,0.09063259363174439,0.03966058452054676,0.29705749824643135,0.0,0.0
assured,ev_coincidence,303,71,modify,0.12611704155566414,24,0.0,0.0,0.45,0.0,0.0,0.06255186796188354,0.02916580758237983,0.3444437228143215,0.0,0.0
assured,ev_coincidence,303,72,modify,0.30774095273803076,24,0.0,0.0,0.45,0.0,0.0,0.15213675498962403,0.07515458357011881,0.19326922595500945,0.0,0.0
assured,ev_coincidence,303,73,modify,0.22633985623275327,24,0.0,0.0,0.45,0.0,0.0,0.17966723442077637,0.09346508405666948,0.3489371806383133,0.0,0.0
assured,ev_coincidence,303,74,modify,0.3310004823740104,24,0.0,0.0,0.45,0.0,0.0,0.26064429283142093,0.14188259864017427,0.3033875852823258,0.0,0.0
assured,ev_coincidence,303,75,modify,0.33882124469644437,24,0.0,0.0,0.45,0.0,0.0,0.16596399545669557,0.09391383410362432,0.16993575766682623,0.0,0.0
assured,ev_coincidence,303,76,modify,0.26254525726294264,24,0.0,0.0,0.45,0.0,0.0,0.2064535140991211,0.11322878658276841,0.3338698983192444,0.0,0.0
assured,ev_coincidence,303,77,modify,0.2710922189041759,24,0.0,0.0,0.45,0.0,0.0,0.22268731594085694,0.09061389641077108,0.324738384783268,0.0,0.0
assured,ev_coincidence,303,78,modify,0.22550991882667076,24,0.0,0.0,0.45,0.0,0.0,0.11369855403900148,0.033386844839652305,0.258133690059185,0.0,0.0
assured,ev_coincidence,303,79,modify,0.3428990083177829,24,0.0,0.0,0.45,0.0,0.0,0.1733867645263672,0.043677855450694796,0.15740983486175536,0.0,0.0
assured,ev_coincidence,303,80,modify,0.2914974176210027,24,0.0,0.0,0.45,0.0,0.0,0.14785990715026856,0.02917463089271151,0.20048640668392181,0.0,0.0
assured,ev_coincidence,303,81,modify,0.2378180583736512,24,0.0,0.0,0.45,0.0,0.0,0.12083466053009034,0.019435574446844604,0.24609151035547255,0.0,0.0
assured,ev_coincidence,303,82,modify,0.22825681351017546,24,0.0,0.0,0.45,0.0,0.0,0.11608493328094482,0.015851385871844606,0.2541066750884056,0.0,0.0
assured,ev_coincidence,303,83,modify,0.08499352357489139,24,0.0,0.0,0.45,0.0,0.0,0.04325337409973145,0.005049211444779492,0.3770099312067032,0.0,0.0
assured,ev_coincidence,303,84,modify,0.018154949993963585,24,0.0,0.0,0.45,0.0,0.0,0.009240806102752686,0.0010204081775360269,0.43440613970160485,0.0,0.0
assured,ev_coincidence,303,85,modify,0.06868733238627943,24,0.0,0.0,0.45,0.0,0.0,0.03496288061141968,0.0038161509307921273,0.39100013896822927,0.0,0.0
assured,ev_coincidence,404,11,modify,0.35409152471501854,24,0.0,0.0,0.45,0.0,0.0,0.18026775121688843,0.01859011194867112,0.1457981698215008,0.0,0.0
assured,ev_coincidence,404,23,modify,0.03171249187778368,24,0.0,0.0,0.45,0.0,0.0,0.0,0.0,0.42233043909072876,0.0,0.015494435781486992
assured,ev_coincidence,404,38,modify,0.310810786485672,24,0.0,0.0,0.45,0.0,0.0,0.0,0.0,0.139189213514328,0.0,0.0
assured,ev_coincidence,404,39,modify,0.4117679404329856,24,0.0,0.0,0.45,0.0,0.0,-0.272919511795044,-0.028242218232559176,0.14296554923057558,0.0,0.0
assured,ev_coincidence,404,40,modify,0.28194562165629455,24,0.0007600575045670607,0.00023207849765144835,0.43952279792927795,0.0,0.0,0.0004302801066043793,0.00013138316523422832,0.24882053688265202,0.1954050351135257,0.0703045842207927
assured,ev_coincidence,404,41,modify,0.25925479958371045,24,-7.255342114215725e-10,7.848203956079702e-07,0.23239862892744134,0.0,0.0,-3.7475394246155974e-10,4.053765249774449e-07,0.12003886383603578,0.22186845970936883,0.07323060072020589
assured,ev_coincidence,404,42,modify,0.5202485219210808,24,1.689870036181564e-08,-2.217549802810598e-08,0.30589070627307313,0.0,0.0,3.112083696937905e-09,-4.0838647000740395e-09,0.05633317708788413,0.4276099965661111,0.1597787690050929
assured,ev_coincidence,404,43,modify,0.5605850693358713,24,0.0,0.0,0.0,0.0,0.0,-0.1794459581375122,-0.09894239670769897,0.0,0.5000089232141561,0.1491852771233484
assured,ev_coincidence,404,44,modify,0.6315815939710486,24,4.2055417591667064e-06,4.9625704910316965e-08,0.2643750108000903,0.0,0.0,-0.18557414477236872,-0.10241646282688961,0.019068777185334063,0.5214673261528524,0.14786319088766525
assured,ev_coincidence,404,45,modify,0.6451745817380009,24,0.0,0.0,0.0,0.0,0.0,-0.19941686391830446,-0.11019144945465383,0.0,0.5849409859491268,0.14894644248769034
assured,ev_coincidence,404,46,modify,0.7924459677534784,24,0.0,0.0,0.0,0.0,0.0,0.0,0.0,0.0,0.7764124631881714,0.1586010681389741
assured,ev_coincidence,404,47,modify,0.7871924758577242,24,0.0,0.0,0.0,0.0,0.0,0.0,0.0,0.0,0.7718976974487305,0.15442130267667667
assured,ev_coincidence,404,48,modify,0.7889279580112256,24,0.0,0.0,0.0,0.0,0.0,0.0,0.0,0.0,0.7663883116363133,0.18723322012667343
assured,ev_coincidence,404,49,modify,0.6449492057880392,24,0.0,0.0,0.0,0.0,0.0,-0.1989180684089661,-0.11100663606765612,0.0,0.5863841978311616,0.14220470945055425
assured,ev_coincidence,404,50,modify,0.5977290201556115,24,0.0,0.0,0.0,0.0,0.0,-0.19025282859802248,-0.10663386607190235,0.0,0.5331637981855996,0.1595287612234974
assured,ev_coincidence,404,51,modify,0.5947439625447959,24,-2.5809535057670873e-11,-5.859314211619646e-07,0.17897679569139147,0.0,0.0,-0.1853201150913109,-0.10443451065359345,0.013136793812073222,0.5202831984189377,0.10135520964581234
assured,ev_coincidence,404,52,modify,0.7829636404369489,24,0.0,0.0,0.0,0.0,0.0,0.0,0.0,0.0,0.7648945569992065,0.16723749256451872
assured,ev_coincidence,404,53,modify,0.5264777902349317,24,0.0,0.0,0.0,0.0,0.0,-0.17176458835601807,-0.09824571679940076,0.0,0.4792080564057695,0.09155985803790423
assured,ev_coincidence,404,54,modify,0.4844354730266311,24,0.006659329224751498,0.010570028828395906,0.09411302552163611,0.0,0.0,0.000600437355531452,0.0009530449604479626,0.008485685908911328,0.4677740746884334,0.09167281351285989
assured,ev_coincidence,404,55,modify,0.4543445260218964,24,7.185876653121163e-05,0.005347401251116636,0.09694285074009013,0.0,0.0,1.1082726063289542e-05,0.0008247258626527688,0.014951426393885095,0.4337548404546514,0.10743665461799166
assured,ev_coincidence,404,56,modify,0.23913536495598453,24,0.006283968067744559,0.0652304851554545,0.20214579093894527,0.0,0.0,0.0033299406910384764,0.03456631931824751,0.10711917812328282,0.21088702701256817,0.05228106849501421
assured,ev_coincidence,404,57,modify,0.2240122076460997,24,0.02012857098107887,0.2057102901157765,0.4499999936836584,0.0,0.0,0.013321539924985557,0.13614368577549152,0.2978200930277265,0.14390311832906316,0.03779935759725633
assured,ev_coincidence,404,58,modify,0.3454312250973621,24,0.14141098790219475,0.2573839564680823,0.37339424084147815,0.0,0.0,0.0664668770105809,0.12097721706670306,0.17550509653206772,0.23092062918203687,0.051135726683755246
assured,ev_coincidence,404,70,modify,0.2124360165720317,24,0.0,0.0,0.45,0.0,0.0,0.10570201873779297,0.04625492529957039,0.27162784337997437,0.0,0.0
assured,ev_coincidence,404,71,modify,0.19190109191983415,24,0.0,0.0,0.45,0.0,0.0,0.09517961740493774,0.04437901692541804,0.28938439562916757,0.0,0.0
assured,ev_coincidence,404,72,modify,0.28763159979685055,24,0.0,0.0,0.45,0.0,0.0,0.2302574157714844,0.1137456901681506,0.32048020362854,0.0,0.0
assured,ev_coincidence,404,73,modify,0.2762614997982914,24,0.0,0.0,0.45,0.0,0.0,0.21929473876953126,0.11407979456219342,0.3266467094421387,0.0,0.0
assured,ev_coincidence,404,74,modify,0.3526806804019147,24,0.0,0.0,0.45,0.0,0.0,0.2777162313461304,0.1511757658681208,0.2937846198678017,0.0,0.0
assured,ev_coincidence,404,75,modify,0.3000510721513314,24,0.0,0.0,0.45,0.0,0.0,0.23558490276336672,0.1302680876057778,0.31748349219560623,0.0,0.0
assured,ev_coincidence,404,76,modify,0.29411691972078374,24,0.0,0.0,0.45,0.0,0.0,0.24269909858703614,0.09468199063974583,0.3134817570447922,0.0,0.0
assured,ev_coincidence,404,77,modify,0.22775461863406313,24,0.0,0.0,0.45,0.0,0.0,0.19316058158874513,0.052494944357844776,0.34134717285633087,0.0,0.0
assured,ev_coincidence,404,78,modify,0.20933447273322867,24,0.0,0.0,0.45,0.0,0.0,0.17957520484924316,0.037019380123026996,0.34898894727230073,0.0,0.0
assured,ev_coincidence,404,79,modify,0.22527359450727286,24,0.0,0.0,0.45,0.0,0.0,0.19446411132812502,0.03109004811238312,0.34061393737792967,0.0,0.0
assured,ev_coincidence,404,80,modify,0.2146846066195847,24,0.0,0.0,0.45,0.0,0.0,0.10923904180526733,0.013219338203955398,0.2656591169536114,0.0,0.0
assured,ev_coincidence,404,81,modify,0.2110614618609829,24,0.0,0.0,0.45,0.0,0.0,0.1831978797912598,0.019142121614634133,0.34695119261741636,0.0,0.0
assured,ev_coincidence,404,82,modify,0.1732563751863718,24,0.0,0.0,0.45,0.0,0.0,0.08825211524963379,0.007109689304152875,0.30107455551624296,0.0,0.0
assured,ev_coincidence,404,83,modify,0.16724247877950188,24,0.0,0.0,0.45,0.0,0.0,0.08520375490188599,0.006106894697271918,0.3062186636030674,0.0,0.0
assured,ev_coincidence,404,84,modify,0.017803004625211526,24,0.0,0.0,0.45,0.0,0.0,0.008662907059857351,0.0005898159700925171,0.4344580203294754,0.0,0.0
assured,ev_coincidence,404,85,modify,0.15985572067743622,24,0.0,0.0,0.45,0.0,0.0,0.07710018257260313,0.005249383222532102,0.31006481051445006,0.0,0.0
assured,ev_coincidence,404,86,modify,0.002493865841623979,24,0.0,0.0,0.45,0.0,0.0,0.0011037911441929816,7.515186761133657e-05,0.44776496887207035,0.0,0.0
assured,ev_coincidence,505,8,modify,0.08256257225861774,24,0.0,0.0,0.45,0.0,0.0,0.0,0.0,0.3779938995838165,0.0,0.04039430455910801
assured,ev_coincidence,505,16,modify,0.032716168086211854,24,0.0,0.0,0.45,0.0,0.0,0.0,0.0,0.42129741311073304,0.0,0.01570061018270777
assured,ev_coincidence,505,38,modify,0.3683242805099971,24,0.0,0.0,0.45,0.0,0.0,-0.1494589924812317,-0.015450197736073212,0.11371726691722872,0.0,0.0
assured,ev_coincidence,505,39,modify,0.4920328764104248,24,0.022355432933907744,0.003353222374953887,0.348977593724062,0.0,0.0,-0.35569116306049353,-0.03669849399582113,0.03661084974910339,0.0,0.0
assured,ev_coincidence,505,40,modify,0.253358523718224,24,0.0011747976173463997,0.008433920113818365,0.305332396962339,0.0,0.0,0.000659317596584897,0.004733267974948696,0.17135804427270698,0.20174031284428612,0.0743525385555651
assured,ev_coincidence,505,41,modify,0.4623103745570791,24,0.1125532939865453,0.0160206274717289,0.30794901933673396,0.0,0.0,0.027726094062647325,0.003946480893547958,0.07585938335710504,0.3628333396382546,0.14448464305378872
assured,ev_coincidence,505,42,modify,0.456853704875632,24,0.0,0.0,0.0,0.0,0.0,0.0,0.0,0.0,0.43970049145142825,0.12401123124928448
assured,ev_coincidence,505,43,modify,0.5443128828573464,24,0.0,0.0,0.0,0.0,0.0,-0.17655174732208254,-0.09734659506564408,0.0,0.4896149706859725,0.1261222259211064
assured,ev_coincidence,505,44,modify,0.4792154285268207,24,-9.117830749939594e-07,-1.4034304148705851e-08,0.05283983051806696,0.0,0.0,-0.15923310030147755,-0.08787887088116923,0.010770629456473037,0.42776557903332996,0.10870434818070357
assured,ev_coincidence,505,45,modify,0.8370917107262783,24,0.04674409160008061,0.07584905044472312,0.2727334651683039,0.0,0.0,0.014745368564841835,0.023926493505733115,0.08603344992303064,0.7886139356053719,0.2005837153113378
assured,ev_coincidence,505,46,modify,0.8104567970032365,24,0.0,0.0,0.0,0.0,0.0,0.0,0.0,0.0,0.7860178470611572,0.19752509691198372
assured,ev_coincidence,505,47,modify,0.6239955095261968,24,0.0,0.0,0.0,0.0,0.0,-0.19613817930221558,-0.10878353134955454,0.0,0.569001518772335,0.1237078229974424
assured,ev_coincidence,505,48,modify,0.8669443318570612,24,-1.4559600002061725e-09,-0.00013055876477398982,0.06635528537009498,0.0,0.0,-4.407142076949493e-10,-3.951970010635753e-05,0.020085522276788233,0.8367640256881713,0.22198545129893016
assured,ev_coincidence,505,49,modify,0.624243320006303,24,0.0,0.0,0.0,0.0,0.0,-0.19624686241149902,-0.10951596408197742,0.0,0.5735038001773277,0.10132391800306906
assured,ev_coincidence,505,50,modify,0.6241586912021786,24,0.0,0.0,0.0,0.0,0.0,-0.1986396312713623,-0.11133454358419291,0.0,0.5644346175902472,0.13832769268026068
assured,ev_coincidence,505,51,modify,0.7663848276429731,24,0.01099437210654704,0.004156495198214082,0.2028914988579517,0.0,0.0,0.004125779481944912,0.0015597782610415993,0.0761376434176455,0.7372222373686205,0.16651911721504667
assured,ev_coincidence,505,52,modify,0.7873903787446546,24,0.0,0.0,0.0,0.0,0.0,0.0,0.0,0.0,0.7659295872807644,0.18258005331242616
assured,ev_coincidence,505,53,modify,0.5521642830854622,24,0.0,0.0,0.0,0.0,0.0,0.0,0.0,0.0,0.5400482003126382,0.11503624148225183
assured,ev_coincidence,505,54,modify,0.489092886514182,24,0.0,0.0,0.0,0.0,0.0,0.0,0.0,0.0,0.47698178971834415,0.1081675733103956
assured,ev_coincidence,505,55,modify,0.36865069626937746,24,0.0,0.0,0.0,0.0,0.0,0.0,0.0,0.0,0.3578622276766856,0.08853226452642485
assured,ev_coincidence,505,56,modify,0.42106017446070876,24,0.08450690658974448,0.19315607180991695,0.3087529691505657,0.0,0.0,0.027302073585295204,0.062403908731418434,0.09975038282196588,0.32436547308620267,0.08959971108005535
assured,ev_coincidence,505,57,modify,0.3954929214830298,24,0.164473959448249,0.24829018624832308,0.3541282934891317,0.0,0.0,0.06519075804715421,0.09841208609251126,0.14036198785477333,0.2723186627721381,0.06511961638284314
assured,ev_coincidence,505,58,modify,0.18958618105846692,24,0.014551896837521608,0.17489178573130884,0.3293845226355998,0.0,0.0,0.009788679187670707,0.11764511542360538,0.22156832593468825,0.13912422034488583,0.04078197625193098
assured,ev_coincidence,505,60,modify,0.31216554188595175,24,0.2813497972240211,0.12393623501047699,0.3928482482112474,0.0,0.0,0.10528813360812331,0.04638004007616456,0.14701364370434875,0.0,0.0
assured,ev_coincidence,505,70,modify,0.00834990292688378,24,0.0,0.0,0.45,0.0,0.0,0.004154670238494873,0.0018180727655035625,0.44298899397253994,0.0,0.0
assured,ev_coincidence,505,71,modify,0.30373417462568025,24,0.0,0.0,0.45,0.0,0.0,0.15064688920974734,0.07024151838683602,0.19578337445855137,0.0,0.0
assured,ev_coincidence,505,72,modify,0.3175084336241949,24,0.0,0.0,0.45,0.0,0.0,0.2541746854782105,0.1255606683768406,0.30702673941850667,0.0,0.0
assured,ev_coincidence,505,73,modify,0.24635256946481268,24,0.0,0.0,0.45,0.0,0.0,0.19555320739746096,0.10172916072248199,0.3400013208389282,0.0,0.0
assured,ev_coincidence,505,74,modify,0.3231634151652848,24,0.0,0.0,0.45,0.0,0.0,0.25447304248809816,0.13852325773131344,0.3068589136004448,0.0,0.0
assured,ev_coincidence,505,75,modify,0.3444685238272657,24,0.0,0.0,0.45,0.0,0.0,0.2692628622055054,0.15236743187490367,0.29853964000940325,0.0,0.0
assured,ev_coincidence,505,76,modify,0.34407543087578424,24,0.0,0.0,0.45,0.0,0.0,0.28300318717956546,0.11382384302095884,0.2908107072114945,0.0,0.0
assured,ev_coincidence,505,77,modify,0.2197341022884811,24,0.0,0.0,0.45,0.0,0.0,0.111050283908844,0.028864196334609783,0.26260264590382576,0.0,0.0
assured,ev_coincidence,505,78,modify,0.2506824321867139,24,0.0,0.0,0.45,0.0,0.0,0.21444573402404787,0.04800149310620874,0.32937427461147306,0.0,0.0
assured,ev_coincidence,505,79,modify,0.29979992236703945,24,0.0,0.0,0.45,0.0,0.0,0.15230835676193238,0.024953888498114817,0.1929796479642391,0.0,0.0
assured,ev_coincidence,505,80,modify,0.3122527916874915,24,0.0,0.0,0.45,0.0,0.0,0.1588244915008545,0.02106736782216698,0.18198367059230802,0.0,0.0
assured,ev_coincidence,505,81,modify,0.18261643036942274,24,0.0,0.0,0.45,0.0,0.0,0.09296185970306398,0.009882903285632164,0.29312686175107955,0.0,0.0
assured,ev_coincidence,505,82,modify,0.24333139141225352,24,0.0,0.0,0.45,0.0,0.0,0.2113741159439087,0.01986023583355911,0.3311020597815514,0.0,0.0
assured,ev_coincidence,505,83,modify,0.09351411489784937,24,0.0,0.0,0.45,0.0,0.0,0.04764413833618164,0.0032937561447745917,0.3696005165576935,0.0,0.0
assured,ev_coincidence,505,84,modify,0.1353751959897851,24,0.0,0.0,0.45,0.0,0.0,0.06847191423835211,0.004495990739757131,0.3333045557141304,0.0,0.0
assured,ev_coincidence,505,85,modify,0.109881893940641,24,0.0,0.0,0.45,0.0,0.0,0.05188793911318562,0.003407056694017419,0.3532009072601795,0.0,0.0
assured,ev_coincidence,606,5,modify,0.04285377647487452,24,0.0,0.04349999998865626,0.45,0.0,0.0,0.0,0.039883538951009864,0.41258833408355716,0.0,0.020584815303474613
assured,ev_coincidence,606,38,modify,0.31388950027632695,24,0.0,0.0,0.45,0.0,0.0,-0.1273703932762146,-0.013166807357449864,0.16341661512851713,0.0,0.0
assured,ev_coincidence,606,39,modify,0.36152226980625285,24,0.08979802631541439,0.008292065356115026,0.4309239624407562,0.0,0.0,0.03825368080099654,0.0035323941330253506,0.18357227196517628,0.23987598790929265,0.09641332472546149
assured,ev_coincidence,606,40,modify,0.23727309894461632,24,0.001651409578053273,0.0028372289980661053,0.36155454367442774,0.0,0.0,0.0009965776598688484,0.001712185198016057,0.21818765364965506,0.17986876896127846,0.05822361850115072
assured,ev_coincidence,606,41,modify,0.4091461536413164,24,0.0,0.0,0.0,0.0,0.0,0.0,0.0,0.0,0.3852443765824915,0.13779457663874575
assured,ev_coincidence,606,42,modify,0.49632887560538747,24,0.0,0.0,0.0,0.0,0.0,0.0,0.0,0.0,0.47443183155406154,0.1457970849090158
assured,ev_coincidence,606,43,modify,0.5719795441929016,24,0.0006905690301158892,0.0024315367682930323,0.28446577187636757,0.0,0.0,5.6851329726324384e-05,0.000200177089512268,0.023418741193885817,0.49112519394055504,0.13343803827878786
assured,ev_coincidence,606,44,modify,0.49337282692068846,24,2.4430609675525705e-07,1.1903481951922074e-05,0.07608064009175793,0.0,0.0,2.281811700083196e-08,1.111781684958727e-06,0.0071059092268623975,0.468653390638383,0.13792473372265082
assured,ev_coincidence,606,45,modify,0.5352736900385533,24,0.0,0.0,0.0,0.0,0.0,-0.17304710149765015,-0.0956203530798901,0.0,0.48334907887420997,0.11748633937220566
assured,ev_coincidence,606,46,modify,0.825955718393865,24,0.0,0.0,0.0,0.0,0.0,0.0,0.0,0.0,0.8021658182144165,0.19680662802843138
assured,ev_coincidence,606,47,modify,0.7840550601238719,24,0.0,0.0,0.0,0.0,0.0,0.0,0.0,0.0,0.7701001167297363,0.1472689631887686
assured,ev_coincidence,606,48,modify,0.7828568670555875,24,0.0,0.0,0.0,0.0,0.0,0.0,0.0,0.0,0.7595875024795532,0.1894510500708948
assured,ev_coincidence,606,49,modify,0.8056680779083335,24,0.0,0.0,0.0,0.0,0.0,0.0,0.0,0.0,0.7849039793014526,0.18173275719378015
assured,ev_coincidence,606,50,modify,0.5301003210004713,24,0.0,0.0,0.0,0.0,0.0,0.0,0.0,0.0,0.5160868878265544,0.12108127245079701
assured,ev_coincidence,606,51,modify,0.8216296578617303,24,0.0,0.0,0.0,0.0,0.0,0.0,0.0,0.0,0.7997170890096688,0.18848838750407268
assured,ev_coincidence,606,52,modify,0.6216124531595904,24,0.0,0.0,0.0,0.0,0.0,-0.19524086713790895,-0.1107646103128024,0.0,0.5668792994131,0.12108718644632564
assured,ev_coincidence,606,53,modify,0.7471914142444289,24,0.0,0.0,0.0,0.0,0.0,0.0,0.0,0.0,0.7285766177878915,0.16574414479355373
assured,ev_coincidence,606,54,modify,0.4301610741743331,24,0.0,0.0,0.0,0.0,0.0,0.0,0.0,0.0,0.4137637792566658,0.11763538885070789
assured,ev_coincidence,606,55,modify,0.4565350771938911,24,0.00010566097780911521,0.0026291030491293974,0.23745631768122447,0.0,0.0,1.984912618122696e-05,0.0004938947116303895,0.044607768259527975,0.4024585087613518,0.0962096457827908
assured,ev_coincidence,606,56,modify,0.3701825182960449,24,-0.0014982354212925773,-4.8369813049237616e-09,0.08728742574306027,0.0,0.0,-0.0003942473995847916,-1.2728088484660448e-09,0.02296891404820947,0.35862245280766014,0.06547475435636588
assured,ev_coincidence,606,57,modify,0.34318574273081476,24,0.0009024023020183648,0.006739687333070905,0.38199813483653283,0.0,0.0,-0.15232764843904206,-0.0902665733881651,0.09064475671217226,0.0,0.0
assured,ev_coincidence,606,58,modify,0.4627272191753983,24,0.21891731683872603,0.14193440038091965,0.4499993012979116,0.0,0.0,0.024172586666946216,0.015672225677589247,0.04968838129284425,0.0,0.0
assured,ev_coincidence,606,70,modify,0.16692520152040966,24,0.0,0.0,0.45,0.0,0.0,0.08305715322494507,0.036345591729377236,0.3098410539329052,0.0,0.0
assured,ev_coincidence,606,71,modify,0.21920775051487298,24,0.0,0.0,0.45,0.0,0.0,0.10872324705123902,0.050693950581304076,0.2665295206010342,0.0,0.0
assured,ev_coincidence,606,72,modify,0.3280896585356281,24,0.0,0.0,0.45,0.0,0.0,0.1621964693069458,0.08012401807925004,0.17629345804452895,0.0,0.0
assured,ev_coincidence,606,73,modify,0.29610592513824235,24,0.0,0.0,0.45,0.0,0.0,0.23504712581634524,0.12227437819993991,0.3177859917283058,0.0,0.0
assured,ev_coincidence,606,74,modify,0.27602077982494716,24,0.0,0.0,0.45,0.0,0.0,0.2173508644104004,0.11831567506901572,0.32774013876914976,0.0,0.0
assured,ev_coincidence,606,75,modify,0.27182962730675797,24,0.0,0.0,0.45,0.0,0.0,0.21248276233673097,0.12023734929410274,0.33047844618558886,0.0,0.0
assured,ev_coincidence,606,76,modify,0.24842477472004523,24,0.0,0.0,0.45,0.0,0.0,0.1997447729110718,0.09587974737594299,0.33764356523752215,0.0,0.0
assured,ev_coincidence,606,77,modify,0.39279339986711276,24,0.0,0.0,0.45,0.0,0.0,0.1969545602798462,0.0709354719386368,0.11763917952775954,0.0,0.0
assured,ev_coincidence,606,78,modify,0.31863590245896195,24,0.0,0.0,0.45,0.0,0.0,0.1609074354171753,0.04368512524973846,0.17846870273351667,0.0,0.0
assured,ev_coincidence,606,79,modify,0.22834095780093222,24,0.0,0.0,0.45,0.0,0.0,0.19555318355560303,0.04241272148695065,0.3400013342499733,0.0,0.0
assured,ev_coincidence,606,80,modify,0.27083689058549115,24,0.0,0.0,0.45,0.0,0.0,0.13759398460388184,0.022547521268523687,0.21781015098094939,0.0,0.0
assured,ev_coincidence,606,81,modify,0.3358036617707868,24,0.0,0.0,0.45,0.0,0.0,0.17078540325164795,0.023173113448755077,0.16179963201284409,0.0,0.0
assured,ev_coincidence,606,82,modify,0.1401475549232985,24,0.0,0.0,0.45,0.0,0.0,0.07134205102920532,0.00761356449676703,0.32961028888821603,0.0,0.0
assured,ev_coincidence,606,83,modify,0.19961452628951734,24,0.0,0.0,0.45,0.0,0.0,0.1016392469406128,0.009879559905824134,0.2784837707877159,0.0,0.0
assured,ev_coincidence,606,85,modify,0.0544890339469169,24,0.0,0.0,0.45,0.0,0.0,0.027752685546875003,0.0023548921005217462,0.4031673431396484,0.0,0.0
assured,ev_coincidence,707,37,modify,0.39643558859825134,24,0.0,0.0,0.45,0.0,0.0,0.0,0.0,0.05356441140174867,0.0,0.0
assured,ev_coincidence,707,38,modify,0.46407353217360703,24,0.0,0.0,0.4469795648115653,0.0,0.0,-0.18937116861343384,-0.019576085399854573,0.02375435213811422,0.0,0.0
assured,ev_coincidence,707,39,modify,0.31804692720374733,24,0.0,0.0,0.0,0.0,0.0,0.0,0.0,0.0,0.3015297390759524,0.10116157549452187
assured,ev_coincidence,707,40,modify,0.328641920492194,24,1.3641033416488942e-05,0.003819803083207829,0.24923122140043175,0.0,0.0,5.646979329071705e-06,0.0015812840855536116,0.10317426198122917,0.27905687968977705,0.09378231910446932
assured,ev_coincidence,707,41,modify,0.44350632913074944,24,-5.1791078909298985e-09,-4.2949099878235685e-06,0.1837023630984237,0.0,0.0,-1.1490707897980236e-09,-9.528968532327195e-07,0.040757409171363806,0.39943624008038636,0.12928764142445437
assured,ev_coincidence,707,42,modify,0.4741072378120084,24,0.0,0.0,0.0,0.0,0.0,0.0,0.0,0.0,0.452925175962257,0.14013014638289234
assured,ev_coincidence,707,43,modify,0.6608531718154332,24,0.0,0.0,0.0,0.0,0.0,0.0,0.0,0.0,0.6364638663654231,0.17787822101003636
assured,ev_coincidence,707,44,modify,0.5488563873158468,24,0.0,0.0,0.0,0.0,0.0,-0.17667325735092165,-0.097503998588064,0.0,0.4941769299222581,0.1277185430012742
assured,ev_coincidence,707,45,modify,0.5931151997430472,24,0.0,0.0,0.0,0.0,0.0,-0.18820401430130007,-0.1039955835306919,0.0,0.529587996203471,0.15838674834219574
assured,ev_coincidence,707,46,modify,0.8630634488062818,24,0.011194147066538915,0.0733910280687555,0.2366860033157416,0.0,0.0,0.0034182816605180842,0.022410926335235386,0.07227521843570639,0.8244697942536654,0.1882491274568631
assured,ev_coincidence,707,47,modify,0.5494296313618318,24,0.0,0.0,0.0,0.0,0.0,-0.18049504756927492,-0.1001074280160291,0.0,0.4922250610228125,0.13033591131559857
assured,ev_coincidence,707,48,modify,0.7603328421558784,24,0.0003493197305647262,0.023572975971671736,0.26603378156325336,0.0,0.0,0.000132204249661578,0.008921476023089443,0.10068368144949424,0.7237109985080833,0.16368583415116716
assured,ev_coincidence,707,49,modify,0.8672937741453156,24,0.0,0.0,0.0,0.0,0.0,0.0,0.0,0.0,0.8467769556476602,0.18752940584160716
assured,ev_coincidence,707,50,modify,0.808156022155922,24,0.0,0.0,0.0,0.0,0.0,0.0,0.0,0.0,0.7897709369659424,0.1714001845705558
assured,ev_coincidence,707,51,modify,0.805132887034528,24,0.0,0.0,0.0,0.0,0.0,0.0,0.0,0.0,0.7834322690963745,0.1856686444261924
assured,ev_coincidence,707,52,modify,0.6967827845053779,24,0.11027758354026762,0.052178317100005735,0.44999994218719774,0.0,0.0,0.0042263831097020255,0.0019997315048494516,0.017246226240824336,0.5215962412362646,0.11136913253132386
assured,ev_coincidence,707,53,modify,0.5186747719457195,24,0.0,0.0,0.0,0.0,0.0,-0.17027018070220948,-0.09739094718393951,0.0,0.4682867491617994,0.1060853834544146
assured,ev_coincidence,707,54,modify,0.6235758610181639,24,1.9855653610929586e-05,0.019457802360061553,0.09632461002735551,0.0,0.0,9.024694377114554e-06,0.008843864976229946,0.04378098971333381,0.6117147921636147,0.1085282436648105
assured,ev_coincidence,707,55,modify,0.6776345124830289,24,0.3143251696822381,0.29254395418321144,0.41290282162523784,0.0,0.0,0.043319097532899364,0.0403172933835807,0.05690469401376663,0.4308990568891279,0.098576309818102
assured,ev_coincidence,707,56,modify,0.22572468927058312,24,0.08108638615978374,0.1281736708792283,0.29816553246713656,0.0,0.0,0.04790688953601419,0.07572666859436476,0.17616006710673293,0.17296375704026934,0.047940311577336504
assured,ev_coincidence,707,57,modify,0.2821127927664881,24,0.12956066260041146,0.11120105166422124,0.3567933957485722,0.0,0.0,0.06794287740043006,0.05831491803436546,0.18710594294653893,0.20347706474600208,0.052888427308348314
assured,ev_coincidence,707,58,modify,0.4500822552656028,24,0.25422741356878636,0.12331964714181785,0.37668371538648326,0.0,0.0,0.011229745659661922,0.005447281443026475,0.01663889137109975,0.0,0.0
assured,ev_coincidence,707,59,modify,0.4963100408257055,24,0.44642944937243645,0.15420043553482457,0.44999999907786836,0.0,0.0,0.10679103148134339,0.036886508246230035,0.10764514781827972,0.0,0.0
assured,ev_coincidence,707,71,modify,0.29984957061122935,24,0.0,0.0,0.45,0.0,0.0,0.14872019290924074,0.06934316546147654,0.19903467446565626,0.0,0.0
assured,ev_coincidence,707,72,modify,0.2905642163275823,24,0.0,0.0,0.45,0.0,0.0,0.1436451554298401,0.07095978771816777,0.20759880021214486,0.0,0.0
assured,ev_coincidence,707,73,modify,0.2742110486438275,24,0.0,0.0,0.45,0.0,0.0,0.2176671028137207,0.11323307851007669,0.3275622546672821,0.0,0.0
assured,ev_coincidence,707,74,modify,0.27875568892678865,24,0.0,0.0,0.45,0.0,0.0,0.219504451751709,0.11948798759143521,0.3265287458896637,0.0,0.0
assured,ev_coincidence,707,75,modify,0.23715448456078297,24,0.0,0.0,0.45,0.0,0.0,0.18537802696228028,0.10489962731184913,0.34572485983371737,0.0,0.0
assured,ev_coincidence,707,76,modify,0.2805620371148193,24,0.0,0.0,0.45,0.0,0.0,0.22105784416198732,0.11994497860730893,0.32565496265888216,0.0,0.0
assured,ev_coincidence,707,77,modify,0.22090116262715642,24,0.0,0.0,0.45,0.0,0.0,0.18215956687927248,0.07152754397087645,0.3475352436304092,0.0,0.0
assured,ev_coincidence,707,78,modify,0.23378137410019462,24,0.0,0.0,0.45,0.0,0.0,0.19699335098266602,0.05973917699524869,0.3391912400722504,0.0,0.0
assured,ev_coincidence,707,79,modify,0.2575741607630855,24,0.0,0.0,0.45,0.0,0.0,0.13042932748794556,0.029813642276034093,0.22990050986409186,0.0,0.0
assured,ev_coincidence,707,80,modify,0.1209759034673906,24,0.0,0.0,0.45,0.0,0.0,0.061382544040679936,0.011743325571750606,0.3464169569313526,0.0,0.0
assured,ev_coincidence,707,81,modify,0.16258602490063534,24,0.0,0.0,0.45,0.0,0.0,0.08255271911621094,0.01458166713768187,0.310692286491394,0.0,0.0
assured,ev_coincidence,707,82,modify,0.1190273116207578,24,0.0,0.0,0.45,0.0,0.0,0.06048350334167481,0.009581041980594803,0.34793408811092374,0.0,0.0
assured,ev_coincidence,707,83,modify,0.24969041429927352,24,0.0,0.0,0.45,0.0,0.0,0.12693955898284912,0.01858791462577053,0.2357894942164421,0.0,0.0
assured,ev_coincidence,707,85,modify,0.02039212673515632,24,0.0,0.0,0.45,0.0,0.0,0.010375511646270753,0.0012782249338891096,0.4324913240969181,0.0,0.0
assured,ev_coincidence,808,12,modify,0.01062629535430958,24,0.0,0.0,0.45,0.0,0.0,0.0,0.0,0.44064158499240874,0.0,0.005033708523813419
assured,ev_coincidence,808,37,modify,0.2246466510541465,24,0.0,0.0,0.45,0.0,0.0,-0.09115746021270753,-0.009416334516592954,0.2448957145214081,0.0,0.0
assured,ev_coincidence,808,38,modify,0.3189811064274354,24,-4.103381758937261e-09,1.1806245804816244e-05,0.24488281972672613,0.0,0.0,-0.2709962619663844,-0.028010203062581934,0.0789769986225812,0.0,0.0
assured,ev_coincidence,808,39,modify,0.3269326670867122,24,0.0,0.0,0.0,0.0,0.0,-0.325196123123169,-0.0336518991156773,0.0,0.0,0.0
assured,ev_coincidence,808,40,modify,0.19809688170235926,24,0.1492959101628682,0.036352287027074805,0.3149589352498624,0.0,0.0,0.09786048725422518,0.02382819808924527,0.20644929144408222,0.14701653859388297,0.05524231700156067
assured,ev_coincidence,808,41,modify,0.2651576671490057,24,-1.5949997522663892e-07,-1.9406954358712136e-07,0.206676799882218,0.0,0.0,-8.127815206073912e-08,-9.889414623180365e-08,0.10531856412130834,0.22927541255850065,0.08641690625944018
assured,ev_coincidence,808,42,modify,0.4584184197181811,24,7.84511292099065e-09,-1.223429783004134e-09,0.1055272316465689,0.0,0.0,1.224384388268932e-09,-1.9094031424908463e-10,0.016469602957478208,0.4287415804787879,0.13563496406805098
assured,ev_coincidence,808,43,modify,0.538536105547689,24,-3.691811974781432e-09,9.184881182083222e-07,0.13080573491604866,0.0,0.0,-0.17350021649639377,-0.09566392880004145,0.017331618601452367,0.469249753711633,0.13302384634629558
assured,ev_coincidence,808,44,modify,0.7102914136912867,24,0.11910124614043512,0.06414162808840129,0.30311187932067485,0.0,0.0,0.048233417247923696,0.025975965918115282,0.12275372610994742,0.6645178213758867,0.15466747255642568
assured,ev_coincidence,808,45,modify,0.5776120771860208,24,-4.131395364383913e-11,0.013211265294908129,0.2562797952718384,0.0,0.0,-2.7382399016114676e-12,0.0008756270119571787,0.016985921208119814,0.5083320235623541,0.13349359308926176
assured,ev_coincidence,808,46,modify,0.5905601740093274,24,0.0,0.0,0.0,0.0,0.0,-0.18820780515670776,-0.10416591432334377,0.0,0.5292161197464402,0.14972942963133515
assured,ev_coincidence,808,47,modify,0.8184803673778125,24,0.0,0.0,0.0,0.0,0.0,0.0,0.0,0.0,0.7958614826202393,0.19108796996261584
assured,ev_coincidence,808,48,modify,0.852534971175976,24,0.01004966242028086,0.06428018886623876,0.23642187599162354,0.0,0.0,0.0032351817108180487,0.020693042481537777,0.07610879821215102,0.8136966705322265,0.1925280396678969
assured,ev_coincidence,808,49,modify,0.8326346086286864,24,0.0,0.0,0.0,0.0,0.0,0.0,0.0,0.0,0.812638235092163,0.18138216657803005
assured,ev_coincidence,808,50,modify,0.7663483276368696,24,0.0,0.0,0.0,0.0,0.0,0.0,0.0,0.0,0.7524633585961925,0.14521932805919657
assured,ev_coincidence,808,51,modify,0.7632673021837783,24,0.0,0.0,0.0,0.0,0.0,0.0,0.0,0.0,0.7480478161524178,0.1516622541455245
assured,ev_coincidence,808,52,modify,0.7947394665889311,24,0.0,0.0,0.0,0.0,0.0,0.0,0.0,0.0,0.7793892860412598,0.15544504031378467
assured,ev_coincidence,808,53,modify,0.8704750516571754,24,0.0,0.0,0.0,0.0,0.0,0.0,0.0,0.0,0.8538172245025635,0.16947850217741875
assured,ev_coincidence,808,54,modify,0.5058242109511338,24,-1.7960549814860764e-09,-0.0018044336209511796,0.08189023352518411,0.0,0.0,-1.2248965105333794e-10,-0.00012306106820646613,0.00558485471356597,0.4839837763170946,0.1256682091737446
assured,ev_coincidence,808,55,modify,0.5214026573576028,24,0.0,0.0,0.0,0.0,0.0,0.0,0.0,0.0,0.5105791966361,0.10568639960753952
assured,ev_coincidence,808,56,modify,0.25742792161172706,24,0.0002292688044911099,-3.1878196800650198e-09,0.17840528928196656,0.0,0.0,0.00011041525187861637,-1.5352455546634907e-09,0.08591951703272212,0.2343151784910632,0.05302734916369665
assured,ev_coincidence,808,57,modify,0.3327261687269866,24,0.15653920217935663,0.09515778990796644,0.3318121250768076,0.0,0.0,0.067936485938419,0.041297552089262606,0.14400322382919475,0.24869052150512946,0.05325577844939365
assured,ev_coincidence,808,58,modify,0.1665231724167072,24,0.1282466358983459,0.05416249271813571,0.33805585298601254,0.0,0.0,0.09045170679501502,0.03820053349790156,0.23842909157372988,0.12263014599159469,0.03291020887552139
assured,ev_coincidence,808,60,modify,0.26899703960978705,24,0.32929814955177467,0.08434116680292025,0.40927088619055846,0.0,0.0,0.1628025989708978,0.04169765659006396,0.20234053560774515,0.0,0.0
assured,ev_coincidence,808,70,modify,0.1136988019862129,24,0.0,0.0,0.45,0.0,0.0,0.056573235988616945,0.024756299225464365,0.35453266426920893,0.0,0.0
assured,ev_coincidence,808,71,modify,0.2317343684718689,24,0.0,0.0,0.45,0.0,0.0,0.1149362325668335,0.0535908543183813,0.2560451075434685,0.0,0.0
assured,ev_coincidence,808,72,modify,0.31297197860077053,24,0.0,0.0,0.45,0.0,0.0,0.154722797870636,0.07643207220743187,0.18890527859330175,0.0,0.0
assured,ev_coincidence,808,73,modify,0.2426634814140857,24,0.0,0.0,0.45,0.0,0.0,0.19262483119964602,0.10020578375082269,0.3416485324501991,0.0,0.0
assured,ev_coincidence,808,74,modify,0.2748707482465301,24,0.0,0.0,0.45,0.0,0.0,0.21644527912139894,0.11782271666698026,0.3282495304942131,0.0,0.0
assured,ev_coincidence,808,75,modify,0.3447615143999264,24,0.0,0.0,0.45,0.0,0.0,0.16887370347976685,0.09556034686572519,0.16502562537789345,0.0,0.0
assured,ev_coincidence,808,76,modify,0.2720161480779288,24,0.0,0.0,0.45,0.0,0.0,0.21345791816711426,0.1183709344530696,0.3299299210309982,0.0,0.0
assured,ev_coincidence,808,77,modify,0.2884081178680218,24,0.0,0.0,0.45,0.0,0.0,0.23693313598632815,0.09633138371240417,0.3167251110076904,0.0,0.0
assured,ev_coincidence,808,78,modify,0.2220434816454084,24,0.0,0.0,0.45,0.0,0.0,0.1877753734588623,0.0537341784851985,0.34437635242938996,0.0,0.0
assured,ev_coincidence,808,79,modify,0.21398245742701374,24,0.0,0.0,0.45,0.0,0.0,0.18319470882415773,0.040118594804739886,0.3469529762864113,0.0,0.0
assured,ev_coincidence,808,80,modify,0.23862119512273383,24,0.0,0.0,0.45,0.0,0.0,0.2057602882385254,0.034741810761050866,0.33425983786582947,0.0,0.0
assured,ev_coincidence,808,81,modify,0.3075422254303508,24,0.0,0.0,0.45,0.0,0.0,0.15646625757217408,0.019623807282306855,0.18596319034695624,0.0,0.0
assured,ev_coincidence,808,82,modify,0.16478094459024833,24,0.0,0.0,0.45,0.0,0.0,0.08389482498168946,0.008464066829255965,0.30842748284339905,0.0,0.0
assured,ev_coincidence,808,83,modify,0.2592330593482097,24,0.0,0.0,0.45,0.0,0.0,0.13201779127120972,0.011922386565946725,0.2272199772298336,0.0,0.0
assured,ev_coincidence,808,84,modify,0.012354658287917824,24,0.0,0.0,0.45,0.0,0.0,0.006293785572052003,0.000474588912186122,0.43937923684716224,0.0,0.0
assured,ev_coincidence,808,85,modify,0.03239478570656056,24,0.0,0.0,0.45,0.0,0.0,0.01650294065475464,0.0012346298610327966,0.42215128764510157,0.0,0.0
assured,ev_coincidence,909,9,modify,0.04055982668040105,24,0.0,0.0,0.45,0.0,0.0,0.0,0.0,0.41444318890571596,0.0,0.01951442351568633
assured,ev_coincidence,909,38,modify,0.26156448251697084,24,0.0,0.0,0.45,0.0,0.0,-0.10613789558410645,-0.01097191575321947,0.21118973493576051,0.0,0.0
assured,ev_coincidence,909,39,modify,0.39686453385738335,24,0.0,0.0,0.0,0.0,0.0,0.0,0.0,0.0,0.3746053994650844,0.1310429430585359
assured,ev_coincidence,909,40,modify,0.221164069593806,24,0.0003983813964599371,0.0036028805794983453,0.11919380098990609,0.0,0.0,0.00022151225927832165,0.002003311962271626,0.06627540438349744,0.19874362966762288,0.08131155357012045
assured,ev_coincidence,909,41,modify,0.4728352017952792,24,0.0955679385053774,0.007898842005009059,0.45,0.0,0.0,0.029172106484355503,0.0024111209645927313,0.13736246824264525,0.3322834175762643,0.1047860229482357
assured,ev_coincidence,909,42,modify,0.4676850258508982,24,2.0267998356886844e-05,-1.3561090350270996e-09,0.2328263948963442,0.0,0.0,4.177675142876498e-06,-2.795235576254087e-10,0.0479905822685002,0.4170955988928757,0.10293817028029377
assured,ev_coincidence,909,43,modify,0.539608020470739,24,0.0,0.0,0.0,0.0,0.0,0.0,0.0,0.0,0.5234179571984454,0.1311886345631962
assured,ev_coincidence,909,44,modify,0.5663316300826177,24,0.0,0.0,0.0,0.0,0.0,-0.18102025985717773,-0.09990306074714574,0.0,0.5116876205658818,0.12711545211441827
assured,ev_coincidence,909,45,modify,0.6319523670176586,24,0.0,0.0,0.0,0.0,0.0,-0.19643830060958864,-0.10854558961195614,0.0,0.5776279335496691,0.1238531937083987
assured,ev_coincidence,909,46,modify,0.6221108373560589,24,0.0,0.0,0.0,0.0,0.0,-0.1951938033103943,-0.10803240054337082,0.0,0.5669588624391645,0.12572955833695265
assured,ev_coincidence,909,47,modify,0.696819839533511,24,0.0,0.0,0.0,0.0,0.0,0.0,0.0,0.0,0.6755320007335166,0.1709222184283838
assured,ev_coincidence,909,48,modify,0.7639604949215149,24,0.0,0.0,0.0,0.0,0.0,0.0,0.0,0.0,0.750011944770813,0.14531937414477403
assured,ev_coincidence,909,49,modify,0.857357137481484,24,-5.3090660487167245e-09,6.877893106125803e-07,0.22129837068029568,0.0,0.0,-1.6549797979618447e-09,2.144025717278583e-07,0.0689847007810889,0.825927472114563,0.17235317797622265
assured,ev_coincidence,909,50,modify,0.573183152536881,24,0.0,0.0,0.0,0.0,0.0,-0.18566594123840333,-0.10406298428267037,0.0,0.5175733308800112,0.12391863088386007
assured,ev_coincidence,909,51,modify,0.6771882826799887,24,0.0,0.0,0.0,0.0,0.0,0.0,0.0,0.0,0.660769085908751,0.1482166836303722
assured,ev_coincidence,909,52,modify,0.46989010957063654,24,0.0,0.0,0.0,0.0,0.0,-0.1576799273490906,-0.08945542991589106,0.0,0.4224983703973888,0.0970907238288206
assured,ev_coincidence,909,53,modify,0.4928347322637058,24,0.0,0.0,0.0,0.0,0.0,-0.16368616819381715,-0.09362503108624834,0.0,0.44334697407815565,0.10378210730808167
assured,ev_coincidence,909,54,modify,0.4715265944726652,24,0.031190790937301878,0.1532370248835397,0.28238406247371806,0.0,0.0,0.006460071198657994,0.0317376399017288,0.058485889396439505,0.3824887418284591,0.10264302563924632
assured,ev_coincidence,909,55,modify,0.5767399285520026,24,0.00023327823201089377,0.16740526059420535,0.44757189794582425,0.0,0.0,4.050279220845824e-05,0.029065637312157222,0.07770940059250125,0.4080998511644852,0.10073381351397385
assured,ev_coincidence,909,56,modify,0.2790462759104925,24,-0.0007301341034042819,0.025555143464470777,0.20549274372946047,0.0,0.0,-0.000330715461236766,0.01157524490147602,0.09307828138205347,0.24922331212885265,0.05405512322712164
assured,ev_coincidence,909,57,modify,0.09772892968115966,24,0.0,0.0,0.0,0.0,0.0,-0.08371924161911011,-0.050418570778495014,0.0,0.0,0.0
assured,ev_coincidence,909,58,modify,0.13434230832089283,24,0.0007952723912079114,-0.004632342061168953,0.2020695595720617,0.0,0.0,0.0005708918554897328,-0.003325359189883528,0.1450570484747639,0.11762900755348445,0.03096913648292406
assured,ev_coincidence,909,59,modify,0.33282015342615345,24,0.18108655246340974,0.32033051020950604,0.45,0.0,0.0,0.0774055550109877,0.13692546791805435,0.19235276877880098,0.0,0.0
assured,ev_coincidence,909,60,modify,9.131103543375674e-05,24,0.25230780898612154,0.12491663749068083,0.36785971137686463,0.0,0.0,0.2522904086092085,0.12488801832020437,0.36777476506937273,0.0,0.0
assured,ev_coincidence,909,61,modify,0.21184944070484066,24,0.557490477520283,0.1689643134492531,0.44999999742204105,0.0,0.0,0.44137705111501585,0.10667806882952516,0.28411364636640474,0.0,0.0
assured,ev_coincidence,909,70,modify,0.2619969007449382,24,0.0,0.0,0.45,0.0,0.0,0.13036208152770998,0.05704610389626161,0.23001398742198945,0.0,0.0
assured,ev_coincidence,909,71,modify,0.21862769054021125,24,0.0,0.0,0.45,0.0,0.0,0.10843554735183716,0.05055980600101151,0.2670150138437748,0.0,0.0
assured,ev_coincidence,909,72,modify,0.2560989112309117,24,0.0,0.0,0.45,0.0,0.0,0.20501458644866943,0.10127589399025048,0.33467929512262345,0.0,0.0
assured,ev_coincidence,909,73,modify,0.3032340572093906,24,0.0,0.0,0.45,0.0,0.0,0.24070539474487307,0.1252178786257412,0.3146032154560089,0.0,0.0
assured,ev_coincidence,909,74,modify,0.3606504353652698,24,0.0,0.0,0.45,0.0,0.0,0.1771649479866028,0.09644033611949578,0.1510341502726078,0.0,0.0
assured,ev_coincidence,909,75,modify,0.27096562726403906,24,0.0,0.0,0.45,0.0,0.0,0.21180739402770998,0.11985517949180491,0.3308583408594131,0.0,0.0
assured,ev_coincidence,909,76,modify,0.29597293086874255,24,0.0,0.0,0.45,0.0,0.0,0.14703445434570314,0.06646045591567572,0.20187935829162598,0.0,0.0
assured,ev_coincidence,909,77,modify,0.37398926170299696,24,0.0,0.0,0.45,0.0,0.0,0.3103120803833008,0.11448357001017667,0.2754494547843933,0.0,0.0
assured,ev_coincidence,909,78,modify,0.35206060903360287,24,0.0,0.0,0.45,0.0,0.0,0.17830359935760498,0.04026558326818537,0.1491126760840416,0.0,0.0
assured,ev_coincidence,909,79,modify,0.32343830658978406,24,0.0,0.0,0.45,0.0,0.0,0.1642336368560791,0.02882201636396967,0.1728557378053665,0.0,0.0
assured,ev_coincidence,909,80,modify,0.22382001434960486,24,0.0,0.0,0.45,0.0,0.0,0.11381665468215943,0.015873607100890332,0.257934395223856,0.0,0.0
assured,ev_coincidence,909,81,modify,0.2250667020136512,24,0.0,0.0,0.45,0.0,0.0,0.19510505199432374,0.023339336784783435,0.3402534082531929,0.0,0.0
assured,ev_coincidence,909,82,modify,0.16444698995277807,24,0.0,0.0,0.45,0.0,0.0,0.08374648094177246,0.007574893532860042,0.30867781341075895,0.0,0.0
assured,ev_coincidence,909,83,modify,0.0644305459536636,24,0.0,0.0,0.45,0.0,0.0,0.03281888961791992,0.0026577286077278783,0.39461812376976013,0.0,0.0
assured,ev_coincidence,909,84,modify,0.206093266926828,24,0.0,0.0,0.45,0.0,0.0,0.10498459339141847,0.008153052380998097,0.27283849865198134,0.0,0.0
assured,ev_coincidence,909,85,modify,0.04873462676325557,24,0.0,0.0,0.45,0.0,0.0,0.024556558019087158,0.0016816870093885245,0.40793800726532936,0.0,0.0
assured,ev_coincidence,1010,7,modify,0.0212160572358359,24,0.0,0.0,0.45,0.0,0.0,0.0,0.0,0.4313815265893936,0.0,0.010172194084503454
assured,ev_coincidence,1010,11,modify,0.07378208475940551,24,0.0,0.0,0.45,0.0,0.0,0.0,0.0,0.3853801667690277,0.0,0.035610015229502856
assured,ev_coincidence,1010,18,modify,0.014327894408221022,24,0.0,0.0,0.45,0.0,0.0,0.0,0.0,0.4374422460794449,0.0,0.006898650204490245
assured,ev_coincidence,1010,38,modify,0.2108636131721864,24,0.0,0.0,0.45,0.0,0.0,-0.0855644464492798,-0.0088451527397057,0.2574799954891205,0.0,0.0
assured,ev_coincidence,1010,39,modify,0.4619286543191193,24,-4.3092851701109584e-07,-7.979301053091079e-05,0.4296161225994465,0.0,0.0,-0.31399559703374685,-0.03250999466859873,0.09237229483674508,0.0,0.0
assured,ev_coincidence,1010,40,modify,0.6000514843358007,24,0.33377463779479255,0.03685723910320329,0.4331406916793543,0.0,0.0,0.06816653915588866,0.007527325770183654,0.08845999239020086,0.395504750437022,0.11586667292276366
assured,ev_coincidence,1010,41,modify,0.2656997357397674,24,0.0,0.0,0.0,0.0,0.0,0.0,0.0,0.0,0.2532304245353693,0.08044067168925711
assured,ev_coincidence,1010,42,modify,0.5017079925381942,24,0.0,0.0,0.0,0.0,0.0,0.0,0.0,0.0,0.48631611422134213,0.12331888267965765
assured,ev_coincidence,1010,43,modify,0.6219174670022304,24,0.0,0.0,0.0,0.0,0.0,0.0,0.0,0.0,0.6032413156604663,0.15126549785955817
assured,ev_coincidence,1010,44,modify,0.6798765190071957,24,0.0,0.0,0.0,0.0,0.0,0.0,0.0,0.0,0.6572938642597542,0.1737724290669308
assured,ev_coincidence,1010,45,modify,0.7777313325173231,24,0.0,0.0,0.0,0.0,0.0,0.0,0.0,0.0,0.7553938150405883,0.18505731484487828
assured,ev_coincidence,1010,46,modify,0.8307054061484221,24,0.0,0.0,0.0,0.0,0.0,0.0,0.0,0.0,0.8105252265930175,0.18198991417260624
assured,ev_coincidence,1010,47,modify,0.8587799914083234,24,0.0,0.0,0.0,0.0,0.0,0.0,0.0,0.0,0.8351790904998779,0.19994739416925833
assured,ev_coincidence,1010,48,modify,0.9298835328633583,24,0.25413796120944027,0.029791876280524984,0.4499999803387532,0.0,0.0,0.07619157026864853,0.00893172284951102,0.13491178161539835,0.8402352333068848,0.1652498120283909
assured,ev_coincidence,1010,49,modify,0.871546656870587,24,0.0,0.0,0.0,0.0,0.0,0.0,0.0,0.0,0.8480361700057983,0.2010677235763945
assured,ev_coincidence,1010,50,modify,0.5804137704651426,24,0.0,0.0,0.0,0.0,0.0,-0.18718974590301515,-0.10491705401568482,0.0,0.5232215144240551,0.13065910834992014
assured,ev_coincidence,1010,51,modify,0.7859099189517845,24,0.0,0.0,0.0,0.0,0.0,0.0,0.0,0.0,0.7681376085412498,0.16618969598422806
assured,ev_coincidence,1010,52,modify,0.5203735822209021,24,0.0,0.0,0.0,0.0,0.0,-0.1710145711898804,-0.09702047841386667,0.0,0.47175982155492796,0.09783853560311634
assured,ev_coincidence,1010,53,modify,0.6295697896277651,24,0.11303812837191045,0.10207698300754689,0.30775013846844596,0.0,0.0,-0.1537038671173756,-0.08238098057872256,0.04551407644583816,0.46136032553689565,0.09778029105762182
assured,ev_coincidence,1010,54,modify,0.5128289672998474,24,-0.001769453089278347,0.0012955778430923806,0.20564585961232504,0.0,0.0,-0.16442163730018391,-0.09456151466127095,0.03690926093392638,0.4380084346992934,0.08382008046154188
assured,ev_coincidence,1010,55,modify,0.363231505868808,24,-4.970763784995653e-09,2.6539960060688405e-06,0.0926416556712775,0.0,0.0,-1.4158888873644148e-09,7.559730485373883e-07,0.026388357291879855,0.346671683413468,0.0858275668141775
assured,ev_coincidence,1010,56,modify,0.2737467722272062,24,0.0,0.0,0.0,0.0,0.0,0.0,0.0,0.0,0.2657905384731329,0.06551858486701297
assured,ev_coincidence,1010,57,modify,0.16137680982189695,24,0.014541889060478975,0.11680885807191509,0.252779648814592,0.0,0.0,-0.0703794416033051,0.02289682217576737,0.15272280566818042,0.0,0.0
assured,ev_coincidence,1010,58,modify,0.05275115274203613,24,0.0,0.0,0.0,0.0,0.0,-0.04496442079544068,-0.027584143599977278,0.0,0.0,0.0
assured,ev_coincidence,1010,59,modify,0.5268351017599796,24,0.08767633041580546,0.3102209537579904,0.44999990491688896,0.0,0.0,0.004232234631114731,0.014974712759594777,0.021721999227790056,0.0,0.0
assured,ev_coincidence,1010,60,modify,0.18773245747622216,24,0.38057885333727626,0.1549649632455552,0.45,0.0,0.0,0.29582488245135685,0.10048266607916784,0.29159570932388307,0.0,0.0
assured,ev_coincidence,1010,61,modify,0.18911167533063325,24,0.4625216206500233,0.16896450714171754,0.44498397285128566,0.0,0.0,0.41402490549587906,0.1034334614680386,0.27434700025000314,0.0,0.0
assured,ev_coincidence,1010,70,modify,0.06904564412107593,24,0.0,0.0,0.45,0.0,0.0,0.034355115890502934,0.015033708325999342,0.3920257419347763,0.0,0.0
assured,ev_coincidence,1010,71,modify,0.24660048636882345,24,0.0,0.0,0.45,0.0,0.0,0.19911689758300782,0.09284143400553958,0.3379967451095581,0.0,0.0
assured,ev_coincidence,1010,72,modify,0.27575973663029185,24,0.0,0.0,0.45,0.0,0.0,0.22075364589691163,0.10905088865671789,0.3258260741829872,0.0,0.0
assured,ev_coincidence,1010,73,modify,0.3197270815896328,24,0.0,0.0,0.45,0.0,0.0,0.25379745960235595,0.1320285302524827,0.3072389289736748,0.0,0.0
assured,ev_coincidence,1010,74,modify,0.31229457340549593,24,0.0,0.0,0.45,0.0,0.0,0.15341074466705323,0.08350965553948941,0.19111936837434768,0.0,0.0
assured,ev_coincidence,1010,75,modify,0.2860415389071706,24,0.0,0.0,0.45,0.0,0.0,0.22359187602996827,0.12652364926870907,0.3242295697331429,0.0,0.0
assured,ev_coincidence,1010,76,modify,0.30187015691808333,24,0.0,0.0,0.45,0.0,0.0,0.24556729793548585,0.10836029484100268,0.31186839491128926,0.0,0.0
assured,ev_coincidence,1010,77,modify,0.27646237755661174,24,0.0,0.0,0.45,0.0,0.0,0.23282918930053711,0.07120261170110077,0.3190335810184479,0.0,0.0
assured,ev_coincidence,1010,78,modify,0.24433027765692014,24,0.0,0.0,0.45,0.0,0.0,0.1238061785697937,0.026842607526732887,0.24107707366347314,0.0,0.0
assured,ev_coincidence,1010,79,modify,0.27850113283081984,24,0.0,0.0,0.45,0.0,0.0,0.14136494398117067,0.02590629575864955,0.2114466570317745,0.0,0.0
assured,ev_coincidence,1010,80,modify,0.28436610074476437,24,0.0,0.0,0.45,0.0,0.0,0.14454357624053957,0.021808070627767486,0.2060827150940895,0.0,0.0
assured,ev_coincidence,1010,81,modify,0.378033620894231,24,0.0,0.0,0.45,0.0,0.0,0.192340886592865,0.023776279643187768,0.12542475387454033,0.0,0.0
assured,ev_coincidence,1010,82,modify,0.2539343113704253,24,0.0,0.0,0.45,0.0,0.0,0.1293082594871521,0.012141394798206072,0.23179231211543083,0.0,0.0
assured,ev_coincidence,1010,83,modify,0.15271177333629263,24,0.0,0.0,0.45,0.0,0.0,0.0777902126312256,0.006123507368756079,0.3187290161848068,0.0,0.0
assured,ev_coincidence,1010,85,modify,0.13258176687244996,24,0.0,0.0,0.45,0.0,0.0,0.06754618883132935,0.004800091529178695,0.33601580634713174,0.0,0.0
assured,ev_coincidence,1111,16,modify,0.06479573391398558,24,0.0,0.0,0.45,0.0,0.0,0.032987463474273684,0.003401832510628257,0.39433365538716314,0.0,0.0
assured,ev_coincidence,1111,38,modify,0.3777805298566818,24,0.0,0.0,0.45,0.0,0.0,0.0,0.0,0.0722194701433182,0.0,0.0
assured,ev_coincidence,1111,39,modify,0.37421983179479096,24,0.0,0.0,0.3692228229674242,0.0,0.0,-0.17802146673202515,-0.018421992185380376,0.04057488048942559,0.0,0.0
assured,ev_coincidence,1111,40,modify,0.49492573136233503,24,0.11907320268204893,0.012632616288459079,0.4408140976716017,0.0,0.0,0.03147252237060949,0.0033389569591025375,0.11651262616404834,0.3474453200238776,0.1063086705839458
assured,ev_coincidence,1111,41,modify,0.44950432347750313,24,0.09620438788076967,0.009885058477574819,0.45,0.0,0.0,0.032354236706475414,0.0033244172005665543,0.15133827924728394,0.31087466337366737,0.10996532742350017
assured,ev_coincidence,1111,42,modify,0.6500497213709567,24,-3.888372497456591e-08,7.259008061820075e-08,0.15143151107588254,0.0,0.0,-1.7362151155332702e-08,3.2412531281284686e-08,0.067616381576088,0.6126686659260121,0.2004414381155495
assured,ev_coincidence,1111,43,modify,0.43111117098744534,24,-2.9411655772185555e-06,-7.811690888531991e-09,0.07321355948146682,0.0,0.0,-5.867420932462642e-07,-1.558378045504182e-09,0.0146055963244308,0.4109139192704361,0.11649763666708439
assured,ev_coincidence,1111,44,modify,0.5079367720518722,24,0.0,0.0,0.0,0.0,0.0,-0.1675679087638855,-0.09247885834281018,0.0,0.4492866623297311,0.13967790149910755
assured,ev_coincidence,1111,45,modify,0.5153503398833117,24,0.002495685900616849,-1.431212449746334e-05,0.1354031979886501,0.0,0.0,0.00021071338656961786,-1.2083877306519616e-06,0.011432234478502667,0.4878511071219071,0.11051356945209152
assured,ev_coincidence,1111,46,modify,0.80842425916498,24,0.0,0.0,0.0,0.0,0.0,0.0,0.0,0.0,0.786941385269165,0.18512978949130335
assured,ev_coincidence,1111,47,modify,0.8211829263783406,24,0.0,0.0,0.0,0.0,0.0,0.0,0.0,0.0,0.8026576995849609,0.17344167859045218
assured,ev_coincidence,1111,48,modify,0.7802439323857232,24,0.0,0.0,0.0,0.0,0.0,0.0,0.0,0.0,0.7547380226383408,0.19786639737131798
assured,ev_coincidence,1111,49,modify,0.8151797341478114,24,0.0,0.0,0.0,0.0,0.0,0.0,0.0,0.0,0.7900655508041382,0.20078452230650204
assured,ev_coincidence,1111,50,modify,0.7757492466141214,24,0.0,0.0,0.0,0.0,0.0,0.0,0.0,0.0,0.7606246627979611,0.1524369245486959
assured,ev_coincidence,1111,51,modify,0.6331948960797603,24,0.0,0.0,0.0,0.0,0.0,-0.19813969135284426,-0.11165875423779396,0.0,0.5782190892620177,0.12194854056988476
assured,ev_coincidence,1111,52,modify,0.6225839269488979,24,0.0,0.0,0.0,0.0,0.0,-0.19871835708618166,-0.11273746991250413,0.0,0.5709634631189511,0.097019314123636
assured,ev_coincidence,1111,53,modify,0.46127342446367864,24,-1.8120325963438214e-05,7.188907483078328e-05,0.07682288304763657,0.0,0.0,-2.4848774207905837e-06,9.858296103998078e-06,0.010534879332208577,0.4431340011347832,0.10959619348255523
assured,ev_coincidence,1111,54,modify,0.468643167064631,24,0.0,0.0,0.0,0.0,0.0,-0.15692604780197145,-0.0906476969888604,0.0,0.42226708727154905,0.09205506827675894
assured,ev_coincidence,1111,55,modify,0.4599304010342615,24,0.09755249124016084,0.18022960737681495,0.3222505172885006,0.0,0.0,0.025067196164460626,0.04631199947150516,0.08280584973563651,0.3549354923289839,0.07095757571905335
assured,ev_coincidence,1111,56,modify,0.29673238023417925,24,0.0191126982007958,0.11414257023323628,0.27038974076455635,0.0,0.0,0.008905811445993651,0.05318622194410856,0.12599163251999543,0.2456034369231267,0.05530268214481596
assured,ev_coincidence,1111,57,modify,0.25730795470674683,24,7.402331297525889e-06,-6.508823024340844e-09,0.12601465914409468,0.0,0.0,-0.1939666064791401,-0.11681341305874342,0.003801339446196983,0.0,0.0
assured,ev_coincidence,1111,58,modify,0.4080373706183862,24,0.2497732393124379,0.2869917347887251,0.381178628060932,0.0,0.0,0.0605341479824881,0.0695542892876537,0.0923810875108958,0.0,0.0
assured,ev_coincidence,1111,59,modify,0.21419287308445065,24,0.2043026522077692,0.20245098569206732,0.3547727800385752,0.0,0.0,0.20067859571107172,0.13745927100531702,0.1507102158168239,0.0,0.0
assured,ev_coincidence,1111,60,modify,0.3507374808685567,24,0.30309325918723995,0.13143505758481563,0.3883103956588203,0.0,0.0,0.09457990371279767,0.041014158890212704,0.12117181335729205,0.0,0.0
assured,ev_coincidence,1111,70,modify,0.12866791227494034,24,0.0,0.0,0.45,0.0,0.0,0.06402143239974976,0.028015610378906864,0.3419638328254223,0.0,0.0
assured,ev_coincidence,1111,71,modify,0.2756236664469602,24,0.0,0.0,0.45,0.0,0.0,0.13670456409454346,0.06374068660018489,0.2193110480904579,0.0,0.0
assured,ev_coincidence,1111,72,modify,0.3708351308252581,24,0.0,0.0,0.45,0.0,0.0,0.18332839012145996,0.09056305175628523,0.14063334167003633,0.0,0.0
assured,ev_coincidence,1111,73,modify,0.2992761830893296,24,0.0,0.0,0.45,0.0,0.0,0.23756365776062013,0.12358350877381015,0.3163704425096512,0.0,0.0
assured,ev_coincidence,1111,74,modify,0.26056491615095495,24,0.0,0.0,0.45,0.0,0.0,0.2051802396774292,0.11169055450554653,0.3345861151814461,0.0,0.0
assured,ev_coincidence,1111,75,modify,0.3919765392224457,24,0.0,0.0,0.45,0.0,0.0,0.19200092554092407,0.108647318470334,0.12599843814969064,0.0,0.0
assured,ev_coincidence,1111,76,modify,0.3729702677245699,24,0.0,0.0,0.45,0.0,0.0,0.1846439003944397,0.08903512017068368,0.138413418084383,0.0,0.0
assured,ev_coincidence,1111,77,modify,0.2619690331034123,24,0.0,0.0,0.45,0.0,0.0,0.21725571155548096,0.08058127025184934,0.327793662250042,0.0,0.0
assured,ev_coincidence,1111,78,modify,0.3742249067890787,24,0.0,0.0,0.45,0.0,0.0,0.18899638652801515,0.051062778902781346,0.13106859773397445,0.0,0.0
assured,ev_coincidence,1111,79,modify,0.2629378734078289,24,0.0,0.0,0.45,0.0,0.0,0.2255514144897461,0.04654256262734657,0.3231273293495178,0.0,0.0
assured,ev_coincidence,1111,80,modify,0.23866155780716203,24,0.0,0.0,0.45,0.0,0.0,0.20629837512969973,0.030567626738715336,0.3339571639895439,0.0,0.0
assured,ev_coincidence,1111,81,modify,0.10248278252653562,24,0.0,0.0,0.45,0.0,0.0,0.05216406583786011,0.005736085274938303,0.36197313889861105,0.0,0.0
assured,ev_coincidence,1111,82,modify,0.10381222234679041,24,0.0,0.0,0.45,0.0,0.0,0.052851200103759766,0.005432695461709566,0.3608135998249054,0.0,0.0
assured,ev_coincidence,1111,84,modify,0.10594655165193778,24,0.0,0.0,0.45,0.0,0.0,0.05394723415374756,0.005179010685088556,0.358964042365551,0.0,0.0
assured,ev_coincidence,1111,85,modify,0.02161183564030667,24,0.0,0.0,0.45,0.0,0.0,0.011006307601928712,0.0009853688465481117,0.4314268559217453,0.0,0.0
assured,ev_coincidence,1212,20,modify,0.013587586084544894,24,0.0,0.0,0.45,0.0,0.0,0.0,0.0,0.4380851715803146,0.0,0.0065314132723611595
assured,ev_coincidence,1212,38,modify,0.34574252166618197,24,0.0,0.0,0.45,0.0,0.0,-0.14029574394226074,-0.01450295461953967,0.13433457612991334,0.0,0.0
assured,ev_coincidence,1212,39,modify,0.2900118855910711,24,-3.800744370595049e-08,-0.00032366146533955345,0.2292171466797032,0.0,0.0,-0.25063318241314864,-0.026056846705041777,0.08559359747269904,0.0,0.0
assured,ev_coincidence,1212,40,modify,0.2900600021608823,24,0.17152552953529868,0.024721011035948322,0.3413684691413398,0.0,0.0,0.09007113165497681,0.012981446235411902,0.17925870516295306,0.20824469393176165,0.08784497942374364
assured,ev_coincidence,1212,41,modify,0.17989468903979897,24,3.9146467848547454e-08,-2.4094396791507143e-07,0.17924916184733478,0.0,0.0,2.5155212238650332e-08,-1.5482869805713706e-07,0.11518410108709719,0.1611113852586846,0.04796757941081797
assured,ev_coincidence,1212,42,modify,0.4395469515793796,24,0.06623547602665643,0.017447677648197976,0.2934149955017247,0.0,0.0,0.01799383144065106,0.004739915668548079,0.0797104556037708,0.3646564706095472,0.10985812316539863
assured,ev_coincidence,1212,43,modify,0.471317561945755,24,0.0,0.0,0.0,0.0,0.0,-0.15703147649765015,-0.08658356423564532,0.0,0.42379309416598665,0.10190220473046502
assured,ev_coincidence,1212,44,modify,0.6935807296055575,24,0.0,0.0,0.0,0.0,0.0,0.0,0.0,0.0,0.6724403226165491,0.16993599088930184
assured,ev_coincidence,1212,45,modify,0.7785320513294721,24,0.0,0.0,0.0,0.0,0.0,0.0,0.0,0.0,0.7585452318191528,0.17527488762427923
assured,ev_coincidence,1212,46,modify,0.71869457601903,24,0.0,0.0,0.0,0.0,0.0,0.0,0.0,0.0,0.705773681357689,0.13566651872141686
assured,ev_coincidence,1212,47,modify,0.774783485416057,24,-6.112527306489575e-09,-4.8321982826555166e-08,0.008699081439601818,0.0,0.0,-2.2101392923230908e-09,-1.74720385812502e-08,0.003145373547267488,0.7575853736855871,0.16224366606979898
assured,ev_coincidence,1212,48,modify,0.57918488697806,24,0.0,0.0,0.0,0.0,0.0,-0.1847982406616211,-0.10277190453585172,0.0,0.5281992757328802,0.10838913370579313
assured,ev_coincidence,1212,49,modify,0.922112819066512,24,0.13842354666998466,0.10199517343303909,0.32597442231161666,0.0,0.0,0.03958218911788133,0.029165502120551218,0.09321232941886703,0.8568602085113525,0.21640394470210256
assured,ev_coincidence,1212,50,modify,0.6317126469345317,24,0.0,0.0,0.0,0.0,0.0,-0.19786286354064941,-0.11089917688412233,0.0,0.5747575251511883,0.13140135226485256
assured,ev_coincidence,1212,51,modify,0.7409147392622265,24,9.185124202654964e-05,-4.5834258695598636e-05,0.2068316399297281,0.0,0.0,3.55466847369671e-05,-1.7737984898822607e-05,0.08004441677649599,0.7195568471863121,0.12295361161347095
assured,ev_coincidence,1212,52,modify,0.5942572332271587,24,0.0,0.0,0.0,0.0,0.0,-0.19189019203186036,-0.10886369567414672,0.0,0.5381339052950802,0.12198528264018532
assured,ev_coincidence,1212,53,modify,0.497094920195704,24,0.0,0.0,0.0,0.0,0.0,-0.16648091077804567,-0.09522356481828996,0.0,0.4456362545375235,0.10829712542791818
assured,ev_coincidence,1212,54,modify,0.5276414544155223,24,0.0,0.0,0.0,0.0,0.0,-0.17244539260864258,-0.09961238376460864,0.0,0.4771423815721803,0.10526448448617008
assured,ev_coincidence,1212,55,modify,0.40172363332721994,24,0.0,0.0,0.0,0.0,0.0,0.0,0.0,0.0,0.3877865953182635,0.10489725480245896
assured,ev_coincidence,1212,56,modify,0.21468747778779979,24,0.0,0.0,0.0,0.0,0.0,0.0,0.0,0.0,0.20901232274467574,0.04903633407752389
assured,ev_coincidence,1212,57,modify,0.29669226501820495,24,0.00832593197550376,0.02754393388761033,0.22160700003587927,0.0,0.0,-0.1744068238137861,-0.1022658938078126,0.027224776782390547,0.0,0.0
assured,ev_coincidence,1212,58,modify,0.2762245518379097,24,0.13496412940743893,0.23397856096757152,0.3350853345202517,0.0,0.0,0.04834592278190167,0.08381419189545927,0.12003196537620808,0.0,0.0
assured,ev_coincidence,1212,70,modify,0.18661969192867434,24,0.0,0.0,0.45,0.0,0.0,0.09285656213760377,0.040633787287490154,0.29330455139279366,0.0,0.0
assured,ev_coincidence,1212,71,modify,0.2382620741418091,24,0.0,0.0,0.45,0.0,0.0,0.11817386150360108,0.05510045052501175,0.2505816087126732,0.0,0.0
assured,ev_coincidence,1212,72,modify,0.2901481725818744,24,0.0,0.0,0.45,0.0,0.0,0.23227200508117676,0.11474088439748112,0.3193469971418381,0.0,0.0
assured,ev_coincidence,1212,73,modify,0.23073486438489477,24,0.0,0.0,0.45,0.0,0.0,0.18315596580505372,0.09527996462258816,0.3469747692346573,0.0,0.0
assured,ev_coincidence,1212,74,modify,0.27812391789987534,24,0.0,0.0,0.45,0.0,0.0,0.21900696754455568,0.11921718038776852,0.32680858075618746,0.0,0.0
assured,ev_coincidence,1212,75,modify,0.3528861019066919,24,0.0,0.0,0.45,0.0,0.0,0.17285335063934326,0.09781230472024033,0.15830997079610826,0.0,0.0
assured,ev_coincidence,1212,76,modify,0.3999064324082696,24,0.0,0.0,0.45,0.0,0.0,0.3208910942077637,0.15611970574066308,0.26949875950813296,0.0,0.0
assured,ev_coincidence,1212,77,modify,0.24572587997850978,24,0.0,0.0,0.45,0.0,0.0,0.20757973194122314,0.060482434444466694,0.333236400783062,0.0,0.0
assured,ev_coincidence,1212,78,modify,0.2533803973610505,24,0.0,0.0,0.45,0.0,0.0,0.21703572273254396,0.04682906210879656,0.32791740596294405,0.0,0.0
assured,ev_coincidence,1212,79,modify,0.28701797760212455,24,0.0,0.0,0.45,0.0,0.0,0.14585464000701906,0.02293276620948461,0.20387029498815537,0.0,0.0
assured,ev_coincidence,1212,80,modify,0.29277617108368686,24,0.0,0.0,0.45,0.0,0.0,0.14893842935562135,0.019148168554006497,0.19866640046238898,0.0,0.0
assured,ev_coincidence,1212,81,modify,0.27306951878458285,24,0.0,0.0,0.45,0.0,0.0,0.13901387453079225,0.014544898491458456,0.2154140867292881,0.0,0.0
assured,ev_coincidence,1212,82,modify,0.2636447593408611,24,0.0,0.0,0.45,0.0,0.0,0.1342763900756836,0.011607924112191312,0.22340859174728392,0.0,0.0
assured,ev_coincidence,1212,83,modify,0.08932644583916936,24,0.0,0.0,0.45,0.0,0.0,0.04550824165344239,0.003273775778926297,0.373204842209816,0.0,0.0
assured,ev_coincidence,1212,86,modify,0.06660092565116307,24,0.0,0.0,0.45,0.0,0.0,0.03393301963806152,0.0023022150956800353,0.3927380293607712,0.0,0.0
assured,ev_coincidence,1313,6,modify,0.015366256026154487,24,0.0,0.0,0.45,0.0,0.0,0.0,0.0,0.43646144270896914,0.0,0.00726837607301685
assured,ev_coincidence,1313,16,modify,0.04318613746463841,24,0.0,0.0,0.45,0.0,0.0,0.0,0.0,0.4121500074863434,0.0,0.020794723749806905
assured,ev_coincidence,1313,39,modify,0.5096316056357544,24,0.0,0.0,0.44999997726420576,0.0,0.0,0.0,0.0,0.10351151002992826,0.3477657917643134,0.1368541910759706
assured,ev_coincidence,1313,40,modify,0.2683484115959643,24,0.0,0.0,0.45,0.0,0.0,0.0,0.0,0.2676155537366867,0.1825353114627264,0.07367254465882862
assured,ev_coincidence,1313,41,modify,0.5424244864616856,24,0.0,0.0,0.36281437552088874,0.0,0.0,0.0,0.0,0.06002243995529427,0.43121719251938784,0.1288142078551952
assured,ev_coincidence,1313,42,modify,0.5023495723345396,24,0.0,0.0,0.06002245094256064,0.0,0.0,0.0,0.0,0.005987860927880687,0.48067002412978593,0.13561594231398927
assured,ev_coincidence,1313,43,modify,0.5217058865329582,24,0.0,0.0,0.005987856815368428,0.0,0.0,0.0,0.0,0.00040979797667978126,0.5025300380725712,0.14003384639976216
assured,ev_coincidence,1313,44,modify,0.8252022177851276,24,0.0,0.0,0.326668698496271,0.0,0.0,0.0,0.0,0.11052998904361422,0.7751706773465862,0.18262852870148158
assured,ev_coincidence,1313,45,modify,0.7369310927459928,24,0.0,0.0,0.2477011666570993,0.0,0.0,0.0,0.0,0.0977336759019097,0.6983328150408886,0.18140690893530784
assured,ev_coincidence,1313,46,modify,0.8273370227933229,24,0.0,0.0,0.09773370000012382,0.0,0.0,0.0,0.0,0.03213765642875928,0.8054054260253906,0.17749875515383798
assured,ev_coincidence,1313,47,modify,0.6065012853988757,24,0.0,0.0,0.032137533378687896,0.0,0.0,-0.19383677244186404,-0.10750710895065291,0.0009903546568502224,0.552080278858199,0.1138005066702473
assured,ev_coincidence,1313,48,modify,0.8104261510185552,24,0.0,0.0,0.0,0.0,0.0,0.0,0.0,0.0,0.7835538625717163,0.20696350089736545
assured,ev_coincidence,1313,49,modify,0.5391859522641456,24,0.0,0.0,0.0,0.0,0.0,-0.17550566196441653,-0.09794129463112619,0.0,0.4839844282877427,0.12682992438061003
assured,ev_coincidence,1313,50,modify,0.6505728835953776,24,-4.293703655052143e-09,0.0007581603590288815,0.12066245019006305,0.0,0.0,-0.1997861504600659,-0.11197633978472187,0.00012901805007216327,0.5824851214917733,0.1296313238542463
assured,ev_coincidence,1313,51,modify,0.6065831045089126,24,-0.00026592198684660814,-4.6139820418383976e-09,0.029673415534150743,0.0,0.0,-0.19364121170731202,-0.1091189304412888,0.0009446909069277497,0.5479418649439193,0.13257636686289215
assured,ev_coincidence,1313,52,modify,0.5430514634159249,24,0.0,0.0,0.0,0.0,0.0,0.0,0.0,0.0,0.5291391685167882,0.12213366554533449
assured,ev_coincidence,1313,53,modify,0.5165801329885703,24,0.00026191318287253066,0.01789889959951263,0.09372416256136468,0.0,0.0,1.4792869687079585e-05,0.0010109307458822103,0.0052935453958256745,0.49055043933018644,0.13457362913558343
assured,ev_coincidence,1313,54,modify,0.5216454092838952,24,0.007064392056570014,0.043514238587346356,0.22751835911593474,0.0,0.0,-0.16025845295000335,-0.08500423291535233,0.04366724516822623,0.4269237683226435,0.10740048877849377
assured,ev_coincidence,1313,55,modify,0.3701700193790386,24,-9.819724755037638e-06,-1.967534324805712e-09,0.29799982648398665,0.0,0.0,-3.382168870820555e-06,-6.77670047952715e-10,0.10263889892911801,0.3049541899383671,0.07656953199263643
assured,ev_coincidence,1313,56,modify,0.43663530912231097,24,0.008061469533647388,0.3344619275584089,0.45,0.0,0.0,0.003276723424291022,0.1359478229111797,0.18291026651859282,0.27495800259601816,0.06542798109641576
assured,ev_coincidence,1313,57,modify,0.31345244479985873,24,6.274365330260108e-06,0.002139145865236214,0.3365668082103656,0.0,0.0,2.8407613336995317e-06,0.0009685127564694018,0.15238289845182423,0.24720102107743516,0.05673629633377971
assured,ev_coincidence,1313,59,modify,0.3202885140724596,24,0.3400968707858021,0.29676512659247534,0.4499999329783855,0.0,0.0,0.22893400280202414,0.16070429522363505,0.18220336990188646,0.0,0.0
assured,ev_coincidence,1313,71,modify,0.3038550705265897,24,0.0,0.0,0.45,0.0,0.0,0.15070685148239138,0.07026947675423768,0.19568218812346455,0.0,0.0
assured,ev_coincidence,1313,72,modify,0.32771172486856653,24,0.0,0.0,0.45,0.0,0.0,0.2623427152633667,0.1295956228303756,0.3024322226643562,0.0,0.0
assured,ev_coincidence,1313,73,modify,0.3436577740199846,24,0.0,0.0,0.45,0.0,0.0,0.1693434476852417,0.08809452443220243,0.16423293203115463,0.0,0.0
assured,ev_coincidence,1313,74,modify,0.3115712910249684,24,0.0,0.0,0.45,0.0,0.0,0.15305544137954713,0.08331624499829116,0.19171894267201423,0.0,0.0
assured,ev_coincidence,1313,75,modify,0.3758348606907828,24,0.0,0.0,0.45,0.0,0.0,0.18409428596496583,0.10417319843357312,0.13934089243412018,0.0,0.0
assured,ev_coincidence,1313,76,modify,0.3536698055638726,24,0.0,0.0,0.45,0.0,0.0,0.2783695220947266,0.15190309308039765,0.29341714382171635,0.0,0.0
assured,ev_coincidence,1313,77,modify,0.28195448973629805,24,0.0,0.0,0.45,0.0,0.0,0.14143309593200684,0.05032328148341179,0.21133165061473846,0.0,0.0
assured,ev_coincidence,1313,78,modify,0.2717557563053894,24,0.0,0.0,0.45,0.0,0.0,0.22949528694152832,0.0672204770909881,0.32090890109539033,0.0,0.0
assured,ev_coincidence,1313,79,modify,0.3579594171853212,24,0.0,0.0,0.45,0.0,0.0,0.18146260976791384,0.03790392827793941,0.1437818460166454,0.0,0.0
assured,ev_coincidence,1313,80,modify,0.23688348753328314,24,0.0,0.0,0.45,0.0,0.0,0.2044464111328125,0.03301813440085112,0.33499889373779296,0.0,0.0
assured,ev_coincidence,1313,81,modify,0.14015513855036868,24,0.0,0.0,0.45,0.0,0.0,0.07131758928298951,0.008574337089576502,0.3296515680849552,0.0,0.0
assured,ev_coincidence,1313,82,modify,0.2411326962626154,24,0.0,0.0,0.45,0.0,0.0,0.12273889780044556,0.013441087775653322,0.24287810996174813,0.0,0.0
assured,ev_coincidence,1313,83,modify,0.012396096845066717,24,0.0,0.0,0.45,0.0,0.0,0.00631251335144043,0.0005852220134606507,0.4393476337194443,0.0,0.0
assured,ev_coincidence,1313,84,modify,0.16632734315566572,24,0.0,0.0,0.45,0.0,0.0,0.08470101356506349,0.007790520914905114,0.30706703960895537,0.0,0.0
assured,ev_coincidence,1414,38,modify,0.4331861905117624,24,0.0,0.0,0.45,0.0,0.0,-0.17577872276306153,-0.018170977733740126,0.05449787378311155,0.0,0.0
assured,ev_coincidence,1414,39,modify,0.4706524986237824,24,0.04042767862415393,0.0011606459983332376,0.4499997237811975,0.0,0.0,-0.2880280662677182,-0.030574201418603182,0.11440547834817666,0.0,0.0
assured,ev_coincidence,1414,40,modify,0.4317220358342352,24,0.26458237685971475,0.002003470316129596,0.41943130486852787,0.0,0.0,0.1004903164404142,0.0007609326382066156,0.15930306867566646,0.2873759967009677,0.09594011302703646
assured,ev_coincidence,1414,41,modify,0.4336547233268091,24,0.0,0.0,0.0,0.0,0.0,0.0,0.0,0.0,0.4210081830658603,0.10396407482988722
assured,ev_coincidence,1414,42,modify,0.4774468454180151,24,0.16771718293729762,0.030496380437052998,0.3411960534870893,0.0,0.0,0.04046104702073869,0.007357120249791255,0.08231207632787846,0.36433400195685206,0.10707829891028434
assured,ev_coincidence,1414,43,modify,0.6777000600865718,24,0.0,0.0,0.0,0.0,0.0,0.0,0.0,0.0,0.657722610237067,0.16333505265031806
assured,ev_coincidence,1414,44,modify,0.6063622611930229,24,0.0,0.0,0.0,0.0,0.0,-0.19164220094680787,-0.10576519146537124,0.0,0.5494829696557996,0.1335314530285512
assured,ev_coincidence,1414,45,modify,0.5198565674124789,24,0.0,0.0,0.0,0.0,0.0,-0.17142144441604615,-0.09472206641236154,0.0,0.4693146555400377,0.10787503560189213
assured,ev_coincidence,1414,46,modify,0.6260312815689887,24,0.0,0.0,0.0,0.0,0.0,-0.19807376861572268,-0.10962635260608816,0.0,0.5622355462918531,0.1567009923052902
assured,ev_coincidence,1414,47,modify,0.8238642432404438,24,-2.632865214931142e-07,2.626321354293477e-06,0.007950736398391355,0.0,0.0,-8.729925354836557e-08,8.708227542667785e-07,0.0026362661818126474,0.8021098852157592,0.18799941418130814
assured,ev_coincidence,1414,48,modify,0.6436362672336913,24,0.0006402435732909385,0.004516234044336861,0.21796708499727602,0.0,0.0,-0.19175988770555932,-0.10647263291691535,0.008951709910645977,0.5525939183178996,0.1260311065115439
assured,ev_coincidence,1414,49,modify,0.5828200489715981,24,0.0,0.0,0.0,0.0,0.0,-0.18507660627365113,-0.10328237973343418,0.0,0.531133297335664,0.11249902129097751
assured,ev_coincidence,1414,50,modify,0.7611148980077159,24,0.0,0.0,0.0,0.0,0.0,0.0,0.0,0.0,0.7445854700167218,0.15776046972950258
assured,ev_coincidence,1414,51,modify,0.5463235997976817,24,0.0,0.0,0.0,0.0,0.0,-0.17857036590576172,-0.10063074422235478,0.0,0.4927043907902287,0.11703818492041174
assured,ev_coincidence,1414,52,modify,0.784016331508499,24,0.0,0.0,0.0,0.0,0.0,0.0,0.0,0.0,0.7680879222404271,0.15723406685711686
assured,ev_coincidence,1414,53,modify,0.7495357837082158,24,0.0,0.0,0.0,0.0,0.0,0.0,0.0,0.0,0.7329610200219739,0.1567546943074968
assured,ev_coincidence,1414,54,modify,0.48020005807655874,24,1.1177645762615942e-05,0.021954253366712178,0.1019887524520217,0.0,0.0,1.203661782564526e-06,0.0023641378787142356,0.010982631422128977,0.4629179152306138,0.08736825937405224
assured,ev_coincidence,1414,55,modify,0.7735068771161193,24,0.2856095801915789,0.34727355908713614,0.39809365203709884,0.0,0.0,0.011082179771672196,0.01347485616263494,0.015446769729773713,0.4969945242330918,0.13455046500605944
assured,ev_coincidence,1414,56,modify,0.26254665951351197,24,1.330848478574423e-06,0.016097123888291993,0.10223631969795517,0.0,0.0,6.283811671514839e-07,0.007600511748371288,0.04827249602891643,0.24934452298739523,0.06143102306294016
assured,ev_coincidence,1414,57,modify,0.38714609927381766,24,0.14129623118152457,0.23769951056732327,0.3354517720773471,0.0,0.0,0.015466882887245764,0.02601959345665228,0.03671996931307964,0.0,0.0
assured,ev_coincidence,1414,58,modify,0.19125766154100446,24,-4.313613633884307e-08,0.12997025983916907,0.30277259750360325,0.0,0.0,-0.08650962177917058,0.020681188574839707,0.17180892008379944,0.0,0.0
assured,ev_coincidence,1414,59,modify,0.05923272785596696,24,0.00020084338366173506,-1.61328665912383e-09,0.11083820818423948,0.0,0.0,9.351142521522142e-05,-7.51136193908461e-10,0.05160557757315029,0.0,0.0
assured,ev_coincidence,1414,70,modify,0.07575148448996827,24,0.0,0.0,0.45,0.0,0.0,0.03769174814224244,0.016493809820741813,0.3863951750099659,0.0,0.0
assured,ev_coincidence,1414,71,modify,0.27488925389264823,24,0.0,0.0,0.45,0.0,0.0,0.1363403081893921,0.06357084646612424,0.21992572993040085,0.0,0.0
assured,ev_coincidence,1414,72,modify,0.2659722704850292,24,0.0,0.0,0.45,0.0,0.0,0.21291849613189698,0.10518037480331442,0.33023334592580794,0.0,0.0
assured,ev_coincidence,1414,73,modify,0.2744361807864055,24,0.0,0.0,0.45,0.0,0.0,0.13523328304290771,0.07035000125433627,0.22179383486509321,0.0,0.0
assured,ev_coincidence,1414,74,modify,0.28361589920708485,24,0.0,0.0,0.45,0.0,0.0,0.13932271003723146,0.07584078644092568,0.21489292681217192,0.0,0.0
assured,ev_coincidence,1414,75,modify,0.33508425131093333,24,0.0,0.0,0.45,0.0,0.0,0.16413351297378542,0.09287802131931189,0.1730246968567371,0.0,0.0
assured,ev_coincidence,1414,76,modify,0.3115975782927359,24,0.0,0.0,0.45,0.0,0.0,0.24201035499572754,0.14139461603362077,0.31386917531490327,0.0,0.0
assured,ev_coincidence,1414,77,modify,0.2890846157307681,24,0.0,0.0,0.45,0.0,0.0,0.23573992252349854,0.10204342715060256,0.3173962935805321,0.0,0.0
assured,ev_coincidence,1414,78,modify,0.27140671500869357,24,0.0,0.0,0.45,0.0,0.0,0.22859644889831543,0.06979281516280114,0.3214144974946976,0.0,0.0
assured,ev_coincidence,1414,79,modify,0.22296479495855337,24,0.0,0.0,0.45,0.0,0.0,0.19091296195983887,0.04163222293520963,0.34261145889759065,0.0,0.0
assured,ev_coincidence,1414,80,modify,0.2406315640003515,24,0.0,0.0,0.45,0.0,0.0,0.20756661891937256,0.03446204667770594,0.33324377685785295,0.0,0.0
assured,ev_coincidence,1414,81,modify,0.2066609527527681,24,0.0,0.0,0.45,0.0,0.0,0.10514988899230958,0.012928314486457943,0.2725595623254776,0.0,0.0
assured,ev_coincidence,1414,82,modify,0.1184161552664135,24,0.0,0.0,0.45,0.0,0.0,0.060279572010040285,0.006437309554339009,0.34827822223305704,0.0,0.0
assured,ev_coincidence,1414,83,modify,0.12900847464504578,24,0.0,0.0,0.45,0.0,0.0,0.06568565368652345,0.006486081257230399,0.3391554594039917,0.0,0.0
assured,ev_coincidence,1414,84,modify,0.13859411347690617,24,0.0,0.0,0.45,0.0,0.0,0.07058030366897583,0.006397162866115029,0.3308957375586033,0.0,0.0
assured,ev_coincidence,1414,85,modify,0.0007287825712626965,24,0.0,0.0,0.45,0.0,0.0,0.00037120580673217775,3.0676523859355386e-05,0.4493735902011395,0.0,0.0
assured,ev_coincidence,1515,7,modify,0.011982730900636547,24,0.0,0.0,0.45,0.0,0.0,0.0,0.0,0.43944590985774995,0.0,0.005674241897058148
assured,ev_coincidence,1515,38,modify,0.15258334538907978,24,0.0,0.0,0.45,0.0,0.0,-0.06191542148590088,-0.006400454659759667,0.31069030165672307,0.0,0.0
assured,ev_coincidence,1515,39,modify,0.3258960280079641,24,1.655562709598484e-08,1.027363338969681e-07,0.3105886854486248,0.0,0.0,-0.2565540254349754,-0.026548651064494007,0.11138173707263338,0.0,0.0
assured,ev_coincidence,1515,40,modify,0.22063340394267195,24,0.0,0.0,0.0,0.0,0.0,0.0,0.0,0.0,0.20388455177324616,0.0843219335852349
assured,ev_coincidence,1515,41,modify,0.36350981117692305,24,0.1514657474943093,0.02122016255076998,0.3424494661269431,0.0,0.0,0.062104029986119635,0.008700697241221913,0.14041123002992723,0.2745533820269875,0.08830696929790591
assured,ev_coincidence,1515,42,modify,0.4808553103559039,24,7.036109056119193e-06,9.654788299118399e-09,0.15530682149034325,0.0,0.0,1.0232921552172856e-06,1.4041381462357102e-09,0.02258695122762286,0.4378003979323208,0.1481150804917138
assured,ev_coincidence,1515,43,modify,0.49074466947143175,24,0.0,0.0,0.0,0.0,0.0,0.0,0.0,0.0,0.4756188452207387,0.12090097057309238
assured,ev_coincidence,1515,44,modify,0.6756717505896419,24,1.4326731332766798e-07,-0.0012903790528748698,0.09634797734528211,0.0,0.0,6.169776900448048e-08,-0.0005556990417654392,0.04149205504190978,0.6609904333058177,0.1288962747971392
assured,ev_coincidence,1515,45,modify,0.6417275639746809,24,1.494092753039695e-06,-2.0971230212386047e-07,0.04085091892124017,0.0,0.0,6.776082478292251e-07,-9.510974824104965e-08,0.018526908410551577,0.6217788041773206,0.15718467989832288
assured,ev_coincidence,1515,46,modify,0.7923226085543253,24,0.0,0.0,0.0,0.0,0.0,0.0,0.0,0.0,0.770951298496017,0.18278186828467424
assured,ev_coincidence,1515,47,modify,0.6691256129834156,24,0.0,0.0,0.0,0.0,0.0,0.0,0.0,0.0,0.6471653255972382,0.17001802050092313
assured,ev_coincidence,1515,48,modify,0.5281409480229465,24,-1.4051671208470851e-05,-2.565355573762161e-07,0.02449873919478641,0.0,0.0,-0.17253267640455638,-0.09594961430595049,0.0033648103917644015,0.4718758465812141,0.129809276666775
assured,ev_coincidence,1515,49,modify,0.8315803582764425,24,0.0,0.0,0.0,0.0,0.0,0.0,0.0,0.0,0.8173424005508423,0.15322301567637583
assured,ev_coincidence,1515,50,modify,0.7761060280584373,24,0.0,0.0,0.0,0.0,0.0,0.0,0.0,0.0,0.7611730502074839,0.1515128853480093
assured,ev_coincidence,1515,51,modify,0.5651081906273925,24,-5.171261269147685e-09,-3.7568376984540506e-07,0.02800294736164696,0.0,0.0,-0.1816249136907491,-0.10235212464877817,0.0025727829399410304,0.514151623224934,0.1043321344356926
assured,ev_coincidence,1515,52,modify,0.7149153061892976,24,0.0,0.0,0.0,0.0,0.0,0.0,0.0,0.0,0.7035928386920922,0.12673204947818292
assured,ev_coincidence,1515,53,modify,0.6592720611901487,24,0.15768671287789313,0.11377326650386385,0.3288080213669978,0.0,0.0,-0.14900796715855844,-0.08186786004554428,0.046875069216784526,0.461918782058708,0.09719785377769224
assured,ev_coincidence,1515,54,modify,0.5248362948439932,24,-3.7609584939893113e-08,4.4094348609710174e-08,0.05612876661479945,0.0,0.0,-0.17245932143263054,-0.09962042062991194,0.007729123052051,0.47191713936714197,0.10362616895103223
assured,ev_coincidence,1515,55,modify,0.42125205077651984,24,0.0,0.0,0.0,0.0,0.0,0.0,0.0,0.0,0.4074065802748902,0.10711287799393264
assured,ev_coincidence,1515,56,modify,0.4471793319649528,24,0.07037932747698751,0.16320282681508178,0.3117777144110349,0.0,0.0,0.01864707673313521,0.04324076037356969,0.08260583288757695,0.3504597217699324,0.08695092823322001
assured,ev_coincidence,1515,57,modify,0.17072301206056656,24,-0.0013833384070643575,5.071033438066842e-10,0.033893507481736806,0.0,0.0,-0.0008649618322663376,3.170771773323646e-10,0.02119263817416152,0.16446434531767384,0.04400278594384542
assured,ev_coincidence,1515,58,modify,0.4473947451539757,24,0.025951999237448353,0.01377123075056238,0.44999975573647844,0.0,0.0,0.00020504862755046233,0.00010880749260384209,0.003555480696017521,0.0,0.0
assured,ev_coincidence,1515,70,modify,0.10545424345423873,24,0.0,0.0,0.45,0.0,0.0,0.05247098207473755,0.02296116370570614,0.3614552177488804,0.0,0.0
assured,ev_coincidence,1515,71,modify,0.2986987041254943,24,0.0,0.0,0.45,0.0,0.0,0.14814938306808473,0.06907701625545395,0.19999791607260703,0.0,0.0
assured,ev_coincidence,1515,72,modify,0.28138582559778846,24,0.0,0.0,0.45,0.0,0.0,0.13910766839981079,0.06871829815688507,0.21525580957531928,0.0,0.0
assured,ev_coincidence,1515,73,modify,0.3874039684336451,24,0.0,0.0,0.45,0.0,0.0,0.19090015888214112,0.09930858820125305,0.12785598188638686,0.0,0.0
assured,ev_coincidence,1515,74,modify,0.3315843543419485,24,0.0,0.0,0.45,0.0,0.0,0.26110405921936036,0.1421328740219201,0.3031289666891098,0.0,0.0
assured,ev_coincidence,1515,75,modify,0.3170389091692607,24,0.0,0.0,0.45,0.0,0.0,0.24782178401947022,0.14023459635099905,0.31060024648904805,0.0,0.0
assured,ev_coincidence,1515,76,modify,0.3090508872551912,24,0.0,0.0,0.45,0.0,0.0,0.24986813068389893,0.11542891402288259,0.3094491764903069,0.0,0.0
assured,ev_coincidence,1515,77,modify,0.25090854454216394,24,0.0,0.0,0.45,0.0,0.0,0.21075656414031985,0.06695170932861357,0.3314494326710701,0.0,0.0
assured,ev_coincidence,1515,78,modify,0.3447616570017143,24,0.0,0.0,0.45,0.0,0.0,0.29442572593688965,0.06889077654995254,0.2843855291604996,0.0,0.0
assured,ev_coincidence,1515,79,modify,0.22301395141498784,24,0.0,0.0,0.45,0.0,0.0,0.1927790641784668,0.028506255499337038,0.34156177639961244,0.0,0.0
assured,ev_coincidence,1515,80,modify,0.2898099621170561,24,0.0,0.0,0.45,0.0,0.0,0.14750454425811768,0.01655550586793189,0.20108608156442642,0.0,0.0
assured,ev_coincidence,1515,81,modify,0.2978372829594803,24,0.0,0.0,0.45,0.0,0.0,0.1516730785369873,0.013884590055965708,0.19405167996883393,0.0,0.0
assured,ev_coincidence,1515,82,modify,0.2531381772024884,24,0.0,0.0,0.45,0.0,0.0,0.12895824909210205,0.009567043676826297,0.23238295465707778,0.0,0.0
assured,ev_coincidence,1515,83,modify,0.10626688726717443,24,0.0,0.0,0.45,0.0,0.0,0.052955751521185576,0.003395163494609173,0.3579303927719593,0.0,0.0
assured,ev_coincidence,1515,84,modify,0.11974417535446089,24,0.0,0.0,0.45,0.0,0.0,0.05653870513568237,0.0036248781708318476,0.34450638592243193,0.0,0.0
assured,ev_coincidence,1515,85,modify,0.038450040071939064,24,0.0,0.0,0.45,0.0,0.0,0.01702461523322233,0.001091502820547822,0.4155416674911976,0.0,0.0
assured,ev_coincidence,1616,7,modify,0.010828082343011877,24,0.0,0.0,0.45,0.0,0.0,0.0,0.0,0.4404740005731583,0.0,0.005148077519507307
assured,ev_coincidence,1616,8,modify,0.04721056742151878,24,0.0,0.0,0.45,0.0,0.0,0.0,0.0,0.4087203472852707,0.0,0.022909123684966868
assured,ev_coincidence,1616,16,modify,0.08856719593828316,24,0.0,0.0,0.45,0.0,0.0,0.0,0.0,0.372889307141304,0.0,0.04356706603871891
assured,ev_coincidence,1616,38,modify,0.3911232712764522,24,0.0,0.0,0.44999997726420576,0.0,0.0,-0.15871039628982545,-0.016406553829514583,0.09290160365413308,0.0,0.0
assured,ev_coincidence,1616,39,modify,0.5604910989791456,24,0.1432361326515677,0.014806914831136811,0.45,0.0,0.0,-0.19601626578221854,-0.02028430647412898,0.005222877860069253,0.0,0.0
assured,ev_coincidence,1616,40,modify,0.4110341623478502,24,0.21097642233217573,0.030910046854910667,0.36916649450962397,0.0,0.0,0.07693208945591606,0.011271280759441917,0.13461575215748636,0.2985987143878275,0.08012662063885269
assured,ev_coincidence,1616,41,modify,0.44601436155657703,24,0.033286532275519386,-0.003946155833975803,0.30533266781287816,0.0,0.0,0.008736025914343245,-0.0010356656963333827,0.08013433410336346,0.36685652187133033,0.114103528666811
assured,ev_coincidence,1616,42,modify,0.5100077989627606,24,-1.665425893098759e-09,-4.7147263781554223e-07,0.08060409470829674,0.0,0.0,-0.16536482601396701,-0.09111533835907912,0.013958684337278468,0.44893880726813096,0.13591485389179672
assured,ev_coincidence,1616,43,modify,0.6032870976603102,24,0.03567276652684987,0.056121922370715206,0.2336300286227446,0.0,0.0,0.00028072194298946196,0.0004416437699148665,0.0018385194634763236,0.5345958354533795,0.1417124587186458
assured,ev_coincidence,1616,44,modify,0.7955236530179486,24,0.0008502562677447989,0.06895537344687173,0.2907412671609713,0.0,0.0,0.0003059319194901798,0.024810931195740883,0.10461202970427291,0.7532766742869184,0.16982053285568813
assured,ev_coincidence,1616,45,modify,0.5949704293292942,24,-2.3637305869336874e-09,3.90585092225036e-08,0.11077788178523973,0.0,0.0,-0.18600387589783723,-0.10277985383654259,0.007752304997826476,0.5317210981797549,0.12444705179798655
assured,ev_coincidence,1616,46,modify,0.8077688578939214,24,0.0,0.0,0.0,0.0,0.0,0.0,0.0,0.0,0.7867044925689697,0.1832663885033206
assured,ev_coincidence,1616,47,modify,0.7847927127309908,24,0.0,0.0,0.0,0.0,0.0,0.0,0.0,0.0,0.7696171045303345,0.15358748116305443
assured,ev_coincidence,1616,48,modify,0.8335207985142034,24,0.0,0.0,0.0,0.0,0.0,0.0,0.0,0.0,0.8139813423156738,0.1794193298330174
assured,ev_coincidence,1616,49,modify,0.6071104896910203,24,3.072641337239644e-05,1.5695547824542018e-05,0.20486444146462984,0.0,0.0,-0.18435800604023544,-0.10288147689503299,0.016019980597071187,0.5281104426174549,0.09712488835681685
assured,ev_coincidence,1616,50,modify,0.7709868026335486,24,0.0,0.0,0.0,0.0,0.0,0.0,0.0,0.0,0.7529520034790039,0.1657827804449438
assured,ev_coincidence,1616,51,modify,0.5265072889999298,24,0.0,0.0,0.0,0.0,0.0,0.0,0.0,0.0,0.5128786489935453,0.11901855643810912
assured,ev_coincidence,1616,52,modify,0.6041376420205302,24,0.0,0.0,0.0,0.0,0.0,0.0,0.0,0.0,0.5900411766409401,0.129744750854519
assured,ev_coincidence,1616,53,modify,0.5553201913090258,24,0.004108405088290352,-0.007177126241920365,0.17407574819606783,0.0,0.0,7.945132439707552e-05,-0.00013879648501819754,0.003366403371227622,0.5139119822042073,0.12274990206802947
assured,ev_coincidence,1616,54,modify,0.43503796544800505,24,0.0,0.0,0.0,0.0,0.0,0.0,0.0,0.0,0.42159155800569176,0.10732469240334697
assured,ev_coincidence,1616,55,modify,0.441905904409019,24,0.002756073420608245,-0.0005024188078017728,0.23751982472189184,0.0,0.0,0.0006144829461371178,-0.00011201725864929887,0.052956456301105875,0.39562254602059194,0.06852192091426634
assured,ev_coincidence,1616,56,modify,0.3009936080236201,24,0.005169315135705075,-0.0004441545515999538,0.23261358260800874,0.0,0.0,0.002245093057768952,-0.00019290143359339382,0.10102675610717504,0.2646239981846832,0.05698758237000887
assured,ev_coincidence,1616,57,modify,0.07837096790761888,24,-9.811814492056886e-07,-3.2389240832160863e-09,0.10176011159828977,0.0,0.0,-0.06154521679390701,-0.03706421307589027,0.07044621655444944,0.0,0.0
assured,ev_coincidence,1616,58,modify,0.5927487111209968,24,0.12497759476067738,0.21741103109396145,0.4385154996063764,0.0,0.0,-0.17455615285523857,-0.09606502655271318,0.034333201803681435,0.0,0.0
assured,ev_coincidence,1616,61,modify,0.09199739010563257,24,0.42716639330855705,0.16766253153848132,0.45,0.0,0.0,0.4168140078873718,0.13596479001629289,0.36425852179527285,0.0,0.0
assured,ev_coincidence,1616,71,modify,0.31654676066001625,24,0.0,0.0,0.45,0.0,0.0,0.15700170993804932,0.07320455505738142,0.18505961447954178,0.0,0.0
assured,ev_coincidence,1616,72,modify,0.2631559950805859,24,0.0,0.0,0.45,0.0,0.0,0.2106639862060547,0.10406666132465549,0.33150150775909426,0.0,0.0
assured,ev_coincidence,1616,73,modify,0.31459722556099945,24,0.0,0.0,0.45,0.0,0.0,0.15502334833145143,0.08064503430053326,0.18839809969067572,0.0,0.0
assured,ev_coincidence,1616,74,modify,0.34898837149645184,24,0.0,0.0,0.45,0.0,0.0,0.1714361071586609,0.09332182232034637,0.16070156916975975,0.0,0.0
assured,ev_coincidence,1616,75,modify,0.28083393828704406,24,0.0,0.0,0.45,0.0,0.0,0.1375602126121521,0.0778410217888964,0.21786714121699333,0.0,0.0
assured,ev_coincidence,1616,76,modify,0.34601221085679645,24,0.0,0.0,0.45,0.0,0.0,0.16905810832977297,0.098772245985427,0.16471444219350811,0.0,0.0
assured,ev_coincidence,1616,77,modify,0.2714999892973185,24,0.0,0.0,0.45,0.0,0.0,0.21828646659851075,0.10481806683786471,0.32721386253833773,0.0,0.0
assured,ev_coincidence,1616,78,modify,0.25882776199493374,24,0.0,0.0,0.45,0.0,0.0,0.21581563949584961,0.07535488803287595,0.3286037027835846,0.0,0.0
assured,ev_coincidence,1616,79,modify,0.2850726132488839,24,0.0,0.0,0.45,0.0,0.0,0.14411829710006716,0.0367457889512498,0.2068003736436367,0.0,0.0
assured,ev_coincidence,1616,80,modify,0.24005686312751753,24,0.0,0.0,0.45,0.0,0.0,0.20583927631378174,0.043028105955136786,0.3342154070734978,0.0,0.0
assured,ev_coincidence,1616,81,modify,0.27814383184417696,24,0.0,0.0,0.45,0.0,0.0,0.14135632514953614,0.021945889200197057,0.21146120131015778,0.0,0.0
assured,ev_coincidence,1616,82,modify,0.06937269330839864,24,0.0,0.0,0.45,0.0,0.0,0.03529151678085327,0.004510958156604249,0.3904455654323101,0.0,0.0
assured,ev_coincidence,1616,83,modify,0.13824376897035306,24,0.0,0.0,0.45,0.0,0.0,0.07034068107604981,0.008594309006351367,0.33130010068416593,0.0,0.0
assured,ev_coincidence,1616,84,modify,0.05725003945903239,24,0.0,0.0,0.45,0.0,0.0,0.029139220714569092,0.003247225696272971,0.40082756504416467,0.0,0.0
assured,ev_coincidence,1616,85,modify,0.18957645122183364,24,0.0,0.0,0.45,0.0,0.0,0.09650204181671143,0.010362320177278284,0.28715280443429947,0.0,0.0
assured,ev_coincidence,1616,86,modify,0.07827151490105558,24,0.0,0.0,0.45,0.0,0.0,0.03985685110092163,0.003763538327531309,0.38274156376719476,0.0,0.0
assured,ev_coincidence,1717,14,modify,0.012073754709502968,24,0.0,0.0,0.45,0.0,0.0,0.0,0.0,0.43937418758869173,0.0,0.0057330326516540995
assured,ev_coincidence,1717,37,modify,0.2162543814723589,24,0.0,0.0,0.45,0.0,0.0,-0.08775203227996826,-0.009064562445365893,0.25255792737007143,0.0,0.0
assured,ev_coincidence,1717,38,modify,0.23721636167224677,24,0.0,0.0,0.0,0.0,0.0,-0.23595895767211916,-0.02439205893944299,0.0,0.0,0.0
assured,ev_coincidence,1717,39,modify,0.3189321743476987,24,-1.6008902449653363e-05,0.013709225628693025,0.1855847927061164,0.0,0.0,-0.2870912442789878,-0.02583838390494317,0.052387466727585014,0.0,0.0
assured,ev_coincidence,1717,40,modify,0.25887768818007323,24,0.0,0.0,0.0,0.0,0.0,0.0,0.0,0.0,0.2473422943502665,0.07641627354827854
assured,ev_coincidence,1717,41,modify,0.40487019381838774,24,0.06941721745752313,0.00025959859401314124,0.2777280744838837,0.0,0.0,0.022050376384643543,8.246148313877232e-05,0.0882203118945134,0.3384582151956651,0.10587289226565555
assured,ev_coincidence,1717,42,modify,0.5057895469779091,24,0.0,0.0,0.0,0.0,0.0,0.0,0.0,0.0,0.4840186944997365,0.1467956716217792
assured,ev_coincidence,1717,43,modify,0.6643850821529774,24,0.0,0.0,0.0,0.0,0.0,0.0,0.0,0.0,0.6419898696365053,0.1710454462168505
assured,ev_coincidence,1717,44,modify,0.6531671300886986,24,0.0,0.0,0.0,0.0,0.0,0.0,0.0,0.0,0.6304985674475118,0.1705838687418671
assured,ev_coincidence,1717,45,modify,0.6706408981390013,24,0.0,0.0,0.0,0.0,0.0,0.0,0.0,0.0,0.6530714575184716,0.15250208402308943
assured,ev_coincidence,1717,46,modify,0.7659261786615443,24,0.0,0.0,0.0,0.0,0.0,0.0,0.0,0.0,0.7400092907658042,0.19755799335731078
assured,ev_coincidence,1717,47,modify,0.6213569816545491,24,0.0,0.0,0.0,0.0,0.0,-0.19621311426162721,-0.10882509230181449,0.0,0.5681739468340473,0.11366784007417428
assured,ev_coincidence,1717,48,modify,0.8119431395995532,24,0.0,0.0,0.0,0.0,0.0,0.0,0.0,0.0,0.7929262161254883,0.17469882004093504
assured,ev_coincidence,1717,49,modify,0.486700557380239,24,0.0,0.0,0.0,0.0,0.0,-0.16384764909744265,-0.09143551663947799,0.0,0.4384415447695279,0.09715934621259259
assured,ev_coincidence,1717,50,modify,0.7529367167045071,24,0.0,0.0,0.0,0.0,0.0,0.0,0.0,0.0,0.7347063926216941,0.16468216661976529
assured,ev_coincidence,1717,51,modify,0.6944435221544157,24,0.016771036433807625,0.051375872956853995,0.29193322534786786,0.0,0.0,0.006965900298642285,0.021339122968675465,0.12125534099579935,0.6559460613315151,0.147842087493796
assured,ev_coincidence,1717,52,modify,0.5901192674432909,24,0.0,0.0,0.0,0.0,0.0,-0.1873095989227295,-0.1062650204163893,0.0,0.53584533200681,0.12138117465912289
assured,ev_coincidence,1717,53,modify,0.4891900744385184,24,-2.0434838440945177e-06,-7.514784018000177e-10,0.08963987567034135,0.0,0.0,-1.807981849090021e-07,-6.648740161876055e-11,0.007930929751904958,0.47353485456589844,0.09162597117545339
assured,ev_coincidence,1717,54,modify,0.477110778492341,24,0.0006042329927662294,0.09077848640350088,0.24548728450011162,0.0,0.0,0.00010994554303264692,0.016517949371851123,0.04466858500793064,0.4094296652308205,0.11899169061956816
assured,ev_coincidence,1717,55,modify,0.38432663619873997,24,0.00014722983641566977,0.003388895975028359,0.2685233856471857,0.0,0.0,4.587689157042729e-05,0.0010559817016361672,0.08367202292258236,0.32511051823242704,0.0885134744765567
assured,ev_coincidence,1717,56,modify,0.3887153114128329,24,3.3650467287720223e-06,-5.692096439877438e-07,0.24115885476407997,0.0,0.0,9.470999346709583e-07,-1.602053285101334e-07,0.06787469952184941,0.34149466823850105,0.06673519631667021
assured,ev_coincidence,1717,57,modify,0.22167717101981063,24,-9.575946634781145e-07,-9.136640791126432e-10,0.0675403022851377,0.0,0.0,-5.023926581814104e-07,-4.793449075029877e-10,0.03543435786929051,0.21024015190516895,0.06252243606256219
assured,ev_coincidence,1717,58,modify,0.42829830882096875,24,0.15922206583634105,0.22906517945743204,0.45,0.0,0.0,0.03042065577013825,0.04376474414269929,0.08597611784935,0.0,0.0
assured,ev_coincidence,1717,59,modify,0.27430723913302235,24,0.27110793253125,0.19328791037875476,0.38072101280665155,0.0,0.0,0.20283475707999907,0.12800051649385447,0.1231927791034288,0.0,0.0
assured,ev_coincidence,1717,60,modify,0.32557738983535295,24,0.2495784172570696,0.1193372909093764,0.4357719775310569,0.0,0.0,0.20165229909149496,0.041564944196124984,0.12327367984562215,0.0,0.0
assured,ev_coincidence,1717,70,modify,0.04217525261430166,24,0.0,0.0,0.45,0.0,0.0,0.020985186100006104,0.009183062225719914,0.4145874984562397,0.0,0.0
assured,ev_coincidence,1717,71,modify,0.25917295501921234,24,0.0,0.0,0.45,0.0,0.0,0.1285452961921692,0.05993629761217344,0.23307981267571448,0.0,0.0
assured,ev_coincidence,1717,72,modify,0.27629787899641406,24,0.0,0.0,0.45,0.0,0.0,0.22118444442749025,0.10926370037450735,0.32558375000953677,0.0,0.0
assured,ev_coincidence,1717,73,modify,0.24893086131460307,24,0.0,0.0,0.45,0.0,0.0,0.19759984016418458,0.10279384401986588,0.3388500899076462,0.0,0.0
assured,ev_coincidence,1717,74,modify,0.26483871120189534,24,0.0,0.0,0.45,0.0,0.0,0.2085456132888794,0.11352250696535525,0.33269309252500534,0.0,0.0
assured,ev_coincidence,1717,75,modify,0.3474611842640029,24,0.0,0.0,0.45,0.0,0.0,0.27160215377807617,0.1536911638088203,0.29722378849983216,0.0,0.0
assured,ev_coincidence,1717,76,modify,0.22622769517216937,24,0.0,0.0,0.45,0.0,0.0,0.183314847946167,0.08331875806810904,0.34688539803028107,0.0,0.0
assured,ev_coincidence,1717,77,modify,0.26537157425548263,24,0.0,0.0,0.45,0.0,0.0,0.22120745182037355,0.07750298024951441,0.3255708083510399,0.0,0.0
assured,ev_coincidence,1717,78,modify,0.3730712196383304,24,0.0,0.0,0.45,0.0,0.0,0.18862414360046387,0.04781331716495909,0.13169675767421724,0.0,0.0
assured,ev_coincidence,1717,79,modify,0.27230774055449386,24,0.0,0.0,0.45,0.0,0.0,0.23402454853057864,0.04533475857327127,0.3183611914515495,0.0,0.0
assured,ev_coincidence,1717,80,modify,0.3651532011637477,24,0.0,0.0,0.45,0.0,0.0,0.1857032656669617,0.025450542246983406,0.13662573918700216,0.0,0.0
assured,ev_coincidence,1717,81,modify,0.29823636026196243,24,0.0,0.0,0.45,0.0,0.0,0.15182327032089235,0.015977324667369282,0.19379823133349416,0.0,0.0
assured,ev_coincidence,1717,82,modify,0.3516479654692131,24,0.0,0.0,0.45,0.0,0.0,0.17910184860229494,0.015271061813710934,0.14776563048362729,0.0,0.0
assured,ev_coincidence,1717,83,modify,0.03794094377092555,24,0.0,0.0,0.45,0.0,0.0,0.019326699390773052,0.001279379666872215,0.4173755139112473,0.0,0.0
assured,ev_coincidence,1717,84,modify,0.02553149801511993,24,0.0,0.0,0.45,0.0,0.0,0.01277087933063744,0.0008454006042799342,0.42790820673108104,0.0,0.0
assured,ev_coincidence,1717,85,modify,0.001485055860945867,24,0.0,0.0,0.45,0.0,0.0,0.0007336690235848738,4.856707356024812e-05,0.44870974346995357,0.0,0.0
assured,ev_coincidence,1818,11,modify,0.2000319200842261,24,0.0,0.0,0.45,0.0,0.0,0.0,0.0,0.27751719653606416,0.0,0.10130375887302255
assured,ev_coincidence,1818,17,modify,0.08965866419854272,24,0.0,0.0,0.45,0.0,0.0,0.0,0.0,0.37188275456428527,0.0,0.04400422742650247
assured,ev_coincidence,1818,38,modify,0.28947145634973687,24,0.0,0.0,0.45,0.0,0.0,-0.11746201515197754,-0.012142537096277934,0.18571046590805051,0.0,0.0
assured,ev_coincidence,1818,39,modify,0.2707129713766787,24,0.0,0.0,0.0,0.0,0.0,-0.2692750453948975,-0.02786508207715134,0.0,0.0,0.0
assured,ev_coincidence,1818,40,modify,0.3082828052945226,24,4.0950070275118075e-07,0.004627930976753579,0.1632339542883362,0.0,0.0,1.6860757732352135e-07,0.001905501565121914,0.06720985186249581,0.279577586965904,0.08744496004879454
assured,ev_coincidence,1818,41,modify,0.36843418908042935,24,-2.1842470886076488e-07,-3.21158241201216e-07,0.0672110406852608,0.0,0.0,-6.665195539151126e-08,-9.800093074545352e-08,0.020509343054345895,0.3478702377506229,0.11202232281557288
assured,ev_coincidence,1818,42,modify,0.5148366642321293,24,0.0014832080441778514,-3.354967882488338e-05,0.2321897614286175,0.0,0.0,0.00020140224234078703,-4.5556525746124535e-06,0.03152864413314124,0.46034897422748394,0.11344198915892426
assured,ev_coincidence,1818,43,modify,0.5565291485341638,24,0.0,0.0,0.0,0.0,0.0,-0.17839332818984988,-0.09836200063219527,0.0,0.4992490407332932,0.13775277051307688
assured,ev_coincidence,1818,44,modify,0.7481675641801745,24,0.0,0.0,0.0,0.0,0.0,0.0,0.0,0.0,0.7273010015487671,0.17546497438935174
assured,ev_coincidence,1818,45,modify,0.6120361042378385,24,0.0,0.0,0.0,0.0,0.0,0.0,0.0,0.0,0.5879198296970904,0.1701130998470561
assured,ev_coincidence,1818,46,modify,0.5671654975445934,24,7.53707210355936e-07,0.0030772873651226974,0.22182165591678454,0.0,0.0,-0.17580938759691422,-0.09693170283758615,0.02682990739499469,0.4732454957224805,0.13704968619104246
assured,ev_coincidence,1818,47,modify,0.745384948650881,24,0.0,0.0,0.0,0.0,0.0,0.0,0.0,0.0,0.7278357942416458,0.16079110142016323
assured,ev_coincidence,1818,48,modify,0.8444397067711544,24,0.0,0.0,0.0,0.0,0.0,0.0,0.0,0.0,0.8300040006637573,0.15547275405649338
assured,ev_coincidence,1818,49,modify,0.8255868602780644,24,0.0,0.0,0.0,0.0,0.0,0.0,0.0,0.0,0.8035074949264526,0.18965592387481325
assured,ev_coincidence,1818,50,modify,0.5790337447620405,24,0.0,0.0,0.0,0.0,0.0,-0.184624981880188,-0.10347954212515713,0.0,0.5276515688675812,0.10986127557988819
assured,ev_coincidence,1818,51,modify,0.5975356151257339,24,0.0,0.0,0.0,0.0,0.0,0.0,0.0,0.0,0.5810977560381114,0.1391912686599297
assured,ev_coincidence,1818,52,modify,0.6371067917948764,24,0.0,0.0,0.0,0.0,0.0,-0.19905418157577515,-0.11292799082786682,0.0,0.5746752802482817,0.15257158355178185
assured,ev_coincidence,1818,53,modify,0.553632957316389,24,0.04849364695255157,0.16518117026430076,0.29919910062156296,0.0,0.0,0.006551405332120577,0.022315681901472623,0.04042126559579473,0.4535549184536186,0.10798944427814325
assured,ev_coincidence,1818,54,modify,0.5199030394384176,24,0.0014652135955130648,0.007664782763433157,0.09615392796459413,0.0,0.0,-0.16876632913707892,-0.09643011226741825,0.014906991061260033,0.4628992679305538,0.0980196311862353
assured,ev_coincidence,1818,55,modify,0.43404030007155503,24,-5.983019988616166e-07,-1.4585454523859795e-07,0.008207664569851213,0.0,0.0,-1.014388240117959e-07,-2.47288385697015e-08,0.001391564533351256,0.4196337243321404,0.11068902506289234
assured,ev_coincidence,1818,56,modify,0.2899065109785925,24,-4.1520261436443657e-08,0.1621563697097482,0.28290415420662496,0.0,0.0,-2.0274490729875784e-08,0.07918152970937066,0.13814310058440835,0.23108330066065633,0.05296892055398618
assured,ev_coincidence,1818,57,modify,0.24999772086018165,24,-6.73646412243524e-09,0.09069653278424424,0.44262566552842175,0.0,0.0,-4.078089724183752e-09,0.05490545064059708,0.2679546933590611,0.17038441700311077,0.04095193277725099
assured,ev_coincidence,1818,58,modify,0.08801453582458885,24,-0.0010553257042326188,-3.086410845210849e-09,0.12296422159050895,0.0,0.0,-0.0002999793099784813,-8.773209938344972e-10,0.03495292704121536,0.0,0.0
assured,ev_coincidence,1818,59,modify,0.3614240254424751,24,0.5048173038582693,0.3220567166925256,0.4499999991578624,0.0,0.0,0.28248729333835876,0.1785372860617665,0.20383163071731294,0.0,0.0
assured,ev_coincidence,1818,70,modify,0.12020569310440489,24,0.0,0.0,0.45,0.0,0.0,0.05981087684631348,0.026173082346618186,0.349069145321846,0.0,0.0
assured,ev_coincidence,1818,71,modify,0.1722949253734386,24,0.0,0.0,0.45,0.0,0.0,0.08545529842376709,0.039844897873252696,0.30579418390989305,0.0,0.0
assured,ev_coincidence,1818,72,modify,0.3840934868619616,24,0.0,0.0,0.45,0.0,0.0,0.18988287448883057,0.09380092509715009,0.12957264930009843,0.0,0.0
assured,ev_coincidence,1818,73,modify,0.26148581141364646,24,0.0,0.0,0.45,0.0,0.0,0.12885175943374635,0.06703025493296184,0.23256265595555306,0.0,0.0
assured,ev_coincidence,1818,74,modify,0.2429802996081705,24,0.0,0.0,0.45,0.0,0.0,0.19133334159851076,0.1041529489006033,0.3423749953508377,0.0,0.0
assured,ev_coincidence,1818,75,modify,0.3128360020528524,24,0.0,0.0,0.45,0.0,0.0,0.24453647136688234,0.13837554067699787,0.3124482348561287,0.0,0.0
assured,ev_coincidence,1818,76,modify,0.3859065433322817,24,0.0,0.0,0.45,0.0,0.0,0.30296101570129397,0.1676216459754112,0.27958442866802213,0.0,0.0
assured,ev_coincidence,1818,77,modify,0.2191791787009077,24,0.0,0.0,0.45,0.0,0.0,0.18299460411071777,0.06290455624337436,0.34706553518772126,0.0,0.0
assured,ev_coincidence,1818,78,modify,0.31634067286948164,24,0.0,0.0,0.45,0.0,0.0,0.1598180651664734,0.04237099499401411,0.18030701503157615,0.0,0.0
assured,ev_coincidence,1818,79,modify,0.24362642473812046,24,0.0,0.0,0.45,0.0,0.0,0.20879921913146973,0.044298099256171425,0.33255043923854827,0.0,0.0
assured,ev_coincidence,1818,80,modify,0.24541436406160508,24,0.0,0.0,0.45,0.0,0.0,0.2119276523590088,0.03322682629209798,0.33079069554805757,0.0,0.0
assured,ev_coincidence,1818,81,modify,0.34389189001667536,24,0.0,0.0,0.45,0.0,0.0,0.1750150799751282,0.020170537717652336,0.15466205254197118,0.0,0.0
assured,ev_coincidence,1818,82,modify,0.18098889955728495,24,0.0,0.0,0.45,0.0,0.0,0.0921715259552002,0.008298858016434226,0.29446054995059967,0.0,0.0
assured,ev_coincidence,1818,83,modify,0.19663518521160886,24,0.0,0.0,0.45,0.0,0.0,0.10016251802444459,0.00797930072073303,0.28097575083374976,0.0,0.0
assured,ev_coincidence,1818,84,modify,0.034943736846725644,24,0.0,0.0,0.45,0.0,0.0,0.017803168296813967,0.0012406923605301086,0.41995715349912643,0.0,0.0
assured,ev_coincidence,1919,6,modify,0.041440598125447654,24,0.0,0.0,0.45,0.0,0.0,0.0,0.0,0.413629487156868,0.0,0.01986224983536417
assured,ev_coincidence,1919,37,modify,0.31552002131938933,24,0.0,0.0,0.45,0.0,0.0,0.0,0.0,0.13447997868061068,0.0,0.0
assured,ev_coincidence,1919,38,modify,0.19444799896748471,24,0.0,0.0,0.13447997876641332,0.0,0.0,-0.16077178716659546,-0.016619648378920392,0.02637704614440292,0.0,0.0
assured,ev_coincidence,1919,39,modify,0.3384650620884695,24,0.08909250268984396,0.012164085682420504,0.39084540545889157,0.0,0.0,0.039771577051909396,0.005430141217029294,0.1744763890257745,0.23790499328722656,0.09309329426696679
assured,ev_coincidence,1919,40,modify,0.3191359220466509,24,1.0637288667987595e-07,-1.3054487577658482e-09,0.17604486744663822,0.0,0.0,4.219755613455892e-08,-5.17864551353161e-10,0.0698360588693687,0.2902365335880105,0.07956243015377613
assured,ev_coincidence,1919,41,modify,0.5030733467822983,24,0.1053249186683868,0.009569091912319094,0.45,0.0,0.0,0.02811380757997166,0.002554225648965531,0.12011605203151704,0.35601484827890895,0.10724754960471099
assured,ev_coincidence,1919,42,modify,0.49150138242960245,24,0.0,0.0,0.0,0.0,0.0,0.0,0.0,0.0,0.4707617754978745,0.141269103700346
assured,ev_coincidence,1919,43,modify,0.46944182176585797,24,0.0,0.0,0.0,0.0,0.0,-0.15750319957733155,-0.08684366155168655,0.0,0.41673947453474003,0.1198113306768426
assured,ev_coincidence,1919,44,modify,0.6705276842360842,24,0.0,0.0,0.0,0.0,0.0,0.0,0.0,0.0,0.653870280238003,0.1485295659068636
assured,ev_coincidence,1919,45,modify,0.6586655916528988,24,0.00011705611260113053,-8.748190544679714e-05,0.24807003982744824,0.0,0.0,-0.1934259107285397,-0.1068860370291795,0.008149403249679665,0.55955445141552,0.11963467006879806
assured,ev_coincidence,1919,46,modify,0.598274341296022,24,0.0,0.0,0.0,0.0,0.0,-0.1912136435508728,-0.1058295323883635,0.0,0.5425941913669854,0.12554355237309597
assured,ev_coincidence,1919,47,modify,0.8213610966106234,24,-1.1001888247747812e-05,-2.5484475421701446e-05,0.13613093176424243,0.0,0.0,-3.7189090528763287e-06,-8.614380024535426e-06,0.04601560596819976,0.7943704605102538,0.18838484602845404
assured,ev_coincidence,1919,48,modify,0.8476214496645513,24,7.977357936368842e-05,0.006019115599647292,0.0959359128910713,0.0,0.0,2.4500957617775752e-05,0.0018486583826346258,0.029464915007144363,0.8227827244366156,0.19249654794813642
assured,ev_coincidence,1919,49,modify,0.8207092132424318,24,0.0,0.0,0.0,0.0,0.0,0.0,0.0,0.0,0.7987112014758878,0.1887432895176812
assured,ev_coincidence,1919,50,modify,0.8263069575029495,24,0.007000398105173134,0.01397845434144685,0.25295630543595443,0.0,0.0,0.0023783418048365194,0.004749093098390202,0.08594033467478726,0.792307448387146,0.1644117278217641
assured,ev_coincidence,1919,51,modify,0.869215718741847,24,0.10035517232566593,0.1303497899414817,0.34012831034017765,0.0,0.0,0.03128669347091498,0.04063780498191907,0.10603828322729916,0.8143864931800969,0.15714251373618565
assured,ev_coincidence,1919,52,modify,0.5402633111428068,24,0.0,0.0,0.0,0.0,0.0,-0.17552771568298342,-0.09958088852877782,0.0,0.4908263709839307,0.1012303639263779
assured,ev_coincidence,1919,53,modify,0.547026080002547,24,0.0,0.0,0.0,0.0,0.0,0.0,0.0,0.0,0.5342903123274756,0.11735158437772189
assured,ev_coincidence,1919,54,modify,0.4790598082193327,24,-0.000685715947354063,-5.258816779451932e-09,0.030274247649329792,0.0,0.0,-6.0534978145273003e-05,-4.642481482930199e-10,0.002672609448399612,0.4686391416831086,0.09546419983975016
assured,ev_coincidence,1919,55,modify,0.7020663373980685,24,0.2810875349168513,0.25369313913772407,0.41595167098149816,0.0,0.0,0.02654632097554377,0.02395915387295805,0.03928308870564101,0.4715059954798126,0.10550395196427004
assured,ev_coincidence,1919,56,modify,0.4836596096449992,24,0.003260159733203779,0.05919682944384095,0.2598677762070877,0.0,0.0,0.0005270322266150212,0.00956966510339604,0.0420098105393521,0.4162653136698529,0.10352481830926781
assured,ev_coincidence,1919,57,modify,0.26181945009741153,24,0.09298164747065758,0.1329355395779737,0.3239385958803944,0.0,0.0,0.05037848395238653,0.07202594414606611,0.17551351044053146,0.195821331334888,0.05146276613503367
assured,ev_coincidence,1919,58,modify,0.5052633417045107,24,0.368937086533015,0.20363424379899586,0.4346282224677445,0.0,0.0,0.06101340838160213,0.03367625465398977,0.0718771579208568,0.0,0.0
assured,ev_coincidence,1919,59,modify,0.271252230949486,24,0.1388804850302397,0.08405096595301227,0.33793600798776446,0.0,0.0,0.03839708314236233,0.023238051963823184,0.09343110367650923,0.0,0.0
assured,ev_coincidence,1919,61,modify,0.058984185880971034,24,0.435714300769171,0.07804431315336814,0.45,0.0,0.0,0.42647118109011994,0.07971052335065032,0.3917683705687523,0.0,0.0
assured,ev_coincidence,1919,70,modify,0.07856046870219914,24,0.0,0.0,0.45,0.0,0.0,0.03908941745758057,0.017105426235891244,0.3840366080403328,0.0,0.0
assured,ev_coincidence,1919,71,modify,0.27780712332929,24,0.0,0.0,0.45,0.0,0.0,0.13778752088546753,0.06424563250209415,0.21748355850577353,0.0,0.0
assured,ev_coincidence,1919,72,modify,0.3003433721707719,24,0.0,0.0,0.45,0.0,0.0,0.1484796404838562,0.07334799240306016,0.19944060668349267,0.0,0.0
assured,ev_coincidence,1919,73,modify,0.28392864570341764,24,0.0,0.0,0.45,0.0,0.0,0.22538087368011475,0.11724587608413473,0.3232232585549355,0.0,0.0
assured,ev_coincidence,1919,74,modify,0.3319813230917741,24,0.0,0.0,0.45,0.0,0.0,0.26141664981842044,0.1423030337673085,0.30295313447713856,0.0,0.0
assured,ev_coincidence,1919,75,modify,0.38676179410774075,24,0.0,0.0,0.45,0.0,0.0,0.30232250690460205,0.17107485078978418,0.27994358986616136,0.0,0.0
assured,ev_coincidence,1919,76,modify,0.2727027276348945,24,0.0,0.0,0.45,0.0,0.0,0.22405004501342773,0.09102340531917356,0.3239718496799469,0.0,0.0
assured,ev_coincidence,1919,77,modify,0.2539550846075161,24,0.0,0.0,0.45,0.0,0.0,0.21448163986206056,0.06273254787538969,0.32935407757759094,0.0,0.0
assured,ev_coincidence,1919,78,modify,0.2109668383653236,24,0.0,0.0,0.45,0.0,0.0,0.18075432777404787,0.03869385861291261,0.34832569062709806,0.0,0.0
assured,ev_coincidence,1919,79,modify,0.3006022119982263,24,0.0,0.0,0.45,0.0,0.0,0.15270384550094607,0.02530324980601303,0.19231226071715352,0.0,0.0
assured,ev_coincidence,1919,80,modify,0.2288527677090268,24,0.0,0.0,0.45,0.0,0.0,0.1981144428253174,0.026561677934460654,0.33856062591075897,0.0,0.0
assured,ev_coincidence,1919,81,modify,0.2643677151179312,24,0.0,0.0,0.45,0.0,0.0,0.13459744453430175,0.013576884352410582,0.22286681234836578,0.0,0.0
assured,ev_coincidence,1919,82,modify,0.1893321375281368,24,0.0,0.0,0.45,0.0,0.0,0.09643380641937256,0.008090718502761952,0.2872679516673088,0.0,0.0
assured,ev_coincidence,1919,83,modify,0.09811223046615034,24,0.0,0.0,0.45,0.0,0.0,0.04998250007629395,0.00368799848030795,0.36565453112125396,0.0,0.0
assured,ev_coincidence,1919,84,modify,0.11415648269129111,24,0.0,0.0,0.45,0.0,0.0,0.0581610918045044,0.0040233398463071016,0.3518531575798988,0.0,0.0
assured,ev_coincidence,1919,85,modify,0.021291024438797868,24,0.0,0.0,0.45,0.0,0.0,0.01052464354196327,0.0007030267569969814,0.43150553181767465,0.0,0.0
assured,ev_coincidence,2020,14,modify,0.0964788007977439,24,0.0,0.0,0.45,0.0,0.0,0.0,0.0,0.36595740616321565,0.0,0.04738144599477779
assured,ev_coincidence,2020,18,modify,0.06993473094788144,24,0.0,0.0,0.45,0.0,0.0,0.0,0.0,0.38887723088264464,0.0,0.03398343255439383
assured,ev_coincidence,2020,38,modify,0.4719522644171881,24,0.0,0.0,0.45,0.0,0.0,-0.19150925874710084,-0.019797108670480797,0.019104167819023132,0.0,0.0
assured,ev_coincidence,2020,39,modify,0.3190618639040024,24,-1.2731481932451487e-07,0.000145836119631353,0.12060407881415527,0.0,0.0,-0.3039799042191892,-0.031421394189317615,0.02895104721297248,0.0,0.0
assured,ev_coincidence,2020,40,modify,0.2528375040828694,24,0.10302177408275016,0.003973762309589472,0.31461159696468965,0.0,0.0,0.05769739480004548,0.0022255075187674715,0.17619837825898868,0.19813882883889414,0.058755707063723746
assured,ev_coincidence,2020,41,modify,0.4316374621920257,24,-0.00012958415622741276,0.027290631296358274,0.3740150489572659,0.0,0.0,-4.1116700280638996e-05,0.008659243075307504,0.11867395765140032,0.32440558876342945,0.12460218049384396
assured,ev_coincidence,2020,42,modify,0.42265238086952406,24,0.17569521862593396,0.0001022297337479575,0.35514730330079874,0.0,0.0,0.05881151286957802,3.421997108966332e-05,0.11888058401372917,0.31855803719763204,0.08759020522939844
assured,ev_coincidence,2020,43,modify,0.610884309378036,24,0.03338853383222166,0.0032549950162379256,0.2709880707414627,0.0,0.0,0.00028486259843173156,2.7770801283674273e-05,0.0023120022689022135,0.5359835144673779,0.11228630311982638
assured,ev_coincidence,2020,44,modify,0.6009244009472219,24,0.0,0.0,0.0,0.0,0.0,-0.189244282245636,-0.10444180690135116,0.0,0.5402296320501662,0.15013524208937265
assured,ev_coincidence,2020,45,modify,0.7620917998451433,24,0.0,0.0,0.0,0.0,0.0,0.0,0.0,0.0,0.7422023290503741,0.17297287111975168
assured,ev_coincidence,2020,46,modify,0.8217273664381624,24,0.0,0.0,0.0,0.0,0.0,0.0,0.0,0.0,0.8040309906005859,0.1696173072160929
assured,ev_coincidence,2020,47,modify,0.7928854402050665,24,0.0,0.0,0.0,0.0,0.0,0.0,0.0,0.0,0.776509165763855,0.16031480522367245
assured,ev_coincidence,2020,48,modify,0.8193483021929013,24,0.0,0.0,0.0,0.0,0.0,0.0,0.0,0.0,0.8007480382919311,0.17359210661206384
assured,ev_coincidence,2020,49,modify,0.7754992604809929,24,-6.761416099905086e-06,-4.8800086841576476e-11,0.12932741802186645,0.0,0.0,-2.4848301373598516e-06,-1.7934102072408967e-11,0.047528012052413166,0.7589982748031616,0.13649021582936535
assured,ev_coincidence,2020,50,modify,0.8056940331403354,24,0.0,0.0,0.0,0.0,0.0,0.0,0.0,0.0,0.7869937419891357,0.1725796196191125
assured,ev_coincidence,2020,51,modify,0.8240680065790535,24,8.965814040316072e-05,9.141521083125154e-08,0.09661091282851711,0.0,0.0,2.7979307005400158e-05,2.8527629920827576e-08,0.030149034744041375,0.7945151492367656,0.2083664369750011
assured,ev_coincidence,2020,52,modify,0.7411698488792704,24,0.0,0.0,0.0,0.0,0.0,0.0,0.0,0.0,0.7183185711093728,0.18262304150109185
assured,ev_coincidence,2020,53,modify,0.5236674242216062,24,0.0,0.0,0.0,0.0,0.0,0.0,0.0,0.0,0.5081388880578042,0.12657978367128803
assured,ev_coincidence,2020,54,modify,0.502610709707532,24,0.0008057166149145394,-3.593418623892443e-05,0.18672242445692194,0.0,0.0,9.12753707015397e-05,-4.070793761853711e-06,0.02115279515789001,0.458779000683553,0.12134883788781596
assured,ev_coincidence,2020,55,modify,0.3640233934185359,24,6.97988975815084e-05,7.367101518784758e-07,0.1294151460409526,0.0,0.0,2.043437619448129e-05,2.1567980170744827e-07,0.03788767260079427,0.34173050310220576,0.08576720453642622
assured,ev_coincidence,2020,56,modify,0.21407099968367915,24,0.0015222804022494451,-7.853492586917539e-05,0.20551844941947886,0.0,0.0,0.0008798853450905066,-4.539356234761113e-05,0.11879064561477042,0.18932607320475628,0.049597431263015995
assured,ev_coincidence,2020,57,modify,0.3854219101270758,24,0.3139845434048255,0.11391170306620987,0.40690741807298303,0.0,0.0,0.13772717151968297,0.04996658910713109,0.1784871546664414,0.2379042655809235,0.06797171284140344
assured,ev_coincidence,2020,58,modify,0.3936678345744105,24,0.3374525128640387,0.0764785520552396,0.43538745411851487,0.0,0.0,0.09858181060519564,0.022342089173023542,0.12719206971525188,0.0,0.0
assured,ev_coincidence,2020,59,modify,0.18814393591975015,24,0.22014782867153782,0.029236799636678693,0.4499999870127297,0.0,0.0,0.13760874272378618,0.018275171113648847,0.2812834122063171,0.0,0.0
assured,ev_coincidence,2020,70,modify,0.12016767137260559,24,0.0,0.0,0.45,0.0,0.0,0.05979195833206177,0.026164803654555906,0.34910107031464577,0.0,0.0
assured,ev_coincidence,2020,71,modify,0.3359687952984859,24,0.0,0.0,0.45,0.0,0.0,0.16663470268249514,0.07769609179291374,0.16880393922328946,0.0,0.0
assured,ev_coincidence,2020,72,modify,0.2679899841947004,24,0.0,0.0,0.45,0.0,0.0,0.21453373432159425,0.10597829213447828,0.32932477444410324,0.0,0.0
assured,ev_coincidence,2020,73,modify,0.26592604619246474,24,0.0,0.0,0.45,0.0,0.0,0.2110905170440674,0.10981185847656198,0.3312615841627121,0.0,0.0
assured,ev_coincidence,2020,74,modify,0.25897134897523844,24,0.0,0.0,0.45,0.0,0.0,0.20392539501190188,0.1110074755856105,0.3352919653058052,0.0,0.0
assured,ev_coincidence,2020,75,modify,0.3458023603037067,24,0.0,0.0,0.45,0.0,0.0,0.27030549049377445,0.15295742261251397,0.29795316159725194,0.0,0.0
assured,ev_coincidence,2020,76,modify,0.3108417716265608,24,0.0,0.0,0.45,0.0,0.0,0.2550884246826172,0.1047087143380799,0.3065127611160279,0.0,0.0
assured,ev_coincidence,2020,77,modify,0.24155504703448344,24,0.0,0.0,0.45,0.0,0.0,0.20454766750335696,0.05719033670308533,0.3349419370293617,0.0,0.0
assured,ev_coincidence,2020,78,modify,0.2878903174892299,24,0.0,0.0,0.45,0.0,0.0,0.24688982963562012,0.05137931805976464,0.3111244708299637,0.0,0.0
assured,ev_coincidence,2020,79,modify,0.2744881700782668,24,0.0,0.0,0.45,0.0,0.0,0.23737792968750002,0.034154436988049444,0.31647491455078125,0.0,0.0
assured,ev_coincidence,2020,80,modify,0.2475085381162479,24,0.0,0.0,0.45,0.0,0.0,0.12601288557052612,0.012751125699361621,0.23735325559973716,0.0,0.0
assured,ev_coincidence,2020,81,modify,0.21448932591116485,24,0.0,0.0,0.45,0.0,0.0,0.18642973899841309,0.015893164135743373,0.34513327181339265,0.0,0.0
assured,ev_coincidence,2020,82,modify,0.209205244846369,24,0.0,0.0,0.45,0.0,0.0,0.1065941333770752,0.0069695188144072535,0.2701223999261856,0.0,0.0
assured,ev_coincidence,2020,83,modify,0.01083225437114108,24,0.0,0.0,0.45,0.0,0.0,0.004999628298128627,0.0003225349746213267,0.44039596840739254,0.0,0.0
assured,ev_coincidence,2020,85,modify,0.07486616406759951,24,0.0,0.0,0.45,0.0,0.0,0.03436080725546181,0.0022166772078350133,0.38352170437574384,0.0,0.0
assured,compound,101,19,modify,0.03301496930515554,24,0.0,0.0,0.45,0.0,0.0,0.0,0.0,0.42101991176605225,0.0,0.015815899726950872
assured,compound,101,38,modify,0.41263581432910995,24,0.0,0.0,0.45,0.0,0.0,-0.16743977069854737,-0.017308945572479847,0.07326051592826843,0.0,0.0
assured,compound,101,39,modify,0.25690997190236375,24,0.002655836682884139,-0.0009236686308538157,0.14969794192314018,0.0,0.0,-0.2370892307494226,-0.02501933582686053,0.06056638114284581,0.0,0.0
assured,compound,101,70,modify,0.14924631810412742,24,0.0,0.0,0.45,0.0,0.0,0.0742606520652771,0.03249626596534101,0.3246851496398449,0.0,0.0
assured,compound,101,71,modify,0.3497735208743013,24,0.0,0.0,0.45,0.0,0.0,0.1734816074371338,0.08088857050082954,0.1572497874498367,0.0,0.0
assured,compound,101,72,modify,0.3077007554415697,24,0.0,0.0,0.45,0.0,0.0,0.15211688280105592,0.07514476683611153,0.19330276027321813,0.0,0.0
assured,compound,101,73,modify,0.32577192981200787,24,0.0,0.0,0.45,0.0,0.0,0.2585958242416382,0.13452469799164174,0.30453984886407853,0.0,0.0
assured,compound,101,74,modify,0.24740418039573545,24,0.0,0.0,0.45,0.0,0.0,0.1948168992996216,0.10604923526765707,0.3404154941439629,0.0,0.0
assured,compound,101,75,modify,0.2935723727599442,24,0.0,0.0,0.45,0.0,0.0,0.2294785499572754,0.12985473392420896,0.3209183156490326,0.0,0.0
assured,compound,101,76,modify,0.2976358988201112,24,0.0,0.0,0.45,0.0,0.0,0.1480353593826294,0.0653283241321265,0.20019033104181289,0.0,0.0
assured,compound,101,77,modify,0.18817400759821326,24,0.0,0.0,0.45,0.0,0.0,0.09435869455337526,0.03393532667169936,0.29076970294117926,0.0,0.0
assured,compound,101,78,modify,0.26599084088743324,24,0.0,0.0,0.45,0.0,0.0,0.22344784736633302,0.07088270674574905,0.3243105858564377,0.0,0.0
assured,compound,101,79,modify,0.27606445130463647,24,0.0,0.0,0.45,0.0,0.0,0.13979204893112182,0.03195914848369506,0.2141009174287319,0.0,0.0
assured,compound,101,80,modify,0.391133353892635,24,0.0,0.0,0.45,0.0,0.0,0.19848469495773316,0.03744816284460838,0.1150570772588253,0.0,0.0
assured,compound,101,81,modify,0.2735476354856746,24,0.0,0.0,0.45,0.0,0.0,0.13909196853637695,0.019731597199103924,0.21528230309486387,0.0,0.0
assured,compound,101,82,modify,0.22904039430878465,24,0.0,0.0,0.45,0.0,0.0,0.11655749082565309,0.013660022658662995,0.2533092342317104,0.0,0.0
assured,compound,101,83,modify,0.24296091571617606,24,0.0,0.0,0.45,0.0,0.0,0.12370102405548096,0.012385014684384618,0.2412545219063759,0.0,0.0
assured,compound,101,84,modify,0.1154080385237421,24,0.0,0.0,0.45,0.0,0.0,0.0587805986404419,0.004975147700767467,0.3508077397942543,0.0,0.0
assured,compound,202,10,modify,0.029042389189978198,24,0.0,0.0,0.45,0.0,0.0,0.0,0.0,0.42444326877593996,0.0,0.01379542891697524
assured,compound,202,12,modify,0.2619012006542067,24,0.0,0.0,0.45,0.0,0.0,0.22735018730163575,0.02344548830378143,0.3221155196428299,0.0,0.0
assured,compound,202,38,modify,0.16825146416250306,24,0.0,0.0,0.45,0.0,0.0,-0.06827324628829956,-0.0070576894553221045,0.296385195851326,0.0,0.0
assured,compound,202,39,modify,0.4724511898290726,24,0.0,0.0,0.29638516118527,0.0,0.0,-0.3782958745956421,-0.039146760070530716,0.016081951765889835,0.0,0.0
assured,compound,202,70,modify,0.21645800663240322,24,0.0,0.0,0.45,0.0,0.0,0.10770324468612671,0.04713065650937218,0.2682507745921612,0.0,0.0
assured,compound,202,71,modify,0.2689415360924587,24,0.0,0.0,0.45,0.0,0.0,0.1333903431892395,0.06219537816481574,0.22490379586815834,0.0,0.0
assured,compound,202,72,modify,0.256126400599661,24,0.0,0.0,0.45,0.0,0.0,0.20503659248352052,0.10128676483066887,0.33466691672801974,0.0,0.0
assured,compound,202,73,modify,0.27075164067715435,24,0.0,0.0,0.45,0.0,0.0,0.21492104530334474,0.11180454594063419,0.3291069120168686,0.0,0.0
assured,compound,202,74,modify,0.27926961979091336,24,0.0,0.0,0.45,0.0,0.0,0.219909143447876,0.1197082828792258,0.3263011068105698,0.0,0.0
assured,compound,202,75,modify,0.30129975465081865,24,0.0,0.0,0.45,0.0,0.0,0.23551886081695558,0.13327275691437215,0.3175206407904625,0.0,0.0
assured,compound,202,76,modify,0.3670329701561582,24,0.0,0.0,0.45,0.0,0.0,0.1829527497291565,0.07697773872972859,0.1412672348320484,0.0,0.0
assured,compound,202,77,modify,0.23717813219337613,24,0.0,0.0,0.45,0.0,0.0,0.19891462326049805,0.06455373186271608,0.33811052441596984,0.0,0.0
assured,compound,202,78,modify,0.32307733963004054,24,0.0,0.0,0.45,0.0,0.0,0.27543485164642334,0.06716139527460986,0.2950678959488869,0.0,0.0
assured,compound,202,79,modify,0.33911346649057195,24,0.0,0.0,0.45,0.0,0.0,0.17230939865112305,0.027549849505147352,0.15922788977622987,0.0,0.0
assured,compound,202,80,modify,0.2491395247116755,24,0.0,0.0,0.45,0.0,0.0,0.12675297260284424,0.01590098603083578,0.23610435873270033,0.0,0.0
assured,compound,202,81,modify,0.2060636188274888,24,0.0,0.0,0.45,0.0,0.0,0.1788444995880127,0.018881041563420686,0.34939996898174286,0.0,0.0
assured,compound,202,82,modify,0.18222074977663572,24,0.0,0.0,0.45,0.0,0.0,0.09281556606292725,0.007608193095297642,0.29337373226881025,0.0,0.0
assured,compound,202,83,modify,0.2711412767993923,24,0.0,0.0,0.45,0.0,0.0,0.13813425302505494,0.010009325163696452,0.2168984480202198,0.0,0.0
assured,compound,202,84,modify,0.07046667787569239,24,0.0,0.0,0.45,0.0,0.0,0.03276126544614333,0.002214961376345545,0.387651414424181,0.0,0.0
assured,compound,202,85,modify,0.08945518867142892,24,0.0,0.0,0.45,0.0,0.0,0.04006303489661742,0.002708627817233401,0.370063479244709,0.0,0.0
assured,compound,202,86,modify,0.0340241952822003,24,0.0,0.0,0.45,0.0,0.0,0.014504575593863936,0.0009806420565013584,0.41923798620700836,0.0,0.0
assured,compound,303,8,modify,0.07242839839567347,24,0.0,0.0,0.45,0.0,0.0,0.0,0.0,0.38657613694667814,0.0,0.034975512713266536
assured,compound,303,38,modify,0.47831994854769766,24,0.0,0.0,0.45,0.0,0.0,-0.19409314393997193,-0.020064215630687176,0.01329042613506315,0.0,0.0
assured,compound,303,39,modify,0.4302136405587961,24,0.00016747892027132522,0.005614534956785402,0.18734038663989877,0.0,0.0,3.1405501940291063e-05,0.0010528327278053612,0.035129906895641494,0.3782457550611426,0.1372044733742348
assured,compound,303,70,modify,0.18215004209598387,24,0.0,0.0,0.45,0.0,0.0,0.09063259363174439,0.03966058452054676,0.29705749824643135,0.0,0.0
assured,compound,303,71,modify,0.12611704155566414,24,0.0,0.0,0.45,0.0,0.0,0.06255186796188354,0.02916580758237983,0.3444437228143215,0.0,0.0
assured,compound,303,72,modify,0.30774095273803076,24,0.0,0.0,0.45,0.0,0.0,0.15213675498962403,0.07515458357011881,0.19326922595500945,0.0,0.0
assured,compound,303,73,modify,0.22633985623275327,24,0.0,0.0,0.45,0.0,0.0,0.17966723442077637,0.09346508405666948,0.3489371806383133,0.0,0.0
assured,compound,303,74,modify,0.3310004823740104,24,0.0,0.0,0.45,0.0,0.0,0.26064429283142093,0.14188259864017427,0.3033875852823258,0.0,0.0
assured,compound,303,75,modify,0.33882124469644437,24,0.0,0.0,0.45,0.0,0.0,0.16596399545669557,0.09391383410362432,0.16993575766682623,0.0,0.0
assured,compound,303,76,modify,0.26254525726294264,24,0.0,0.0,0.45,0.0,0.0,0.2064535140991211,0.11322878658276841,0.3338698983192444,0.0,0.0
assured,compound,303,77,modify,0.2710922189041759,24,0.0,0.0,0.45,0.0,0.0,0.22268731594085694,0.09061389641077108,0.324738384783268,0.0,0.0
assured,compound,303,78,modify,0.22550991882667076,24,0.0,0.0,0.45,0.0,0.0,0.11369855403900148,0.033386844839652305,0.258133690059185,0.0,0.0
assured,compound,303,79,modify,0.3428990083177829,24,0.0,0.0,0.45,0.0,0.0,0.1733867645263672,0.043677855450694796,0.15740983486175536,0.0,0.0
assured,compound,303,80,modify,0.2914974176210027,24,0.0,0.0,0.45,0.0,0.0,0.14785990715026856,0.02917463089271151,0.20048640668392181,0.0,0.0
assured,compound,303,81,modify,0.2378180583736512,24,0.0,0.0,0.45,0.0,0.0,0.12083466053009034,0.019435574446844604,0.24609151035547255,0.0,0.0
assured,compound,303,82,modify,0.22825681351017546,24,0.0,0.0,0.45,0.0,0.0,0.11608493328094482,0.015851385871844606,0.2541066750884056,0.0,0.0
assured,compound,303,83,modify,0.08499352357489139,24,0.0,0.0,0.45,0.0,0.0,0.04325337409973145,0.005049211444779492,0.3770099312067032,0.0,0.0
assured,compound,303,84,modify,0.018154949993963585,24,0.0,0.0,0.45,0.0,0.0,0.009240806102752686,0.0010204081775360269,0.43440613970160485,0.0,0.0
assured,compound,303,85,modify,0.06868733238627943,24,0.0,0.0,0.45,0.0,0.0,0.03496288061141968,0.0038161509307921273,0.39100013896822927,0.0,0.0
assured,compound,404,11,modify,0.35409152471501854,24,0.0,0.0,0.45,0.0,0.0,0.18026775121688843,0.01859011194867112,0.1457981698215008,0.0,0.0
assured,compound,404,23,modify,0.03171249187778368,24,0.0,0.0,0.45,0.0,0.0,0.0,0.0,0.42233043909072876,0.0,0.015494435781486992
assured,compound,404,38,modify,0.310810786485672,24,0.0,0.0,0.45,0.0,0.0,0.0,0.0,0.139189213514328,0.0,0.0
assured,compound,404,39,modify,0.4117679404329856,24,0.0,0.0,0.45,0.0,0.0,-0.272919511795044,-0.028242218232559176,0.14296554923057558,0.0,0.0
assured,compound,404,70,modify,0.2124360165720317,24,0.0,0.0,0.45,0.0,0.0,0.10570201873779297,0.04625492529957039,0.27162784337997437,0.0,0.0
assured,compound,404,71,modify,0.19190109191983415,24,0.0,0.0,0.45,0.0,0.0,0.09517961740493774,0.04437901692541804,0.28938439562916757,0.0,0.0
assured,compound,404,72,modify,0.28763159979685055,24,0.0,0.0,0.45,0.0,0.0,0.2302574157714844,0.1137456901681506,0.32048020362854,0.0,0.0
assured,compound,404,73,modify,0.2762614997982914,24,0.0,0.0,0.45,0.0,0.0,0.21929473876953126,0.11407979456219342,0.3266467094421387,0.0,0.0
assured,compound,404,74,modify,0.3526806804019147,24,0.0,0.0,0.45,0.0,0.0,0.2777162313461304,0.1511757658681208,0.2937846198678017,0.0,0.0
assured,compound,404,75,modify,0.3000510721513314,24,0.0,0.0,0.45,0.0,0.0,0.23558490276336672,0.1302680876057778,0.31748349219560623,0.0,0.0
assured,compound,404,76,modify,0.29411691972078374,24,0.0,0.0,0.45,0.0,0.0,0.24269909858703614,0.09468199063974583,0.3134817570447922,0.0,0.0
assured,compound,404,77,modify,0.22775461863406313,24,0.0,0.0,0.45,0.0,0.0,0.19316058158874513,0.052494944357844776,0.34134717285633087,0.0,0.0
assured,compound,404,78,modify,0.20933447273322867,24,0.0,0.0,0.45,0.0,0.0,0.17957520484924316,0.037019380123026996,0.34898894727230073,0.0,0.0
assured,compound,404,79,modify,0.22527359450727286,24,0.0,0.0,0.45,0.0,0.0,0.19446411132812502,0.03109004811238312,0.34061393737792967,0.0,0.0
assured,compound,404,80,modify,0.2146846066195847,24,0.0,0.0,0.45,0.0,0.0,0.10923904180526733,0.013219338203955398,0.2656591169536114,0.0,0.0
assured,compound,404,81,modify,0.2110614618609829,24,0.0,0.0,0.45,0.0,0.0,0.1831978797912598,0.019142121614634133,0.34695119261741636,0.0,0.0
assured,compound,404,82,modify,0.1732563751863718,24,0.0,0.0,0.45,0.0,0.0,0.08825211524963379,0.007109689304152875,0.30107455551624296,0.0,0.0
assured,compound,404,83,modify,0.16724247877950188,24,0.0,0.0,0.45,0.0,0.0,0.08520375490188599,0.006106894697271918,0.3062186636030674,0.0,0.0
assured,compound,404,84,modify,0.017803004625211526,24,0.0,0.0,0.45,0.0,0.0,0.008662907059857351,0.0005898159700925171,0.4344580203294754,0.0,0.0
assured,compound,404,85,modify,0.15985572067743622,24,0.0,0.0,0.45,0.0,0.0,0.07710018257260313,0.005249383222532102,0.31006481051445006,0.0,0.0
assured,compound,404,86,modify,0.002493865841623979,24,0.0,0.0,0.45,0.0,0.0,0.0011037911441929816,7.515186761133657e-05,0.44776496887207035,0.0,0.0
assured,compound,505,8,modify,0.08256257225861774,24,0.0,0.0,0.45,0.0,0.0,0.0,0.0,0.3779938995838165,0.0,0.04039430455910801
assured,compound,505,16,modify,0.032716168086211854,24,0.0,0.0,0.45,0.0,0.0,0.0,0.0,0.42129741311073304,0.0,0.01570061018270777
assured,compound,505,38,modify,0.3683242805099971,24,0.0,0.0,0.45,0.0,0.0,-0.1494589924812317,-0.015450197736073212,0.11371726691722872,0.0,0.0
assured,compound,505,39,modify,0.4920328764104248,24,0.022355432933907744,0.003353222374953887,0.348977593724062,0.0,0.0,-0.35569116306049353,-0.03669849399582113,0.03661084974910339,0.0,0.0
assured,compound,505,70,modify,0.00834990292688378,24,0.0,0.0,0.45,0.0,0.0,0.004154670238494873,0.0018180727655035625,0.44298899397253994,0.0,0.0
assured,compound,505,71,modify,0.30373417462568025,24,0.0,0.0,0.45,0.0,0.0,0.15064688920974734,0.07024151838683602,0.19578337445855137,0.0,0.0
assured,compound,505,72,modify,0.3175084336241949,24,0.0,0.0,0.45,0.0,0.0,0.2541746854782105,0.1255606683768406,0.30702673941850667,0.0,0.0
assured,compound,505,73,modify,0.24635256946481268,24,0.0,0.0,0.45,0.0,0.0,0.19555320739746096,0.10172916072248199,0.3400013208389282,0.0,0.0
assured,compound,505,74,modify,0.3231634151652848,24,0.0,0.0,0.45,0.0,0.0,0.25447304248809816,0.13852325773131344,0.3068589136004448,0.0,0.0
assured,compound,505,75,modify,0.3444685238272657,24,0.0,0.0,0.45,0.0,0.0,0.2692628622055054,0.15236743187490367,0.29853964000940325,0.0,0.0
assured,compound,505,76,modify,0.34407543087578424,24,0.0,0.0,0.45,0.0,0.0,0.28300318717956546,0.11382384302095884,0.2908107072114945,0.0,0.0
assured,compound,505,77,modify,0.2197341022884811,24,0.0,0.0,0.45,0.0,0.0,0.111050283908844,0.028864196334609783,0.26260264590382576,0.0,0.0
assured,compound,505,78,modify,0.2506824321867139,24,0.0,0.0,0.45,0.0,0.0,0.21444573402404787,0.04800149310620874,0.32937427461147306,0.0,0.0
assured,compound,505,79,modify,0.29979992236703945,24,0.0,0.0,0.45,0.0,0.0,0.15230835676193238,0.024953888498114817,0.1929796479642391,0.0,0.0
assured,compound,505,80,modify,0.3122527916874915,24,0.0,0.0,0.45,0.0,0.0,0.1588244915008545,0.02106736782216698,0.18198367059230802,0.0,0.0
assured,compound,505,81,modify,0.18261643036942274,24,0.0,0.0,0.45,0.0,0.0,0.09296185970306398,0.009882903285632164,0.29312686175107955,0.0,0.0
assured,compound,505,82,modify,0.24333139141225352,24,0.0,0.0,0.45,0.0,0.0,0.2113741159439087,0.01986023583355911,0.3311020597815514,0.0,0.0
assured,compound,505,83,modify,0.09351411489784937,24,0.0,0.0,0.45,0.0,0.0,0.04764413833618164,0.0032937561447745917,0.3696005165576935,0.0,0.0
assured,compound,505,84,modify,0.1353751959897851,24,0.0,0.0,0.45,0.0,0.0,0.06847191423835211,0.004495990739757131,0.3333045557141304,0.0,0.0
assured,compound,505,85,modify,0.109881893940641,24,0.0,0.0,0.45,0.0,0.0,0.05188793911318562,0.003407056694017419,0.3532009072601795,0.0,0.0
assured,compound,606,5,modify,0.04285377647487452,24,0.0,0.04349999998865626,0.45,0.0,0.0,0.0,0.039883538951009864,0.41258833408355716,0.0,0.020584815303474613
assured,compound,606,38,modify,0.31388950027632695,24,0.0,0.0,0.45,0.0,0.0,-0.1273703932762146,-0.013166807357449864,0.16341661512851713,0.0,0.0
assured,compound,606,39,modify,0.36152226980625285,24,0.08979802631541439,0.008292065356115026,0.4309239624407562,0.0,0.0,0.03825368080099654,0.0035323941330253506,0.18357227196517628,0.23987598790929265,0.09641332472546149
assured,compound,606,70,modify,0.16692520152040966,24,0.0,0.0,0.45,0.0,0.0,0.08305715322494507,0.036345591729377236,0.3098410539329052,0.0,0.0
assured,compound,606,71,modify,0.21920775051487298,24,0.0,0.0,0.45,0.0,0.0,0.10872324705123902,0.050693950581304076,0.2665295206010342,0.0,0.0
assured,compound,606,72,modify,0.3280896585356281,24,0.0,0.0,0.45,0.0,0.0,0.1621964693069458,0.08012401807925004,0.17629345804452895,0.0,0.0
assured,compound,606,73,modify,0.29610592513824235,24,0.0,0.0,0.45,0.0,0.0,0.23504712581634524,0.12227437819993991,0.3177859917283058,0.0,0.0
assured,compound,606,74,modify,0.27602077982494716,24,0.0,0.0,0.45,0.0,0.0,0.2173508644104004,0.11831567506901572,0.32774013876914976,0.0,0.0
assured,compound,606,75,modify,0.27182962730675797,24,0.0,0.0,0.45,0.0,0.0,0.21248276233673097,0.12023734929410274,0.33047844618558886,0.0,0.0
assured,compound,606,76,modify,0.24842477472004523,24,0.0,0.0,0.45,0.0,0.0,0.1997447729110718,0.09587974737594299,0.33764356523752215,0.0,0.0
assured,compound,606,77,modify,0.39279339986711276,24,0.0,0.0,0.45,0.0,0.0,0.1969545602798462,0.0709354719386368,0.11763917952775954,0.0,0.0
assured,compound,606,78,modify,0.31863590245896195,24,0.0,0.0,0.45,0.0,0.0,0.1609074354171753,0.04368512524973846,0.17846870273351667,0.0,0.0
assured,compound,606,79,modify,0.22834095780093222,24,0.0,0.0,0.45,0.0,0.0,0.19555318355560303,0.04241272148695065,0.3400013342499733,0.0,0.0
assured,compound,606,80,modify,0.27083689058549115,24,0.0,0.0,0.45,0.0,0.0,0.13759398460388184,0.022547521268523687,0.21781015098094939,0.0,0.0
assured,compound,606,81,modify,0.3358036617707868,24,0.0,0.0,0.45,0.0,0.0,0.17078540325164795,0.023173113448755077,0.16179963201284409,0.0,0.0
assured,compound,606,82,modify,0.1401475549232985,24,0.0,0.0,0.45,0.0,0.0,0.07134205102920532,0.00761356449676703,0.32961028888821603,0.0,0.0
assured,compound,606,83,modify,0.19961452628951734,24,0.0,0.0,0.45,0.0,0.0,0.1016392469406128,0.009879559905824134,0.2784837707877159,0.0,0.0
assured,compound,606,85,modify,0.0544890339469169,24,0.0,0.0,0.45,0.0,0.0,0.027752685546875003,0.0023548921005217462,0.4031673431396484,0.0,0.0
assured,compound,707,37,modify,0.39643558859825134,24,0.0,0.0,0.45,0.0,0.0,0.0,0.0,0.05356441140174867,0.0,0.0
assured,compound,707,38,modify,0.46407353217360703,24,0.0,0.0,0.4469795648115653,0.0,0.0,-0.18937116861343384,-0.019576085399854573,0.02375435213811422,0.0,0.0
assured,compound,707,39,modify,0.31804692720374733,24,0.0,0.0,0.0,0.0,0.0,0.0,0.0,0.0,0.3015297390759524,0.10116157549452187
assured,compound,707,71,modify,0.29984957061122935,24,0.0,0.0,0.45,0.0,0.0,0.14872019290924074,0.06934316546147654,0.19903467446565626,0.0,0.0
assured,compound,707,72,modify,0.2905642163275823,24,0.0,0.0,0.45,0.0,0.0,0.1436451554298401,0.07095978771816777,0.20759880021214486,0.0,0.0
assured,compound,707,73,modify,0.2742110486438275,24,0.0,0.0,0.45,0.0,0.0,0.2176671028137207,0.11323307851007669,0.3275622546672821,0.0,0.0
assured,compound,707,74,modify,0.27875568892678865,24,0.0,0.0,0.45,0.0,0.0,0.219504451751709,0.11948798759143521,0.3265287458896637,0.0,0.0
assured,compound,707,75,modify,0.23715448456078297,24,0.0,0.0,0.45,0.0,0.0,0.18537802696228028,0.10489962731184913,0.34572485983371737,0.0,0.0
assured,compound,707,76,modify,0.2805620371148193,24,0.0,0.0,0.45,0.0,0.0,0.22105784416198732,0.11994497860730893,0.32565496265888216,0.0,0.0
assured,compound,707,77,modify,0.22090116262715642,24,0.0,0.0,0.45,0.0,0.0,0.18215956687927248,0.07152754397087645,0.3475352436304092,0.0,0.0
assured,compound,707,78,modify,0.23378137410019462,24,0.0,0.0,0.45,0.0,0.0,0.19699335098266602,0.05973917699524869,0.3391912400722504,0.0,0.0
assured,compound,707,79,modify,0.2575741607630855,24,0.0,0.0,0.45,0.0,0.0,0.13042932748794556,0.029813642276034093,0.22990050986409186,0.0,0.0
assured,compound,707,80,modify,0.1209759034673906,24,0.0,0.0,0.45,0.0,0.0,0.061382544040679936,0.011743325571750606,0.3464169569313526,0.0,0.0
assured,compound,707,81,modify,0.16258602490063534,24,0.0,0.0,0.45,0.0,0.0,0.08255271911621094,0.01458166713768187,0.310692286491394,0.0,0.0
assured,compound,707,82,modify,0.1190273116207578,24,0.0,0.0,0.45,0.0,0.0,0.06048350334167481,0.009581041980594803,0.34793408811092374,0.0,0.0
assured,compound,707,83,modify,0.24969041429927352,24,0.0,0.0,0.45,0.0,0.0,0.12693955898284912,0.01858791462577053,0.2357894942164421,0.0,0.0
assured,compound,707,85,modify,0.02039212673515632,24,0.0,0.0,0.45,0.0,0.0,0.010375511646270753,0.0012782249338891096,0.4324913240969181,0.0,0.0
assured,compound,808,12,modify,0.01062629535430958,24,0.0,0.0,0.45,0.0,0.0,0.0,0.0,0.44064158499240874,0.0,0.005033708523813419
assured,compound,808,37,modify,0.2246466510541465,24,0.0,0.0,0.45,0.0,0.0,-0.09115746021270753,-0.009416334516592954,0.2448957145214081,0.0,0.0
assured,compound,808,38,modify,0.3189811064274354,24,-4.103381758937261e-09,1.1806245804816244e-05,0.24488281972672613,0.0,0.0,-0.2709962619663844,-0.028010203062581934,0.0789769986225812,0.0,0.0
assured,compound,808,39,modify,0.3269326670867122,24,0.0,0.0,0.0,0.0,0.0,-0.325196123123169,-0.0336518991156773,0.0,0.0,0.0
assured,compound,808,70,modify,0.1136988019862129,24,0.0,0.0,0.45,0.0,0.0,0.056573235988616945,0.024756299225464365,0.35453266426920893,0.0,0.0
assured,compound,808,71,modify,0.2317343684718689,24,0.0,0.0,0.45,0.0,0.0,0.1149362325668335,0.0535908543183813,0.2560451075434685,0.0,0.0
assured,compound,808,72,modify,0.31297197860077053,24,0.0,0.0,0.45,0.0,0.0,0.154722797870636,0.07643207220743187,0.18890527859330175,0.0,0.0
assured,compound,808,73,modify,0.2426634814140857,24,0.0,0.0,0.45,0.0,0.0,0.19262483119964602,0.10020578375082269,0.3416485324501991,0.0,0.0
assured,compound,808,74,modify,0.2748707482465301,24,0.0,0.0,0.45,0.0,0.0,0.21644527912139894,0.11782271666698026,0.3282495304942131,0.0,0.0
assured,compound,808,75,modify,0.3447615143999264,24,0.0,0.0,0.45,0.0,0.0,0.16887370347976685,0.09556034686572519,0.16502562537789345,0.0,0.0
assured,compound,808,76,modify,0.2720161480779288,24,0.0,0.0,0.45,0.0,0.0,0.21345791816711426,0.1183709344530696,0.3299299210309982,0.0,0.0
assured,compound,808,77,modify,0.2884081178680218,24,0.0,0.0,0.45,0.0,0.0,0.23693313598632815,0.09633138371240417,0.3167251110076904,0.0,0.0
assured,compound,808,78,modify,0.2220434816454084,24,0.0,0.0,0.45,0.0,0.0,0.1877753734588623,0.0537341784851985,0.34437635242938996,0.0,0.0
assured,compound,808,79,modify,0.21398245742701374,24,0.0,0.0,0.45,0.0,0.0,0.18319470882415773,0.040118594804739886,0.3469529762864113,0.0,0.0
assured,compound,808,80,modify,0.23862119512273383,24,0.0,0.0,0.45,0.0,0.0,0.2057602882385254,0.034741810761050866,0.33425983786582947,0.0,0.0
assured,compound,808,81,modify,0.3075422254303508,24,0.0,0.0,0.45,0.0,0.0,0.15646625757217408,0.019623807282306855,0.18596319034695624,0.0,0.0
assured,compound,808,82,modify,0.16478094459024833,24,0.0,0.0,0.45,0.0,0.0,0.08389482498168946,0.008464066829255965,0.30842748284339905,0.0,0.0
assured,compound,808,83,modify,0.2592330593482097,24,0.0,0.0,0.45,0.0,0.0,0.13201779127120972,0.011922386565946725,0.2272199772298336,0.0,0.0
assured,compound,808,84,modify,0.012354658287917824,24,0.0,0.0,0.45,0.0,0.0,0.006293785572052003,0.000474588912186122,0.43937923684716224,0.0,0.0
assured,compound,808,85,modify,0.03239478570656056,24,0.0,0.0,0.45,0.0,0.0,0.01650294065475464,0.0012346298610327966,0.42215128764510157,0.0,0.0
assured,compound,909,9,modify,0.04055982668040105,24,0.0,0.0,0.45,0.0,0.0,0.0,0.0,0.41444318890571596,0.0,0.01951442351568633
assured,compound,909,38,modify,0.26156448251697084,24,0.0,0.0,0.45,0.0,0.0,-0.10613789558410645,-0.01097191575321947,0.21118973493576051,0.0,0.0
assured,compound,909,39,modify,0.39686453385738335,24,0.0,0.0,0.0,0.0,0.0,0.0,0.0,0.0,0.3746053994650844,0.1310429430585359
assured,compound,909,70,modify,0.2619969007449382,24,0.0,0.0,0.45,0.0,0.0,0.13036208152770998,0.05704610389626161,0.23001398742198945,0.0,0.0
assured,compound,909,71,modify,0.21862769054021125,24,0.0,0.0,0.45,0.0,0.0,0.10843554735183716,0.05055980600101151,0.2670150138437748,0.0,0.0
assured,compound,909,72,modify,0.2560989112309117,24,0.0,0.0,0.45,0.0,0.0,0.20501458644866943,0.10127589399025048,0.33467929512262345,0.0,0.0
assured,compound,909,73,modify,0.3032340572093906,24,0.0,0.0,0.45,0.0,0.0,0.24070539474487307,0.1252178786257412,0.3146032154560089,0.0,0.0
assured,compound,909,74,modify,0.3606504353652698,24,0.0,0.0,0.45,0.0,0.0,0.1771649479866028,0.09644033611949578,0.1510341502726078,0.0,0.0
assured,compound,909,75,modify,0.27096562726403906,24,0.0,0.0,0.45,0.0,0.0,0.21180739402770998,0.11985517949180491,0.3308583408594131,0.0,0.0
assured,compound,909,76,modify,0.29597293086874255,24,0.0,0.0,0.45,0.0,0.0,0.14703445434570314,0.06646045591567572,0.20187935829162598,0.0,0.0
assured,compound,909,77,modify,0.37398926170299696,24,0.0,0.0,0.45,0.0,0.0,0.3103120803833008,0.11448357001017667,0.2754494547843933,0.0,0.0
assured,compound,909,78,modify,0.35206060903360287,24,0.0,0.0,0.45,0.0,0.0,0.17830359935760498,0.04026558326818537,0.1491126760840416,0.0,0.0
assured,compound,909,79,modify,0.32343830658978406,24,0.0,0.0,0.45,0.0,0.0,0.1642336368560791,0.02882201636396967,0.1728557378053665,0.0,0.0
assured,compound,909,80,modify,0.22382001434960486,24,0.0,0.0,0.45,0.0,0.0,0.11381665468215943,0.015873607100890332,0.257934395223856,0.0,0.0
assured,compound,909,81,modify,0.2250667020136512,24,0.0,0.0,0.45,0.0,0.0,0.19510505199432374,0.023339336784783435,0.3402534082531929,0.0,0.0
assured,compound,909,82,modify,0.16444698995277807,24,0.0,0.0,0.45,0.0,0.0,0.08374648094177246,0.007574893532860042,0.30867781341075895,0.0,0.0
assured,compound,909,83,modify,0.0644305459536636,24,0.0,0.0,0.45,0.0,0.0,0.03281888961791992,0.0026577286077278783,0.39461812376976013,0.0,0.0
assured,compound,909,84,modify,0.206093266926828,24,0.0,0.0,0.45,0.0,0.0,0.10498459339141847,0.008153052380998097,0.27283849865198134,0.0,0.0
assured,compound,909,85,modify,0.04873462676325557,24,0.0,0.0,0.45,0.0,0.0,0.024556558019087158,0.0016816870093885245,0.40793800726532936,0.0,0.0
assured,compound,1010,7,modify,0.0212160572358359,24,0.0,0.0,0.45,0.0,0.0,0.0,0.0,0.4313815265893936,0.0,0.010172194084503454
assured,compound,1010,11,modify,0.07378208475940551,24,0.0,0.0,0.45,0.0,0.0,0.0,0.0,0.3853801667690277,0.0,0.035610015229502856
assured,compound,1010,18,modify,0.014327894408221022,24,0.0,0.0,0.45,0.0,0.0,0.0,0.0,0.4374422460794449,0.0,0.006898650204490245
assured,compound,1010,38,modify,0.2108636131721864,24,0.0,0.0,0.45,0.0,0.0,-0.0855644464492798,-0.0088451527397057,0.2574799954891205,0.0,0.0
assured,compound,1010,39,modify,0.4619286543191193,24,-4.3092851701109584e-07,-7.979301053091079e-05,0.4296161225994465,0.0,0.0,-0.31399559703374685,-0.03250999466859873,0.09237229483674508,0.0,0.0
assured,compound,1010,70,modify,0.06904564412107593,24,0.0,0.0,0.45,0.0,0.0,0.034355115890502934,0.015033708325999342,0.3920257419347763,0.0,0.0
assured,compound,1010,71,modify,0.24660048636882345,24,0.0,0.0,0.45,0.0,0.0,0.19911689758300782,0.09284143400553958,0.3379967451095581,0.0,0.0
assured,compound,1010,72,modify,0.27575973663029185,24,0.0,0.0,0.45,0.0,0.0,0.22075364589691163,0.10905088865671789,0.3258260741829872,0.0,0.0
assured,compound,1010,73,modify,0.3197270815896328,24,0.0,0.0,0.45,0.0,0.0,0.25379745960235595,0.1320285302524827,0.3072389289736748,0.0,0.0
assured,compound,1010,74,modify,0.31229457340549593,24,0.0,0.0,0.45,0.0,0.0,0.15341074466705323,0.08350965553948941,0.19111936837434768,0.0,0.0
assured,compound,1010,75,modify,0.2860415389071706,24,0.0,0.0,0.45,0.0,0.0,0.22359187602996827,0.12652364926870907,0.3242295697331429,0.0,0.0
assured,compound,1010,76,modify,0.30187015691808333,24,0.0,0.0,0.45,0.0,0.0,0.24556729793548585,0.10836029484100268,0.31186839491128926,0.0,0.0
assured,compound,1010,77,modify,0.27646237755661174,24,0.0,0.0,0.45,0.0,0.0,0.23282918930053711,0.07120261170110077,0.3190335810184479,0.0,0.0
assured,compound,1010,78,modify,0.24433027765692014,24,0.0,0.0,0.45,0.0,0.0,0.1238061785697937,0.026842607526732887,0.24107707366347314,0.0,0.0
assured,compound,1010,79,modify,0.27850113283081984,24,0.0,0.0,0.45,0.0,0.0,0.14136494398117067,0.02590629575864955,0.2114466570317745,0.0,0.0
assured,compound,1010,80,modify,0.28436610074476437,24,0.0,0.0,0.45,0.0,0.0,0.14454357624053957,0.021808070627767486,0.2060827150940895,0.0,0.0
assured,compound,1010,81,modify,0.378033620894231,24,0.0,0.0,0.45,0.0,0.0,0.192340886592865,0.023776279643187768,0.12542475387454033,0.0,0.0
assured,compound,1010,82,modify,0.2539343113704253,24,0.0,0.0,0.45,0.0,0.0,0.1293082594871521,0.012141394798206072,0.23179231211543083,0.0,0.0
assured,compound,1010,83,modify,0.15271177333629263,24,0.0,0.0,0.45,0.0,0.0,0.0777902126312256,0.006123507368756079,0.3187290161848068,0.0,0.0
assured,compound,1010,85,modify,0.13258176687244996,24,0.0,0.0,0.45,0.0,0.0,0.06754618883132935,0.004800091529178695,0.33601580634713174,0.0,0.0
assured,compound,1111,16,modify,0.06479573391398558,24,0.0,0.0,0.45,0.0,0.0,0.032987463474273684,0.003401832510628257,0.39433365538716314,0.0,0.0
assured,compound,1111,38,modify,0.3777805298566818,24,0.0,0.0,0.45,0.0,0.0,0.0,0.0,0.0722194701433182,0.0,0.0
assured,compound,1111,39,modify,0.37421983179479096,24,0.0,0.0,0.3692228229674242,0.0,0.0,-0.17802146673202515,-0.018421992185380376,0.04057488048942559,0.0,0.0
assured,compound,1111,70,modify,0.12866791227494034,24,0.0,0.0,0.45,0.0,0.0,0.06402143239974976,0.028015610378906864,0.3419638328254223,0.0,0.0
assured,compound,1111,71,modify,0.2756236664469602,24,0.0,0.0,0.45,0.0,0.0,0.13670456409454346,0.06374068660018489,0.2193110480904579,0.0,0.0
assured,compound,1111,72,modify,0.3708351308252581,24,0.0,0.0,0.45,0.0,0.0,0.18332839012145996,0.09056305175628523,0.14063334167003633,0.0,0.0
assured,compound,1111,73,modify,0.2992761830893296,24,0.0,0.0,0.45,0.0,0.0,0.23756365776062013,0.12358350877381015,0.3163704425096512,0.0,0.0
assured,compound,1111,74,modify,0.26056491615095495,24,0.0,0.0,0.45,0.0,0.0,0.2051802396774292,0.11169055450554653,0.3345861151814461,0.0,0.0
assured,compound,1111,75,modify,0.3919765392224457,24,0.0,0.0,0.45,0.0,0.0,0.19200092554092407,0.108647318470334,0.12599843814969064,0.0,0.0
assured,compound,1111,76,modify,0.3729702677245699,24,0.0,0.0,0.45,0.0,0.0,0.1846439003944397,0.08903512017068368,0.138413418084383,0.0,0.0
assured,compound,1111,77,modify,0.2619690331034123,24,0.0,0.0,0.45,0.0,0.0,0.21725571155548096,0.08058127025184934,0.327793662250042,0.0,0.0
assured,compound,1111,78,modify,0.3742249067890787,24,0.0,0.0,0.45,0.0,0.0,0.18899638652801515,0.051062778902781346,0.13106859773397445,0.0,0.0
assured,compound,1111,79,modify,0.2629378734078289,24,0.0,0.0,0.45,0.0,0.0,0.2255514144897461,0.04654256262734657,0.3231273293495178,0.0,0.0
assured,compound,1111,80,modify,0.23866155780716203,24,0.0,0.0,0.45,0.0,0.0,0.20629837512969973,0.030567626738715336,0.3339571639895439,0.0,0.0
assured,compound,1111,81,modify,0.10248278252653562,24,0.0,0.0,0.45,0.0,0.0,0.05216406583786011,0.005736085274938303,0.36197313889861105,0.0,0.0
assured,compound,1111,82,modify,0.10381222234679041,24,0.0,0.0,0.45,0.0,0.0,0.052851200103759766,0.005432695461709566,0.3608135998249054,0.0,0.0
assured,compound,1111,84,modify,0.10594655165193778,24,0.0,0.0,0.45,0.0,0.0,0.05394723415374756,0.005179010685088556,0.358964042365551,0.0,0.0
assured,compound,1111,85,modify,0.02161183564030667,24,0.0,0.0,0.45,0.0,0.0,0.011006307601928712,0.0009853688465481117,0.4314268559217453,0.0,0.0
assured,compound,1212,20,modify,0.013587586084544894,24,0.0,0.0,0.45,0.0,0.0,0.0,0.0,0.4380851715803146,0.0,0.0065314132723611595
assured,compound,1212,38,modify,0.34574252166618197,24,0.0,0.0,0.45,0.0,0.0,-0.14029574394226074,-0.01450295461953967,0.13433457612991334,0.0,0.0
assured,compound,1212,39,modify,0.2900118855910711,24,-3.800744370595049e-08,-0.00032366146533955345,0.2292171466797032,0.0,0.0,-0.25063318241314864,-0.026056846705041777,0.08559359747269904,0.0,0.0
assured,compound,1212,70,modify,0.18661969192867434,24,0.0,0.0,0.45,0.0,0.0,0.09285656213760377,0.040633787287490154,0.29330455139279366,0.0,0.0
assured,compound,1212,71,modify,0.2382620741418091,24,0.0,0.0,0.45,0.0,0.0,0.11817386150360108,0.05510045052501175,0.2505816087126732,0.0,0.0
assured,compound,1212,72,modify,0.2901481725818744,24,0.0,0.0,0.45,0.0,0.0,0.23227200508117676,0.11474088439748112,0.3193469971418381,0.0,0.0
assured,compound,1212,73,modify,0.23073486438489477,24,0.0,0.0,0.45,0.0,0.0,0.18315596580505372,0.09527996462258816,0.3469747692346573,0.0,0.0
assured,compound,1212,74,modify,0.27812391789987534,24,0.0,0.0,0.45,0.0,0.0,0.21900696754455568,0.11921718038776852,0.32680858075618746,0.0,0.0
assured,compound,1212,75,modify,0.3528861019066919,24,0.0,0.0,0.45,0.0,0.0,0.17285335063934326,0.09781230472024033,0.15830997079610826,0.0,0.0
assured,compound,1212,76,modify,0.3999064324082696,24,0.0,0.0,0.45,0.0,0.0,0.3208910942077637,0.15611970574066308,0.26949875950813296,0.0,0.0
assured,compound,1212,77,modify,0.24572587997850978,24,0.0,0.0,0.45,0.0,0.0,0.20757973194122314,0.060482434444466694,0.333236400783062,0.0,0.0
assured,compound,1212,78,modify,0.2533803973610505,24,0.0,0.0,0.45,0.0,0.0,0.21703572273254396,0.04682906210879656,0.32791740596294405,0.0,0.0
assured,compound,1212,79,modify,0.28701797760212455,24,0.0,0.0,0.45,0.0,0.0,0.14585464000701906,0.02293276620948461,0.20387029498815537,0.0,0.0
assured,compound,1212,80,modify,0.29277617108368686,24,0.0,0.0,0.45,0.0,0.0,0.14893842935562135,0.019148168554006497,0.19866640046238898,0.0,0.0
assured,compound,1212,81,modify,0.27306951878458285,24,0.0,0.0,0.45,0.0,0.0,0.13901387453079225,0.014544898491458456,0.2154140867292881,0.0,0.0
assured,compound,1212,82,modify,0.2636447593408611,24,0.0,0.0,0.45,0.0,0.0,0.1342763900756836,0.011607924112191312,0.22340859174728392,0.0,0.0
assured,compound,1212,83,modify,0.08932644583916936,24,0.0,0.0,0.45,0.0,0.0,0.04550824165344239,0.003273775778926297,0.373204842209816,0.0,0.0
assured,compound,1212,86,modify,0.06660092565116307,24,0.0,0.0,0.45,0.0,0.0,0.03393301963806152,0.0023022150956800353,0.3927380293607712,0.0,0.0
assured,compound,1313,6,modify,0.015366256026154487,24,0.0,0.0,0.45,0.0,0.0,0.0,0.0,0.43646144270896914,0.0,0.00726837607301685
assured,compound,1313,16,modify,0.04318613746463841,24,0.0,0.0,0.45,0.0,0.0,0.0,0.0,0.4121500074863434,0.0,0.020794723749806905
assured,compound,1313,39,modify,0.5096316056357544,24,0.0,0.0,0.44999997726420576,0.0,0.0,0.0,0.0,0.10351151002992826,0.3477657917643134,0.1368541910759706
assured,compound,1313,71,modify,0.3038550705265897,24,0.0,0.0,0.45,0.0,0.0,0.15070685148239138,0.07026947675423768,0.19568218812346455,0.0,0.0
assured,compound,1313,72,modify,0.32771172486856653,24,0.0,0.0,0.45,0.0,0.0,0.2623427152633667,0.1295956228303756,0.3024322226643562,0.0,0.0
assured,compound,1313,73,modify,0.3436577740199846,24,0.0,0.0,0.45,0.0,0.0,0.1693434476852417,0.08809452443220243,0.16423293203115463,0.0,0.0
assured,compound,1313,74,modify,0.3115712910249684,24,0.0,0.0,0.45,0.0,0.0,0.15305544137954713,0.08331624499829116,0.19171894267201423,0.0,0.0
assured,compound,1313,75,modify,0.3758348606907828,24,0.0,0.0,0.45,0.0,0.0,0.18409428596496583,0.10417319843357312,0.13934089243412018,0.0,0.0
assured,compound,1313,76,modify,0.3536698055638726,24,0.0,0.0,0.45,0.0,0.0,0.2783695220947266,0.15190309308039765,0.29341714382171635,0.0,0.0
assured,compound,1313,77,modify,0.28195448973629805,24,0.0,0.0,0.45,0.0,0.0,0.14143309593200684,0.05032328148341179,0.21133165061473846,0.0,0.0
assured,compound,1313,78,modify,0.2717557563053894,24,0.0,0.0,0.45,0.0,0.0,0.22949528694152832,0.0672204770909881,0.32090890109539033,0.0,0.0
assured,compound,1313,79,modify,0.3579594171853212,24,0.0,0.0,0.45,0.0,0.0,0.18146260976791384,0.03790392827793941,0.1437818460166454,0.0,0.0
assured,compound,1313,80,modify,0.23688348753328314,24,0.0,0.0,0.45,0.0,0.0,0.2044464111328125,0.03301813440085112,0.33499889373779296,0.0,0.0
assured,compound,1313,81,modify,0.14015513855036868,24,0.0,0.0,0.45,0.0,0.0,0.07131758928298951,0.008574337089576502,0.3296515680849552,0.0,0.0
assured,compound,1313,82,modify,0.2411326962626154,24,0.0,0.0,0.45,0.0,0.0,0.12273889780044556,0.013441087775653322,0.24287810996174813,0.0,0.0
assured,compound,1313,83,modify,0.012396096845066717,24,0.0,0.0,0.45,0.0,0.0,0.00631251335144043,0.0005852220134606507,0.4393476337194443,0.0,0.0
assured,compound,1313,84,modify,0.16632734315566572,24,0.0,0.0,0.45,0.0,0.0,0.08470101356506349,0.007790520914905114,0.30706703960895537,0.0,0.0
assured,compound,1414,38,modify,0.4331861905117624,24,0.0,0.0,0.45,0.0,0.0,-0.17577872276306153,-0.018170977733740126,0.05449787378311155,0.0,0.0
assured,compound,1414,39,modify,0.4706524986237824,24,0.04042767862415393,0.0011606459983332376,0.4499997237811975,0.0,0.0,-0.2880280662677182,-0.030574201418603182,0.11440547834817666,0.0,0.0
assured,compound,1414,70,modify,0.07575148448996827,24,0.0,0.0,0.45,0.0,0.0,0.03769174814224244,0.016493809820741813,0.3863951750099659,0.0,0.0
assured,compound,1414,71,modify,0.27488925389264823,24,0.0,0.0,0.45,0.0,0.0,0.1363403081893921,0.06357084646612424,0.21992572993040085,0.0,0.0
assured,compound,1414,72,modify,0.2659722704850292,24,0.0,0.0,0.45,0.0,0.0,0.21291849613189698,0.10518037480331442,0.33023334592580794,0.0,0.0
assured,compound,1414,73,modify,0.2744361807864055,24,0.0,0.0,0.45,0.0,0.0,0.13523328304290771,0.07035000125433627,0.22179383486509321,0.0,0.0
assured,compound,1414,74,modify,0.28361589920708485,24,0.0,0.0,0.45,0.0,0.0,0.13932271003723146,0.07584078644092568,0.21489292681217192,0.0,0.0
assured,compound,1414,75,modify,0.33508425131093333,24,0.0,0.0,0.45,0.0,0.0,0.16413351297378542,0.09287802131931189,0.1730246968567371,0.0,0.0
assured,compound,1414,76,modify,0.3115975782927359,24,0.0,0.0,0.45,0.0,0.0,0.24201035499572754,0.14139461603362077,0.31386917531490327,0.0,0.0
assured,compound,1414,77,modify,0.2890846157307681,24,0.0,0.0,0.45,0.0,0.0,0.23573992252349854,0.10204342715060256,0.3173962935805321,0.0,0.0
assured,compound,1414,78,modify,0.27140671500869357,24,0.0,0.0,0.45,0.0,0.0,0.22859644889831543,0.06979281516280114,0.3214144974946976,0.0,0.0
assured,compound,1414,79,modify,0.22296479495855337,24,0.0,0.0,0.45,0.0,0.0,0.19091296195983887,0.04163222293520963,0.34261145889759065,0.0,0.0
assured,compound,1414,80,modify,0.2406315640003515,24,0.0,0.0,0.45,0.0,0.0,0.20756661891937256,0.03446204667770594,0.33324377685785295,0.0,0.0
assured,compound,1414,81,modify,0.2066609527527681,24,0.0,0.0,0.45,0.0,0.0,0.10514988899230958,0.012928314486457943,0.2725595623254776,0.0,0.0
assured,compound,1414,82,modify,0.1184161552664135,24,0.0,0.0,0.45,0.0,0.0,0.060279572010040285,0.006437309554339009,0.34827822223305704,0.0,0.0
assured,compound,1414,83,modify,0.12900847464504578,24,0.0,0.0,0.45,0.0,0.0,0.06568565368652345,0.006486081257230399,0.3391554594039917,0.0,0.0
assured,compound,1414,84,modify,0.13859411347690617,24,0.0,0.0,0.45,0.0,0.0,0.07058030366897583,0.006397162866115029,0.3308957375586033,0.0,0.0
assured,compound,1414,85,modify,0.0007287825712626965,24,0.0,0.0,0.45,0.0,0.0,0.00037120580673217775,3.0676523859355386e-05,0.4493735902011395,0.0,0.0
assured,compound,1515,7,modify,0.011982730900636547,24,0.0,0.0,0.45,0.0,0.0,0.0,0.0,0.43944590985774995,0.0,0.005674241897058148
assured,compound,1515,38,modify,0.15258334538907978,24,0.0,0.0,0.45,0.0,0.0,-0.06191542148590088,-0.006400454659759667,0.31069030165672307,0.0,0.0
assured,compound,1515,39,modify,0.3258960280079641,24,1.655562709598484e-08,1.027363338969681e-07,0.3105886854486248,0.0,0.0,-0.2565540254349754,-0.026548651064494007,0.11138173707263338,0.0,0.0
assured,compound,1515,70,modify,0.10545424345423873,24,0.0,0.0,0.45,0.0,0.0,0.05247098207473755,0.02296116370570614,0.3614552177488804,0.0,0.0
assured,compound,1515,71,modify,0.2986987041254943,24,0.0,0.0,0.45,0.0,0.0,0.14814938306808473,0.06907701625545395,0.19999791607260703,0.0,0.0
assured,compound,1515,72,modify,0.28138582559778846,24,0.0,0.0,0.45,0.0,0.0,0.13910766839981079,0.06871829815688507,0.21525580957531928,0.0,0.0
assured,compound,1515,73,modify,0.3874039684336451,24,0.0,0.0,0.45,0.0,0.0,0.19090015888214112,0.09930858820125305,0.12785598188638686,0.0,0.0
assured,compound,1515,74,modify,0.3315843543419485,24,0.0,0.0,0.45,0.0,0.0,0.26110405921936036,0.1421328740219201,0.3031289666891098,0.0,0.0
assured,compound,1515,75,modify,0.3170389091692607,24,0.0,0.0,0.45,0.0,0.0,0.24782178401947022,0.14023459635099905,0.31060024648904805,0.0,0.0
assured,compound,1515,76,modify,0.3090508872551912,24,0.0,0.0,0.45,0.0,0.0,0.24986813068389893,0.11542891402288259,0.3094491764903069,0.0,0.0
assured,compound,1515,77,modify,0.25090854454216394,24,0.0,0.0,0.45,0.0,0.0,0.21075656414031985,0.06695170932861357,0.3314494326710701,0.0,0.0
assured,compound,1515,78,modify,0.3447616570017143,24,0.0,0.0,0.45,0.0,0.0,0.29442572593688965,0.06889077654995254,0.2843855291604996,0.0,0.0
assured,compound,1515,79,modify,0.22301395141498784,24,0.0,0.0,0.45,0.0,0.0,0.1927790641784668,0.028506255499337038,0.34156177639961244,0.0,0.0
assured,compound,1515,80,modify,0.2898099621170561,24,0.0,0.0,0.45,0.0,0.0,0.14750454425811768,0.01655550586793189,0.20108608156442642,0.0,0.0
assured,compound,1515,81,modify,0.2978372829594803,24,0.0,0.0,0.45,0.0,0.0,0.1516730785369873,0.013884590055965708,0.19405167996883393,0.0,0.0
assured,compound,1515,82,modify,0.2531381772024884,24,0.0,0.0,0.45,0.0,0.0,0.12895824909210205,0.009567043676826297,0.23238295465707778,0.0,0.0
assured,compound,1515,83,modify,0.10626688726717443,24,0.0,0.0,0.45,0.0,0.0,0.052955751521185576,0.003395163494609173,0.3579303927719593,0.0,0.0
assured,compound,1515,84,modify,0.11974417535446089,24,0.0,0.0,0.45,0.0,0.0,0.05653870513568237,0.0036248781708318476,0.34450638592243193,0.0,0.0
assured,compound,1515,85,modify,0.038450040071939064,24,0.0,0.0,0.45,0.0,0.0,0.01702461523322233,0.001091502820547822,0.4155416674911976,0.0,0.0
assured,compound,1616,7,modify,0.010828082343011877,24,0.0,0.0,0.45,0.0,0.0,0.0,0.0,0.4404740005731583,0.0,0.005148077519507307
assured,compound,1616,8,modify,0.04721056742151878,24,0.0,0.0,0.45,0.0,0.0,0.0,0.0,0.4087203472852707,0.0,0.022909123684966868
assured,compound,1616,16,modify,0.08856719593828316,24,0.0,0.0,0.45,0.0,0.0,0.0,0.0,0.372889307141304,0.0,0.04356706603871891
assured,compound,1616,38,modify,0.3911232712764522,24,0.0,0.0,0.44999997726420576,0.0,0.0,-0.15871039628982545,-0.016406553829514583,0.09290160365413308,0.0,0.0
assured,compound,1616,39,modify,0.5604910989791456,24,0.1432361326515677,0.014806914831136811,0.45,0.0,0.0,-0.19601626578221854,-0.02028430647412898,0.005222877860069253,0.0,0.0
assured,compound,1616,71,modify,0.31654676066001625,24,0.0,0.0,0.45,0.0,0.0,0.15700170993804932,0.07320455505738142,0.18505961447954178,0.0,0.0
assured,compound,1616,72,modify,0.2631559950805859,24,0.0,0.0,0.45,0.0,0.0,0.2106639862060547,0.10406666132465549,0.33150150775909426,0.0,0.0
assured,compound,1616,73,modify,0.31459722556099945,24,0.0,0.0,0.45,0.0,0.0,0.15502334833145143,0.08064503430053326,0.18839809969067572,0.0,0.0
assured,compound,1616,74,modify,0.34898837149645184,24,0.0,0.0,0.45,0.0,0.0,0.1714361071586609,0.09332182232034637,0.16070156916975975,0.0,0.0
assured,compound,1616,75,modify,0.28083393828704406,24,0.0,0.0,0.45,0.0,0.0,0.1375602126121521,0.0778410217888964,0.21786714121699333,0.0,0.0
assured,compound,1616,76,modify,0.34601221085679645,24,0.0,0.0,0.45,0.0,0.0,0.16905810832977297,0.098772245985427,0.16471444219350811,0.0,0.0
assured,compound,1616,77,modify,0.2714999892973185,24,0.0,0.0,0.45,0.0,0.0,0.21828646659851075,0.10481806683786471,0.32721386253833773,0.0,0.0
assured,compound,1616,78,modify,0.25882776199493374,24,0.0,0.0,0.45,0.0,0.0,0.21581563949584961,0.07535488803287595,0.3286037027835846,0.0,0.0
assured,compound,1616,79,modify,0.2850726132488839,24,0.0,0.0,0.45,0.0,0.0,0.14411829710006716,0.0367457889512498,0.2068003736436367,0.0,0.0
assured,compound,1616,80,modify,0.24005686312751753,24,0.0,0.0,0.45,0.0,0.0,0.20583927631378174,0.043028105955136786,0.3342154070734978,0.0,0.0
assured,compound,1616,81,modify,0.27814383184417696,24,0.0,0.0,0.45,0.0,0.0,0.14135632514953614,0.021945889200197057,0.21146120131015778,0.0,0.0
assured,compound,1616,82,modify,0.06937269330839864,24,0.0,0.0,0.45,0.0,0.0,0.03529151678085327,0.004510958156604249,0.3904455654323101,0.0,0.0
assured,compound,1616,83,modify,0.13824376897035306,24,0.0,0.0,0.45,0.0,0.0,0.07034068107604981,0.008594309006351367,0.33130010068416593,0.0,0.0
assured,compound,1616,84,modify,0.05725003945903239,24,0.0,0.0,0.45,0.0,0.0,0.029139220714569092,0.003247225696272971,0.40082756504416467,0.0,0.0
assured,compound,1616,85,modify,0.18957645122183364,24,0.0,0.0,0.45,0.0,0.0,0.09650204181671143,0.010362320177278284,0.28715280443429947,0.0,0.0
assured,compound,1616,86,modify,0.07827151490105558,24,0.0,0.0,0.45,0.0,0.0,0.03985685110092163,0.003763538327531309,0.38274156376719476,0.0,0.0
assured,compound,1717,14,modify,0.012073754709502968,24,0.0,0.0,0.45,0.0,0.0,0.0,0.0,0.43937418758869173,0.0,0.0057330326516540995
assured,compound,1717,37,modify,0.2162543814723589,24,0.0,0.0,0.45,0.0,0.0,-0.08775203227996826,-0.009064562445365893,0.25255792737007143,0.0,0.0
assured,compound,1717,38,modify,0.23721636167224677,24,0.0,0.0,0.0,0.0,0.0,-0.23595895767211916,-0.02439205893944299,0.0,0.0,0.0
assured,compound,1717,39,modify,0.3189321743476987,24,-1.6008902449653363e-05,0.013709225628693025,0.1855847927061164,0.0,0.0,-0.2870912442789878,-0.02583838390494317,0.052387466727585014,0.0,0.0
assured,compound,1717,70,modify,0.04217525261430166,24,0.0,0.0,0.45,0.0,0.0,0.020985186100006104,0.009183062225719914,0.4145874984562397,0.0,0.0
assured,compound,1717,71,modify,0.25917295501921234,24,0.0,0.0,0.45,0.0,0.0,0.1285452961921692,0.05993629761217344,0.23307981267571448,0.0,0.0
assured,compound,1717,72,modify,0.27629787899641406,24,0.0,0.0,0.45,0.0,0.0,0.22118444442749025,0.10926370037450735,0.32558375000953677,0.0,0.0
assured,compound,1717,73,modify,0.24893086131460307,24,0.0,0.0,0.45,0.0,0.0,0.19759984016418458,0.10279384401986588,0.3388500899076462,0.0,0.0
assured,compound,1717,74,modify,0.26483871120189534,24,0.0,0.0,0.45,0.0,0.0,0.2085456132888794,0.11352250696535525,0.33269309252500534,0.0,0.0
assured,compound,1717,75,modify,0.3474611842640029,24,0.0,0.0,0.45,0.0,0.0,0.27160215377807617,0.1536911638088203,0.29722378849983216,0.0,0.0
assured,compound,1717,76,modify,0.22622769517216937,24,0.0,0.0,0.45,0.0,0.0,0.183314847946167,0.08331875806810904,0.34688539803028107,0.0,0.0
assured,compound,1717,77,modify,0.26537157425548263,24,0.0,0.0,0.45,0.0,0.0,0.22120745182037355,0.07750298024951441,0.3255708083510399,0.0,0.0
assured,compound,1717,78,modify,0.3730712196383304,24,0.0,0.0,0.45,0.0,0.0,0.18862414360046387,0.04781331716495909,0.13169675767421724,0.0,0.0
assured,compound,1717,79,modify,0.27230774055449386,24,0.0,0.0,0.45,0.0,0.0,0.23402454853057864,0.04533475857327127,0.3183611914515495,0.0,0.0
assured,compound,1717,80,modify,0.3651532011637477,24,0.0,0.0,0.45,0.0,0.0,0.1857032656669617,0.025450542246983406,0.13662573918700216,0.0,0.0
assured,compound,1717,81,modify,0.29823636026196243,24,0.0,0.0,0.45,0.0,0.0,0.15182327032089235,0.015977324667369282,0.19379823133349416,0.0,0.0
assured,compound,1717,82,modify,0.3516479654692131,24,0.0,0.0,0.45,0.0,0.0,0.17910184860229494,0.015271061813710934,0.14776563048362729,0.0,0.0
assured,compound,1717,83,modify,0.03794094377092555,24,0.0,0.0,0.45,0.0,0.0,0.019326699390773052,0.001279379666872215,0.4173755139112473,0.0,0.0
assured,compound,1717,84,modify,0.02553149801511993,24,0.0,0.0,0.45,0.0,0.0,0.01277087933063744,0.0008454006042799342,0.42790820673108104,0.0,0.0
assured,compound,1717,85,modify,0.001485055860945867,24,0.0,0.0,0.45,0.0,0.0,0.0007336690235848738,4.856707356024812e-05,0.44870974346995357,0.0,0.0
assured,compound,1818,11,modify,0.2000319200842261,24,0.0,0.0,0.45,0.0,0.0,0.0,0.0,0.27751719653606416,0.0,0.10130375887302255
assured,compound,1818,17,modify,0.08965866419854272,24,0.0,0.0,0.45,0.0,0.0,0.0,0.0,0.37188275456428527,0.0,0.04400422742650247
assured,compound,1818,38,modify,0.28947145634973687,24,0.0,0.0,0.45,0.0,0.0,-0.11746201515197754,-0.012142537096277934,0.18571046590805051,0.0,0.0
assured,compound,1818,39,modify,0.2707129713766787,24,0.0,0.0,0.0,0.0,0.0,-0.2692750453948975,-0.02786508207715134,0.0,0.0,0.0
assured,compound,1818,70,modify,0.12020569310440489,24,0.0,0.0,0.45,0.0,0.0,0.05981087684631348,0.026173082346618186,0.349069145321846,0.0,0.0
assured,compound,1818,71,modify,0.1722949253734386,24,0.0,0.0,0.45,0.0,0.0,0.08545529842376709,0.039844897873252696,0.30579418390989305,0.0,0.0
assured,compound,1818,72,modify,0.3840934868619616,24,0.0,0.0,0.45,0.0,0.0,0.18988287448883057,0.09380092509715009,0.12957264930009843,0.0,0.0
assured,compound,1818,73,modify,0.26148581141364646,24,0.0,0.0,0.45,0.0,0.0,0.12885175943374635,0.06703025493296184,0.23256265595555306,0.0,0.0
assured,compound,1818,74,modify,0.2429802996081705,24,0.0,0.0,0.45,0.0,0.0,0.19133334159851076,0.1041529489006033,0.3423749953508377,0.0,0.0
assured,compound,1818,75,modify,0.3128360020528524,24,0.0,0.0,0.45,0.0,0.0,0.24453647136688234,0.13837554067699787,0.3124482348561287,0.0,0.0
assured,compound,1818,76,modify,0.3859065433322817,24,0.0,0.0,0.45,0.0,0.0,0.30296101570129397,0.1676216459754112,0.27958442866802213,0.0,0.0
assured,compound,1818,77,modify,0.2191791787009077,24,0.0,0.0,0.45,0.0,0.0,0.18299460411071777,0.06290455624337436,0.34706553518772126,0.0,0.0
assured,compound,1818,78,modify,0.31634067286948164,24,0.0,0.0,0.45,0.0,0.0,0.1598180651664734,0.04237099499401411,0.18030701503157615,0.0,0.0
assured,compound,1818,79,modify,0.24362642473812046,24,0.0,0.0,0.45,0.0,0.0,0.20879921913146973,0.044298099256171425,0.33255043923854827,0.0,0.0
assured,compound,1818,80,modify,0.24541436406160508,24,0.0,0.0,0.45,0.0,0.0,0.2119276523590088,0.03322682629209798,0.33079069554805757,0.0,0.0
assured,compound,1818,81,modify,0.34389189001667536,24,0.0,0.0,0.45,0.0,0.0,0.1750150799751282,0.020170537717652336,0.15466205254197118,0.0,0.0
assured,compound,1818,82,modify,0.18098889955728495,24,0.0,0.0,0.45,0.0,0.0,0.0921715259552002,0.008298858016434226,0.29446054995059967,0.0,0.0
assured,compound,1818,83,modify,0.19663518521160886,24,0.0,0.0,0.45,0.0,0.0,0.10016251802444459,0.00797930072073303,0.28097575083374976,0.0,0.0
assured,compound,1818,84,modify,0.034943736846725644,24,0.0,0.0,0.45,0.0,0.0,0.017803168296813967,0.0012406923605301086,0.41995715349912643,0.0,0.0
assured,compound,1919,6,modify,0.041440598125447654,24,0.0,0.0,0.45,0.0,0.0,0.0,0.0,0.413629487156868,0.0,0.01986224983536417
assured,compound,1919,37,modify,0.31552002131938933,24,0.0,0.0,0.45,0.0,0.0,0.0,0.0,0.13447997868061068,0.0,0.0
assured,compound,1919,38,modify,0.19444799896748471,24,0.0,0.0,0.13447997876641332,0.0,0.0,-0.16077178716659546,-0.016619648378920392,0.02637704614440292,0.0,0.0
assured,compound,1919,39,modify,0.3384650620884695,24,0.08909250268984396,0.012164085682420504,0.39084540545889157,0.0,0.0,0.039771577051909396,0.005430141217029294,0.1744763890257745,0.23790499328722656,0.09309329426696679
assured,compound,1919,70,modify,0.07856046870219914,24,0.0,0.0,0.45,0.0,0.0,0.03908941745758057,0.017105426235891244,0.3840366080403328,0.0,0.0
assured,compound,1919,71,modify,0.27780712332929,24,0.0,0.0,0.45,0.0,0.0,0.13778752088546753,0.06424563250209415,0.21748355850577353,0.0,0.0
assured,compound,1919,72,modify,0.3003433721707719,24,0.0,0.0,0.45,0.0,0.0,0.1484796404838562,0.07334799240306016,0.19944060668349267,0.0,0.0
assured,compound,1919,73,modify,0.28392864570341764,24,0.0,0.0,0.45,0.0,0.0,0.22538087368011475,0.11724587608413473,0.3232232585549355,0.0,0.0
assured,compound,1919,74,modify,0.3319813230917741,24,0.0,0.0,0.45,0.0,0.0,0.26141664981842044,0.1423030337673085,0.30295313447713856,0.0,0.0
assured,compound,1919,75,modify,0.38676179410774075,24,0.0,0.0,0.45,0.0,0.0,0.30232250690460205,0.17107485078978418,0.27994358986616136,0.0,0.0
assured,compound,1919,76,modify,0.27281670863708507,24,0.0,0.0,0.45,0.0,0.0,0.2240154504776001,0.09147592184918732,0.32399130910635,0.0,0.0
assured,compound,1919,77,modify,0.2540067998284307,24,0.0,0.0,0.45,0.0,0.0,0.21445727348327637,0.06305077788151352,0.32936778366565705,0.0,0.0
assured,compound,1919,78,modify,0.21098628397511898,24,0.0,0.0,0.45,0.0,0.0,0.18073911666870118,0.0388929090290381,0.3483342468738556,0.0,0.0
assured,compound,1919,79,modify,0.30059369444909806,24,0.0,0.0,0.45,0.0,0.0,0.15269381999969484,0.025434511064191295,0.19232917875051497,0.0,0.0
assured,compound,1919,80,modify,0.2288568247552294,24,0.0,0.0,0.45,0.0,0.0,0.19810385704040528,0.02670020715842815,0.33856658041477206,0.0,0.0
assured,compound,1919,81,modify,0.26436075739897735,24,0.0,0.0,0.45,0.0,0.0,0.1345920205116272,0.013648112254190742,0.2228759653866291,0.0,0.0
assured,compound,1919,82,modify,0.18932763028411972,24,0.0,0.0,0.45,0.0,0.0,0.09643057584762574,0.0081332861242862,0.2872734032571316,0.0,0.0
assured,compound,1919,83,modify,0.0981100888756482,24,0.0,0.0,0.45,0.0,0.0,0.049981033802032476,0.0037074345761404347,0.3656570054590702,0.0,0.0
assured,compound,1919,84,modify,0.11415407768902404,24,0.0,0.0,0.45,0.0,0.0,0.05815948247909546,0.004044557866294801,0.3518558733165264,0.0,0.0
assured,compound,1919,85,modify,0.02128837217374642,24,0.0,0.0,0.45,0.0,0.0,0.010524373887857591,0.0007066393413775259,0.43150856941938404,0.0,0.0
assured,compound,2020,14,modify,0.0964788007977439,24,0.0,0.0,0.45,0.0,0.0,0.0,0.0,0.36595740616321565,0.0,0.04738144599477779
assured,compound,2020,18,modify,0.06993473094788144,24,0.0,0.0,0.45,0.0,0.0,0.0,0.0,0.38887723088264464,0.0,0.03398343255439383
assured,compound,2020,38,modify,0.4719522644171881,24,0.0,0.0,0.45,0.0,0.0,-0.19150925874710084,-0.019797108670480797,0.019104167819023132,0.0,0.0
assured,compound,2020,39,modify,0.3190618639040024,24,-1.2731481932451487e-07,0.000145836119631353,0.12060407881415527,0.0,0.0,-0.3039799042191892,-0.031421394189317615,0.02895104721297248,0.0,0.0
assured,compound,2020,70,modify,0.12016767137260559,24,0.0,0.0,0.45,0.0,0.0,0.05979195833206177,0.026164803654555906,0.34910107031464577,0.0,0.0
assured,compound,2020,71,modify,0.3359687952984859,24,0.0,0.0,0.45,0.0,0.0,0.16663470268249514,0.07769609179291374,0.16880393922328946,0.0,0.0
assured,compound,2020,72,modify,0.2679899841947004,24,0.0,0.0,0.45,0.0,0.0,0.21453373432159425,0.10597829213447828,0.32932477444410324,0.0,0.0
assured,compound,2020,73,modify,0.26592604619246474,24,0.0,0.0,0.45,0.0,0.0,0.2110905170440674,0.10981185847656198,0.3312615841627121,0.0,0.0
assured,compound,2020,74,modify,0.25897134897523844,24,0.0,0.0,0.45,0.0,0.0,0.20392539501190188,0.1110074755856105,0.3352919653058052,0.0,0.0
assured,compound,2020,75,modify,0.3458023603037067,24,0.0,0.0,0.45,0.0,0.0,0.27030549049377445,0.15295742261251397,0.29795316159725194,0.0,0.0
assured,compound,2020,76,modify,0.3108417716265608,24,0.0,0.0,0.45,0.0,0.0,0.2550884246826172,0.1047087143380799,0.3065127611160279,0.0,0.0
assured,compound,2020,77,modify,0.24155504703448344,24,0.0,0.0,0.45,0.0,0.0,0.20454766750335696,0.05719033670308533,0.3349419370293617,0.0,0.0
assured,compound,2020,78,modify,0.2878903174892299,24,0.0,0.0,0.45,0.0,0.0,0.24688982963562012,0.05137931805976464,0.3111244708299637,0.0,0.0
assured,compound,2020,79,modify,0.2744881700782668,24,0.0,0.0,0.45,0.0,0.0,0.23737792968750002,0.034154436988049444,0.31647491455078125,0.0,0.0
assured,compound,2020,80,modify,0.2475085381162479,24,0.0,0.0,0.45,0.0,0.0,0.12601288557052612,0.012751125699361621,0.23735325559973716,0.0,0.0
assured,compound,2020,81,modify,0.21448932591116485,24,0.0,0.0,0.45,0.0,0.0,0.18642973899841309,0.015893164135743373,0.34513327181339265,0.0,0.0
assured,compound,2020,82,modify,0.209205244846369,24,0.0,0.0,0.45,0.0,0.0,0.1065941333770752,0.0069695188144072535,0.2701223999261856,0.0,0.0
assured,compound,2020,83,modify,0.01083225437114108,24,0.0,0.0,0.45,0.0,0.0,0.004999628298128627,0.0003225349746213267,0.44039596840739254,0.0,0.0
assured,compound,2020,85,modify,0.07486616406759951,24,0.0,0.0,0.45,0.0,0.0,0.03436080725546181,0.0022166772078350133,0.38352170437574384,0.0,0.0
assured,extreme_compound,101,19,modify,0.03301496930515554,24,0.0,0.0,0.45,0.0,0.0,0.0,0.0,0.42101991176605225,0.0,0.015815899726950872
assured,extreme_compound,101,38,modify,0.41263581432910995,24,0.0,0.0,0.45,0.0,0.0,-0.16743977069854737,-0.017308945572479847,0.07326051592826843,0.0,0.0
assured,extreme_compound,101,39,modify,0.25690997190236375,24,0.002655836682884139,-0.0009236686308538157,0.14969794192314018,0.0,0.0,-0.2370892307494226,-0.02501933582686053,0.06056638114284581,0.0,0.0
assured,extreme_compound,101,40,reject,0.6716300208479414,24,0.36508742380679265,0.03820127396290476,0.45,0.0,0.0,0.8,0.55,0.45,0.0,0.0
assured,extreme_compound,101,41,reject,0.8945172215678868,24,0.0,0.0,0.45,0.0,0.0,0.8,0.40020127396290456,0.45,0.0,0.0
assured,extreme_compound,101,42,reject,0.8,24,0.0,0.0,0.45,0.0,0.0,0.8,0.0,0.45,0.0,0.0
assured,extreme_compound,101,43,reject,0.8,24,0.0,0.0,0.45,0.0,0.0,0.8,0.0,0.45,0.0,0.0
assured,extreme_compound,101,44,reject,0.35708742380679287,24,0.0,0.0,0.45,0.0,0.0,0.35708742380679287,0.0,0.45,0.0,0.0
assured,extreme_compound,101,45,reject,0.0,24,0.0,0.0,0.45,0.0,0.0,0.0,0.0,0.45,0.0,0.0
assured,extreme_compound,101,46,reject,0.0,24,0.0,0.0,0.45,0.0,0.0,0.0,0.0,0.45,0.0,0.0
assured,extreme_compound,101,47,reject,0.0,24,0.0,0.0,0.45,0.0,0.0,0.0,0.0,0.45,0.0,0.0
assured,extreme_compound,101,48,reject,0.0,24,0.0,0.0,0.45,0.0,0.0,0.0,0.0,0.45,0.0,0.0
assured,extreme_compound,101,49,reject,0.0,24,0.0,0.0,0.45,0.0,0.0,0.0,0.0,0.45,0.0,0.0
assured,extreme_compound,101,50,reject,0.0,24,0.0,0.0,0.45,0.0,0.0,0.0,0.0,0.45,0.0,0.0
assured,extreme_compound,101,51,reject,0.0,24,0.0,0.0,0.45,0.0,0.0,0.0,0.0,0.45,0.0,0.0
assured,extreme_compound,101,52,reject,0.0,24,0.0,0.0,0.45,0.0,0.0,0.0,0.0,0.45,0.0,0.0
assured,extreme_compound,101,53,reject,0.0,24,0.0,0.0,0.45,0.0,0.0,0.0,0.0,0.45,0.0,0.0
assured,extreme_compound,101,54,reject,0.0,24,0.0,0.0,0.45,0.0,0.0,0.0,0.0,0.45,0.0,0.0
assured,extreme_compound,101,55,reject,0.0,24,0.0,0.0,0.45,0.0,0.0,0.0,0.0,0.45,0.0,0.0
assured,extreme_compound,101,56,reject,0.0,24,0.0,0.0,0.45,0.0,0.0,0.0,0.0,0.45,0.0,0.0
assured,extreme_compound,101,57,reject,0.0,24,0.0,0.0,0.45,0.0,0.0,0.0,0.0,0.45,0.0,0.0
assured,extreme_compound,101,58,reject,0.0,24,0.0,0.0,0.45,0.0,0.0,0.0,0.0,0.45,0.0,0.0
assured,extreme_compound,101,59,reject,0.0,24,0.0,0.0,0.45,0.0,0.0,0.0,0.0,0.45,0.0,0.0
assured,extreme_compound,101,70,reject,0.0,24,0.0,0.0,0.45,0.0,0.0,0.0,0.0,0.45,0.0,0.0
assured,extreme_compound,101,71,reject,0.0,24,0.0,0.0,0.45,0.0,0.0,0.0,0.0,0.45,0.0,0.0
assured,extreme_compound,101,72,reject,0.0,24,0.0,0.0,0.45,0.0,0.0,0.0,0.0,0.45,0.0,0.0
assured,extreme_compound,101,73,reject,0.0,24,0.0,0.0,0.45,0.0,0.0,0.0,0.0,0.45,0.0,0.0
assured,extreme_compound,101,74,reject,0.0,24,0.0,0.0,0.45,0.0,0.0,0.0,0.0,0.45,0.0,0.0
assured,extreme_compound,101,75,reject,0.0,24,0.0,0.0,0.45,0.0,0.0,0.0,0.0,0.45,0.0,0.0
assured,extreme_compound,101,76,reject,0.0,24,0.0,0.0,0.45,0.0,0.0,0.0,0.0,0.45,0.0,0.0
assured,extreme_compound,101,77,reject,0.0,24,0.0,0.0,0.45,0.0,0.0,0.0,0.0,0.45,0.0,0.0
assured,extreme_compound,101,78,reject,0.0,24,0.0,0.0,0.45,0.0,0.0,0.0,0.0,0.45,0.0,0.0
assured,extreme_compound,101,79,reject,0.0,24,0.0,0.0,0.45,0.0,0.0,0.0,0.0,0.45,0.0,0.0
assured,extreme_compound,101,80,reject,0.0,24,0.0,0.0,0.45,0.0,0.0,0.0,0.0,0.45,0.0,0.0
assured,extreme_compound,101,81,reject,0.0,24,0.0,0.0,0.45,0.0,0.0,0.0,0.0,0.45,0.0,0.0
assured,extreme_compound,101,82,reject,0.0,24,0.0,0.0,0.45,0.0,0.0,0.0,0.0,0.45,0.0,0.0
assured,extreme_compound,101,83,reject,0.0,24,0.0,0.0,0.45,0.0,0.0,0.0,0.0,0.45,0.0,0.0
assured,extreme_compound,101,84,reject,0.0,24,0.0,0.0,0.45,0.0,0.0,0.0,0.0,0.45,0.0,0.0
assured,extreme_compound,202,10,modify,0.029042389189978198,24,0.0,0.0,0.45,0.0,0.0,0.0,0.0,0.42444326877593996,0.0,0.01379542891697524
assured,extreme_compound,202,12,modify,0.2619012006542067,24,0.0,0.0,0.45,0.0,0.0,0.22735018730163575,0.02344548830378143,0.3221155196428299,0.0,0.0
assured,extreme_compound,202,38,modify,0.16825146416250306,24,0.0,0.0,0.45,0.0,0.0,-0.06827324628829956,-0.0070576894553221045,0.296385195851326,0.0,0.0
assured,extreme_compound,202,39,modify,0.4724511898290726,24,0.0,0.0,0.29638516118527,0.0,0.0,-0.3782958745956421,-0.039146760070530716,0.016081951765889835,0.0,0.0
assured,extreme_compound,202,40,reject,0.8200799865256776,24,0.1756784442961215,0.018254027393300908,0.45,0.0,0.0,0.8,0.55,0.45,0.0,0.0
assured,extreme_compound,202,41,reject,0.8857726149237317,24,0.0,0.0,0.45,0.0,0.0,0.8,0.380254027393301,0.45,0.0,0.0
assured,extreme_compound,202,42,reject,0.8,24,0.0,0.0,0.45,0.0,0.0,0.8,0.0,0.45,0.0,0.0
assured,extreme_compound,202,43,reject,0.8,24,0.0,0.0,0.45,0.0,0.0,0.8,0.0,0.45,0.0,0.0
assured,extreme_compound,202,44,reject,0.16767844429612175,24,0.0,0.0,0.45,0.0,0.0,0.16767844429612175,0.0,0.45,0.0,0.0
assured,extreme_compound,202,45,reject,0.0,24,0.0,0.0,0.45,0.0,0.0,0.0,0.0,0.45,0.0,0.0
assured,extreme_compound,202,47,reject,0.0,24,0.0,0.0,0.45,0.0,0.0,0.0,0.0,0.45,0.0,0.0
assured,extreme_compound,202,48,reject,0.0,24,0.0,0.0,0.45,0.0,0.0,0.0,0.0,0.45,0.0,0.0
assured,extreme_compound,202,49,reject,0.0,24,0.0,0.0,0.45,0.0,0.0,0.0,0.0,0.45,0.0,0.0
assured,extreme_compound,202,50,reject,0.0,24,0.0,0.0,0.45,0.0,0.0,0.0,0.0,0.45,0.0,0.0
assured,extreme_compound,202,51,reject,0.0,24,0.0,0.0,0.45,0.0,0.0,0.0,0.0,0.45,0.0,0.0
assured,extreme_compound,202,53,reject,0.0,24,0.0,0.0,0.45,0.0,0.0,0.0,0.0,0.45,0.0,0.0
assured,extreme_compound,202,54,reject,0.0,24,0.0,0.0,0.45,0.0,0.0,0.0,0.0,0.45,0.0,0.0
assured,extreme_compound,202,55,reject,0.0,24,0.0,0.0,0.45,0.0,0.0,0.0,0.0,0.45,0.0,0.0
assured,extreme_compound,202,56,reject,0.0,24,0.0,0.0,0.45,0.0,0.0,0.0,0.0,0.45,0.0,0.0
assured,extreme_compound,202,57,reject,0.0,24,0.0,0.0,0.45,0.0,0.0,0.0,0.0,0.45,0.0,0.0
assured,extreme_compound,202,58,reject,0.0,24,0.0,0.0,0.45,0.0,0.0,0.0,0.0,0.45,0.0,0.0
assured,extreme_compound,202,59,reject,0.0,24,0.0,0.0,0.45,0.0,0.0,0.0,0.0,0.45,0.0,0.0
assured,extreme_compound,202,70,reject,0.0,24,0.0,0.0,0.45,0.0,0.0,0.0,0.0,0.45,0.0,0.0
assured,extreme_compound,202,71,reject,0.0,24,0.0,0.0,0.45,0.0,0.0,0.0,0.0,0.45,0.0,0.0
assured,extreme_compound,202,72,reject,0.0,24,0.0,0.0,0.45,0.0,0.0,0.0,0.0,0.45,0.0,0.0
assured,extreme_compound,202,73,reject,0.0,24,0.0,0.0,0.45,0.0,0.0,0.0,0.0,0.45,0.0,0.0
assured,extreme_compound,202,74,reject,0.0,24,0.0,0.0,0.45,0.0,0.0,0.0,0.0,0.45,0.0,0.0
assured,extreme_compound,202,75,reject,0.0,24,0.0,0.0,0.45,0.0,0.0,0.0,0.0,0.45,0.0,0.0
assured,extreme_compound,202,76,reject,0.0,24,0.0,0.0,0.45,0.0,0.0,0.0,0.0,0.45,0.0,0.0
assured,extreme_compound,202,77,reject,0.0,24,0.0,0.0,0.45,0.0,0.0,0.0,0.0,0.45,0.0,0.0
assured,extreme_compound,202,78,reject,0.0,24,0.0,0.0,0.45,0.0,0.0,0.0,0.0,0.45,0.0,0.0
assured,extreme_compound,202,79,reject,0.0,24,0.0,0.0,0.45,0.0,0.0,0.0,0.0,0.45,0.0,0.0
assured,extreme_compound,202,80,reject,0.0,24,0.0,0.0,0.45,0.0,0.0,0.0,0.0,0.45,0.0,0.0
assured,extreme_compound,202,81,reject,0.0,24,0.0,0.0,0.45,0.0,0.0,0.0,0.0,0.45,0.0,0.0
assured,extreme_compound,202,82,reject,0.0,24,0.0,0.0,0.45,0.0,0.0,0.0,0.0,0.45,0.0,0.0
assured,extreme_compound,202,83,reject,0.0,24,0.0,0.0,0.45,0.0,0.0,0.0,0.0,0.45,0.0,0.0
assured,extreme_compound,202,84,reject,0.0,24,0.0,0.0,0.45,0.0,0.0,0.0,0.0,0.45,0.0,0.0
assured,extreme_compound,202,85,reject,0.0,24,0.0,0.0,0.45,0.0,0.0,0.0,0.0,0.45,0.0,0.0
assured,extreme_compound,202,86,reject,0.0,24,0.0,0.0,0.45,0.0,0.0,0.0,0.0,0.45,0.0,0.0
assured,extreme_compound,303,8,modify,0.07242839839567347,24,0.0,0.0,0.45,0.0,0.0,0.0,0.0,0.38657613694667814,0.0,0.034975512713266536
assured,extreme_compound,303,38,modify,0.47831994854769766,24,0.0,0.0,0.45,0.0,0.0,-0.19409314393997193,-0.020064215630687176,0.01329042613506315,0.0,0.0
assured,extreme_compound,303,39,modify,0.4302136405587961,24,0.00016747892027132522,0.005614534956785402,0.18734038663989877,0.0,0.0,3.1405501940291063e-05,0.0010528327278053612,0.035129906895641494,0.3782457550611426,0.1372044733742348
assured,extreme_compound,303,40,reject,0.821269256051323,24,0.17513765690388386,0.01705512187888989,0.45,0.0,0.0,0.8,0.55,0.45,0.0,0.0
assured,extreme_compound,303,41,reject,0.8852585980506601,24,0.0,0.0,0.45,0.0,0.0,0.8,0.37905512187888996,0.45,0.0,0.0
assured,extreme_compound,303,42,reject,0.8,24,0.0,0.0,0.45,0.0,0.0,0.8,0.0,0.45,0.0,0.0
assured,extreme_compound,303,43,reject,0.8,24,0.0,0.0,0.45,0.0,0.0,0.8,0.0,0.45,0.0,0.0
assured,extreme_compound,303,44,reject,0.16713765690388407,24,0.0,0.0,0.45,0.0,0.0,0.16713765690388407,0.0,0.45,0.0,0.0
assured,extreme_compound,303,45,reject,0.0,24,0.0,0.0,0.45,0.0,0.0,0.0,0.0,0.45,0.0,0.0
assured,extreme_compound,303,46,reject,0.0,24,0.0,0.0,0.45,0.0,0.0,0.0,0.0,0.45,0.0,0.0
assured,extreme_compound,303,47,reject,0.0,24,0.0,0.0,0.45,0.0,0.0,0.0,0.0,0.45,0.0,0.0
assured,extreme_compound,303,48,reject,0.0,24,0.0,0.0,0.45,0.0,0.0,0.0,0.0,0.45,0.0,0.0
assured,extreme_compound,303,49,reject,0.0,24,0.0,0.0,0.45,0.0,0.0,0.0,0.0,0.45,0.0,0.0
assured,extreme_compound,303,50,reject,0.0,24,0.0,0.0,0.45,0.0,0.0,0.0,0.0,0.45,0.0,0.0
assured,extreme_compound,303,52,reject,0.0,24,0.0,0.0,0.45,0.0,0.0,0.0,0.0,0.45,0.0,0.0
assured,extreme_compound,303,54,reject,0.0,24,0.0,0.0,0.45,0.0,0.0,0.0,0.0,0.45,0.0,0.0
assured,extreme_compound,303,55,reject,0.0,24,0.0,0.0,0.45,0.0,0.0,0.0,0.0,0.45,0.0,0.0
assured,extreme_compound,303,56,reject,0.0,24,0.0,0.0,0.45,0.0,0.0,0.0,0.0,0.45,0.0,0.0
assured,extreme_compound,303,57,reject,0.0,24,0.0,0.0,0.45,0.0,0.0,0.0,0.0,0.45,0.0,0.0
assured,extreme_compound,303,58,reject,0.0,24,0.0,0.0,0.45,0.0,0.0,0.0,0.0,0.45,0.0,0.0
assured,extreme_compound,303,59,reject,0.0,24,0.0,0.0,0.45,0.0,0.0,0.0,0.0,0.45,0.0,0.0
assured,extreme_compound,303,70,reject,0.0,24,0.0,0.0,0.45,0.0,0.0,0.0,0.0,0.45,0.0,0.0
assured,extreme_compound,303,71,reject,0.0,24,0.0,0.0,0.45,0.0,0.0,0.0,0.0,0.45,0.0,0.0
assured,extreme_compound,303,72,reject,0.0,24,0.0,0.0,0.45,0.0,0.0,0.0,0.0,0.45,0.0,0.0
assured,extreme_compound,303,73,reject,0.0,24,0.0,0.0,0.45,0.0,0.0,0.0,0.0,0.45,0.0,0.0
assured,extreme_compound,303,74,reject,0.0,24,0.0,0.0,0.45,0.0,0.0,0.0,0.0,0.45,0.0,0.0
assured,extreme_compound,303,75,reject,0.0,24,0.0,0.0,0.45,0.0,0.0,0.0,0.0,0.45,0.0,0.0
assured,extreme_compound,303,76,reject,0.0,24,0.0,0.0,0.45,0.0,0.0,0.0,0.0,0.45,0.0,0.0
assured,extreme_compound,303,77,reject,0.0,24,0.0,0.0,0.45,0.0,0.0,0.0,0.0,0.45,0.0,0.0
assured,extreme_compound,303,78,reject,0.0,24,0.0,0.0,0.45,0.0,0.0,0.0,0.0,0.45,0.0,0.0
assured,extreme_compound,303,79,reject,0.0,24,0.0,0.0,0.45,0.0,0.0,0.0,0.0,0.45,0.0,0.0
assured,extreme_compound,303,80,reject,0.0,24,0.0,0.0,0.45,0.0,0.0,0.0,0.0,0.45,0.0,0.0
assured,extreme_compound,303,81,reject,0.0,24,0.0,0.0,0.45,0.0,0.0,0.0,0.0,0.45,0.0,0.0
assured,extreme_compound,303,82,reject,0.0,24,0.0,0.0,0.45,0.0,0.0,0.0,0.0,0.45,0.0,0.0
assured,extreme_compound,303,83,reject,0.0,24,0.0,0.0,0.45,0.0,0.0,0.0,0.0,0.45,0.0,0.0
assured,extreme_compound,303,84,reject,0.0,24,0.0,0.0,0.45,0.0,0.0,0.0,0.0,0.45,0.0,0.0
assured,extreme_compound,303,85,reject,0.0,24,0.0,0.0,0.45,0.0,0.0,0.0,0.0,0.45,0.0,0.0
assured,extreme_compound,404,11,modify,0.35409152471501854,24,0.0,0.0,0.45,0.0,0.0,0.18026775121688843,0.01859011194867112,0.1457981698215008,0.0,0.0
assured,extreme_compound,404,23,modify,0.03171249187778368,24,0.0,0.0,0.45,0.0,0.0,0.0,0.0,0.42233043909072876,0.0,0.015494435781486992
assured,extreme_compound,404,38,modify,0.310810786485672,24,0.0,0.0,0.45,0.0,0.0,0.0,0.0,0.139189213514328,0.0,0.0
assured,extreme_compound,404,39,modify,0.4117679404329856,24,0.0,0.0,0.45,0.0,0.0,-0.272919511795044,-0.028242218232559176,0.14296554923057558,0.0,0.0
assured,extreme_compound,404,40,reject,0.9130462404090619,24,0.06604210817813838,0.006898490006213604,0.45,0.0,0.0,0.8,0.55,0.45,0.0,0.0
assured,extreme_compound,404,41,reject,0.8809574881507419,24,0.0,0.0,0.45,0.0,0.0,0.8,0.3688984900062137,0.45,0.0,0.0
assured,extreme_compound,404,42,reject,0.8,24,0.0,0.0,0.45,0.0,0.0,0.8,0.0,0.45,0.0,0.0
assured,extreme_compound,404,43,reject,0.8,24,0.0,0.0,0.45,0.0,0.0,0.8,0.0,0.45,0.0,0.0
assured,extreme_compound,404,44,reject,0.0580421081781386,24,0.0,0.0,0.45,0.0,0.0,0.0580421081781386,0.0,0.45,0.0,0.0
assured,extreme_compound,404,45,reject,0.0,24,0.0,0.0,0.45,0.0,0.0,0.0,0.0,0.45,0.0,0.0
assured,extreme_compound,404,46,reject,0.0,24,0.0,0.0,0.45,0.0,0.0,0.0,0.0,0.45,0.0,0.0
assured,extreme_compound,404,47,reject,0.0,24,0.0,0.0,0.45,0.0,0.0,0.0,0.0,0.45,0.0,0.0
assured,extreme_compound,404,48,reject,0.0,24,0.0,0.0,0.45,0.0,0.0,0.0,0.0,0.45,0.0,0.0
assured,extreme_compound,404,49,reject,0.0,24,0.0,0.0,0.45,0.0,0.0,0.0,0.0,0.45,0.0,0.0
assured,extreme_compound,404,51,reject,0.0,24,0.0,0.0,0.45,0.0,0.0,0.0,0.0,0.45,0.0,0.0
assured,extreme_compound,404,52,reject,0.0,24,0.0,0.0,0.45,0.0,0.0,0.0,0.0,0.45,0.0,0.0
assured,extreme_compound,404,53,reject,0.0,24,0.0,0.0,0.45,0.0,0.0,0.0,0.0,0.45,0.0,0.0
assured,extreme_compound,404,54,reject,0.0,24,0.0,0.0,0.45,0.0,0.0,0.0,0.0,0.45,0.0,0.0
assured,extreme_compound,404,55,reject,0.0,24,0.0,0.0,0.45,0.0,0.0,0.0,0.0,0.45,0.0,0.0
assured,extreme_compound,404,56,reject,0.0,24,0.0,0.0,0.45,0.0,0.0,0.0,0.0,0.45,0.0,0.0
assured,extreme_compound,404,57,reject,0.0,24,0.0,0.0,0.45,0.0,0.0,0.0,0.0,0.45,0.0,0.0
assured,extreme_compound,404,58,reject,0.0,24,0.0,0.0,0.45,0.0,0.0,0.0,0.0,0.45,0.0,0.0
assured,extreme_compound,404,59,reject,0.0,24,0.0,0.0,0.45,0.0,0.0,0.0,0.0,0.45,0.0,0.0
assured,extreme_compound,404,70,reject,0.0,24,0.0,0.0,0.45,0.0,0.0,0.0,0.0,0.45,0.0,0.0
assured,extreme_compound,404,71,reject,0.0,24,0.0,0.0,0.45,0.0,0.0,0.0,0.0,0.45,0.0,0.0
assured,extreme_compound,404,72,reject,0.0,24,0.0,0.0,0.45,0.0,0.0,0.0,0.0,0.45,0.0,0.0
assured,extreme_compound,404,73,reject,0.0,24,0.0,0.0,0.45,0.0,0.0,0.0,0.0,0.45,0.0,0.0
assured,extreme_compound,404,74,reject,0.0,24,0.0,0.0,0.45,0.0,0.0,0.0,0.0,0.45,0.0,0.0
assured,extreme_compound,404,75,reject,0.0,24,0.0,0.0,0.45,0.0,0.0,0.0,0.0,0.45,0.0,0.0
assured,extreme_compound,404,76,reject,0.0,24,0.0,0.0,0.45,0.0,0.0,0.0,0.0,0.45,0.0,0.0
assured,extreme_compound,404,77,reject,0.0,24,0.0,0.0,0.45,0.0,0.0,0.0,0.0,0.45,0.0,0.0
assured,extreme_compound,404,78,reject,0.0,24,0.0,0.0,0.45,0.0,0.0,0.0,0.0,0.45,0.0,0.0
assured,extreme_compound,404,79,reject,0.0,24,0.0,0.0,0.45,0.0,0.0,0.0,0.0,0.45,0.0,0.0
assured,extreme_compound,404,80,reject,0.0,24,0.0,0.0,0.45,0.0,0.0,0.0,0.0,0.45,0.0,0.0
assured,extreme_compound,404,81,reject,0.0,24,0.0,0.0,0.45,0.0,0.0,0.0,0.0,0.45,0.0,0.0
assured,extreme_compound,404,82,reject,0.0,24,0.0,0.0,0.45,0.0,0.0,0.0,0.0,0.45,0.0,0.0
assured,extreme_compound,404,83,reject,0.0,24,0.0,0.0,0.45,0.0,0.0,0.0,0.0,0.45,0.0,0.0
assured,extreme_compound,404,84,reject,0.0,24,0.0,0.0,0.45,0.0,0.0,0.0,0.0,0.45,0.0,0.0
assured,extreme_compound,404,85,reject,0.0,24,0.0,0.0,0.45,0.0,0.0,0.0,0.0,0.45,0.0,0.0
assured,extreme_compound,404,86,reject,0.0,24,0.0,0.0,0.45,0.0,0.0,0.0,0.0,0.45,0.0,0.0
assured,extreme_compound,505,8,modify,0.08256257225861774,24,0.0,0.0,0.45,0.0,0.0,0.0,0.0,0.3779938995838165,0.0,0.04039430455910801
assured,extreme_compound,505,16,modify,0.032716168086211854,24,0.0,0.0,0.45,0.0,0.0,0.0,0.0,0.42129741311073304,0.0,0.01570061018270777
assured,extreme_compound,505,38,modify,0.3683242805099971,24,0.0,0.0,0.45,0.0,0.0,-0.1494589924812317,-0.015450197736073212,0.11371726691722872,0.0,0.0
assured,extreme_compound,505,39,modify,0.4920328764104248,24,0.022355432933907744,0.003353222374953887,0.348977593724062,0.0,0.0,-0.35569116306049353,-0.03669849399582113,0.03661084974910339,0.0,0.0
assured,extreme_compound,505,40,reject,0.6093854285171572,24,0.455898015376407,0.047064194288034614,0.45,0.0,0.0,0.8,0.55,0.45,0.0,0.0
assured,extreme_compound,505,41,reject,0.8985173983003996,24,0.0,0.0,0.45,0.0,0.0,0.8,0.4090641942880345,0.45,0.0,0.0
assured,extreme_compound,505,42,reject,0.8,24,0.0,0.0,0.45,0.0,0.0,0.8,0.0,0.45,0.0,0.0
assured,extreme_compound,505,43,reject,0.8,24,0.0,0.0,0.45,0.0,0.0,0.8,0.0,0.45,0.0,0.0
assured,extreme_compound,505,44,reject,0.4478980153764072,24,0.0,0.0,0.45,0.0,0.0,0.4478980153764072,0.0,0.45,0.0,0.0
assured,extreme_compound,505,46,reject,0.0,24,0.0,0.0,0.45,0.0,0.0,0.0,0.0,0.45,0.0,0.0
assured,extreme_compound,505,47,reject,0.0,24,0.0,0.0,0.45,0.0,0.0,0.0,0.0,0.45,0.0,0.0
assured,extreme_compound,505,49,reject,0.0,24,0.0,0.0,0.45,0.0,0.0,0.0,0.0,0.45,0.0,0.0
assured,extreme_compound,505,51,reject,0.0,24,0.0,0.0,0.45,0.0,0.0,0.0,0.0,0.45,0.0,0.0
assured,extreme_compound,505,52,reject,0.0,24,0.0,0.0,0.45,0.0,0.0,0.0,0.0,0.45,0.0,0.0
assured,extreme_compound,505,53,reject,0.0,24,0.0,0.0,0.45,0.0,0.0,0.0,0.0,0.45,0.0,0.0
assured,extreme_compound,505,54,reject,0.0,24,0.0,0.0,0.45,0.0,0.0,0.0,0.0,0.45,0.0,0.0
assured,extreme_compound,505,55,reject,0.0,24,0.0,0.0,0.45,0.0,0.0,0.0,0.0,0.45,0.0,0.0
assured,extreme_compound,505,56,reject,0.0,24,0.0,0.0,0.45,0.0,0.0,0.0,0.0,0.45,0.0,0.0
assured,extreme_compound,505,57,reject,0.0,24,0.0,0.0,0.45,0.0,0.0,0.0,0.0,0.45,0.0,0.0
assured,extreme_compound,505,58,reject,0.0,24,0.0,0.0,0.45,0.0,0.0,0.0,0.0,0.45,0.0,0.0
assured,extreme_compound,505,59,reject,0.0,24,0.0,0.0,0.45,0.0,0.0,0.0,0.0,0.45,0.0,0.0
assured,extreme_compound,505,70,reject,0.0,24,0.0,0.0,0.45,0.0,0.0,0.0,0.0,0.45,0.0,0.0
assured,extreme_compound,505,71,reject,0.0,24,0.0,0.0,0.45,0.0,0.0,0.0,0.0,0.45,0.0,0.0
assured,extreme_compound,505,72,reject,0.0,24,0.0,0.0,0.45,0.0,0.0,0.0,0.0,0.45,0.0,0.0
assured,extreme_compound,505,73,reject,0.0,24,0.0,0.0,0.45,0.0,0.0,0.0,0.0,0.45,0.0,0.0
assured,extreme_compound,505,74,reject,0.0,24,0.0,0.0,0.45,0.0,0.0,0.0,0.0,0.45,0.0,0.0
assured,extreme_compound,505,75,reject,0.0,24,0.0,0.0,0.45,0.0,0.0,0.0,0.0,0.45,0.0,0.0
assured,extreme_compound,505,76,reject,0.0,24,0.0,0.0,0.45,0.0,0.0,0.0,0.0,0.45,0.0,0.0
assured,extreme_compound,505,77,reject,0.0,24,0.0,0.0,0.45,0.0,0.0,0.0,0.0,0.45,0.0,0.0
assured,extreme_compound,505,78,reject,0.0,24,0.0,0.0,0.45,0.0,0.0,0.0,0.0,0.45,0.0,0.0
assured,extreme_compound,505,79,reject,0.0,24,0.0,0.0,0.45,0.0,0.0,0.0,0.0,0.45,0.0,0.0
assured,extreme_compound,505,80,reject,0.0,24,0.0,0.0,0.45,0.0,0.0,0.0,0.0,0.45,0.0,0.0
assured,extreme_compound,505,81,reject,0.0,24,0.0,0.0,0.45,0.0,0.0,0.0,0.0,0.45,0.0,0.0
assured,extreme_compound,505,82,reject,0.0,24,0.0,0.0,0.45,0.0,0.0,0.0,0.0,0.45,0.0,0.0
assured,extreme_compound,505,83,reject,0.0,24,0.0,0.0,0.45,0.0,0.0,0.0,0.0,0.45,0.0,0.0
assured,extreme_compound,505,84,reject,0.0,24,0.0,0.0,0.45,0.0,0.0,0.0,0.0,0.45,0.0,0.0
assured,extreme_compound,505,85,reject,0.0,24,0.0,0.0,0.45,0.0,0.0,0.0,0.0,0.45,0.0,0.0
assured,extreme_compound,606,5,modify,0.04285377647487452,24,0.0,0.04349999998865626,0.45,0.0,0.0,0.0,0.039883538951009864,0.41258833408355716,0.0,0.020584815303474613
assured,extreme_compound,606,38,modify,0.31388950027632695,24,0.0,0.0,0.45,0.0,0.0,-0.1273703932762146,-0.013166807357449864,0.16341661512851713,0.0,0.0
assured,extreme_compound,606,39,modify,0.36152226980625285,24,0.08979802631541439,0.008292065356115026,0.4309239624407562,0.0,0.0,0.03825368080099654,0.0035323941330253506,0.18357227196517628,0.23987598790929265,0.09641332472546149
assured,extreme_compound,606,40,reject,0.9036313732327059,24,0.07669809913078734,0.008350649507073177,0.45,0.0,0.0,0.8,0.55,0.45,0.0,0.0
assured,extreme_compound,606,41,reject,0.8815665622006719,24,0.0,0.0,0.45,0.0,0.0,0.8,0.370350649507073,0.45,0.0,0.0
assured,extreme_compound,606,42,reject,0.8,24,0.0,0.0,0.45,0.0,0.0,0.8,0.0,0.45,0.0,0.0
assured,extreme_compound,606,43,reject,0.8,24,0.0,0.0,0.45,0.0,0.0,0.8,0.0,0.45,0.0,0.0
assured,extreme_compound,606,44,reject,0.06869809913078757,24,0.0,0.0,0.45,0.0,0.0,0.06869809913078757,0.0,0.45,0.0,0.0
assured,extreme_compound,606,45,reject,0.0,24,0.0,0.0,0.45,0.0,0.0,0.0,0.0,0.45,0.0,0.0
assured,extreme_compound,606,46,reject,0.0,24,0.0,0.0,0.45,0.0,0.0,0.0,0.0,0.45,0.0,0.0
assured,extreme_compound,606,47,reject,0.0,24,0.0,0.0,0.45,0.0,0.0,0.0,0.0,0.45,0.0,0.0
assured,extreme_compound,606,48,reject,0.0,24,0.0,0.0,0.45,0.0,0.0,0.0,0.0,0.45,0.0,0.0
assured,extreme_compound,606,49,reject,0.0,24,0.0,0.0,0.45,0.0,0.0,0.0,0.0,0.45,0.0,0.0
assured,extreme_compound,606,50,reject,0.0,24,0.0,0.0,0.45,0.0,0.0,0.0,0.0,0.45,0.0,0.0
assured,extreme_compound,606,52,reject,0.0,24,0.0,0.0,0.45,0.0,0.0,0.0,0.0,0.45,0.0,0.0
assured,extreme_compound,606,53,reject,0.0,24,0.0,0.0,0.45,0.0,0.0,0.0,0.0,0.45,0.0,0.0
assured,extreme_compound,606,54,reject,0.0,24,0.0,0.0,0.45,0.0,0.0,0.0,0.0,0.45,0.0,0.0
assured,extreme_compound,606,55,reject,0.0,24,0.0,0.0,0.45,0.0,0.0,0.0,0.0,0.45,0.0,0.0
assured,extreme_compound,606,56,reject,0.0,24,0.0,0.0,0.45,0.0,0.0,0.0,0.0,0.45,0.0,0.0
assured,extreme_compound,606,57,reject,0.0,24,0.0,0.0,0.45,0.0,0.0,0.0,0.0,0.45,0.0,0.0
assured,extreme_compound,606,58,reject,0.0,24,0.0,0.0,0.45,0.0,0.0,0.0,0.0,0.45,0.0,0.0
assured,extreme_compound,606,59,reject,0.0,24,0.0,0.0,0.45,0.0,0.0,0.0,0.0,0.45,0.0,0.0
assured,extreme_compound,606,70,reject,0.0,24,0.0,0.0,0.45,0.0,0.0,0.0,0.0,0.45,0.0,0.0
assured,extreme_compound,606,71,reject,0.0,24,0.0,0.0,0.45,0.0,0.0,0.0,0.0,0.45,0.0,0.0
assured,extreme_compound,606,72,reject,0.0,24,0.0,0.0,0.45,0.0,0.0,0.0,0.0,0.45,0.0,0.0
assured,extreme_compound,606,73,reject,0.0,24,0.0,0.0,0.45,0.0,0.0,0.0,0.0,0.45,0.0,0.0
assured,extreme_compound,606,74,reject,0.0,24,0.0,0.0,0.45,0.0,0.0,0.0,0.0,0.45,0.0,0.0
assured,extreme_compound,606,75,reject,0.0,24,0.0,0.0,0.45,0.0,0.0,0.0,0.0,0.45,0.0,0.0
assured,extreme_compound,606,76,reject,0.0,24,0.0,0.0,0.45,0.0,0.0,0.0,0.0,0.45,0.0,0.0
assured,extreme_compound,606,77,reject,0.0,24,0.0,0.0,0.45,0.0,0.0,0.0,0.0,0.45,0.0,0.0
assured,extreme_compound,606,78,reject,0.0,24,0.0,0.0,0.45,0.0,0.0,0.0,0.0,0.45,0.0,0.0
assured,extreme_compound,606,79,reject,0.0,24,0.0,0.0,0.45,0.0,0.0,0.0,0.0,0.45,0.0,0.0
assured,extreme_compound,606,80,reject,0.0,24,0.0,0.0,0.45,0.0,0.0,0.0,0.0,0.45,0.0,0.0
assured,extreme_compound,606,81,reject,0.0,24,0.0,0.0,0.45,0.0,0.0,0.0,0.0,0.45,0.0,0.0
assured,extreme_compound,606,82,reject,0.0,24,0.0,0.0,0.45,0.0,0.0,0.0,0.0,0.45,0.0,0.0
assured,extreme_compound,606,83,reject,0.0,24,0.0,0.0,0.45,0.0,0.0,0.0,0.0,0.45,0.0,0.0
assured,extreme_compound,606,85,reject,0.0,24,0.0,0.0,0.45,0.0,0.0,0.0,0.0,0.45,0.0,0.0
assured,extreme_compound,707,37,modify,0.39643558859825134,24,0.0,0.0,0.45,0.0,0.0,0.0,0.0,0.05356441140174867,0.0,0.0
assured,extreme_compound,707,38,modify,0.46407353217360703,24,0.0,0.0,0.4469795648115653,0.0,0.0,-0.18937116861343384,-0.019576085399854573,0.02375435213811422,0.0,0.0
assured,extreme_compound,707,39,modify,0.31804692720374733,24,0.0,0.0,0.0,0.0,0.0,0.0,0.0,0.0,0.3015297390759524,0.10116157549452187
assured,extreme_compound,707,40,reject,0.824096704262267,24,0.17090747967362435,0.017667417073368632,0.45,0.0,0.0,0.8,0.55,0.45,0.0,0.0
assured,extreme_compound,707,41,reject,0.8855209470064294,24,0.0,0.0,0.45,0.0,0.0,0.8,0.3796674170733687,0.45,0.0,0.0
assured,extreme_compound,707,42,reject,0.8,24,0.0,0.0,0.45,0.0,0.0,0.8,0.0,0.45,0.0,0.0
assured,extreme_compound,707,43,reject,0.8,24,0.0,0.0,0.45,0.0,0.0,0.8,0.0,0.45,0.0,0.0
assured,extreme_compound,707,44,reject,0.1629074796736246,24,0.0,0.0,0.45,0.0,0.0,0.1629074796736246,0.0,0.45,0.0,0.0
assured,extreme_compound,707,45,reject,0.0,24,0.0,0.0,0.45,0.0,0.0,0.0,0.0,0.45,0.0,0.0
assured,extreme_compound,707,46,reject,0.0,24,0.0,0.0,0.45,0.0,0.0,0.0,0.0,0.45,0.0,0.0
assured,extreme_compound,707,48,reject,0.0,24,0.0,0.0,0.45,0.0,0.0,0.0,0.0,0.45,0.0,0.0
assured,extreme_compound,707,50,reject,0.0,24,0.0,0.0,0.45,0.0,0.0,0.0,0.0,0.45,0.0,0.0
assured,extreme_compound,707,51,reject,0.0,24,0.0,0.0,0.45,0.0,0.0,0.0,0.0,0.45,0.0,0.0
assured,extreme_compound,707,52,reject,0.0,24,0.0,0.0,0.45,0.0,0.0,0.0,0.0,0.45,0.0,0.0
assured,extreme_compound,707,53,reject,0.0,24,0.0,0.0,0.45,0.0,0.0,0.0,0.0,0.45,0.0,0.0
assured,extreme_compound,707,54,reject,0.0,24,0.0,0.0,0.45,0.0,0.0,0.0,0.0,0.45,0.0,0.0
assured,extreme_compound,707,55,reject,0.0,24,0.0,0.0,0.45,0.0,0.0,0.0,0.0,0.45,0.0,0.0
assured,extreme_compound,707,56,reject,0.0,24,0.0,0.0,0.45,0.0,0.0,0.0,0.0,0.45,0.0,0.0
assured,extreme_compound,707,57,reject,0.0,24,0.0,0.0,0.45,0.0,0.0,0.0,0.0,0.45,0.0,0.0
assured,extreme_compound,707,58,reject,0.0,24,0.0,0.0,0.45,0.0,0.0,0.0,0.0,0.45,0.0,0.0
assured,extreme_compound,707,59,reject,0.0,24,0.0,0.0,0.45,0.0,0.0,0.0,0.0,0.45,0.0,0.0
assured,extreme_compound,707,71,reject,0.0,24,0.0,0.0,0.45,0.0,0.0,0.0,0.0,0.45,0.0,0.0
assured,extreme_compound,707,72,reject,0.0,24,0.0,0.0,0.45,0.0,0.0,0.0,0.0,0.45,0.0,0.0
assured,extreme_compound,707,73,reject,0.0,24,0.0,0.0,0.45,0.0,0.0,0.0,0.0,0.45,0.0,0.0
assured,extreme_compound,707,74,reject,0.0,24,0.0,0.0,0.45,0.0,0.0,0.0,0.0,0.45,0.0,0.0
assured,extreme_compound,707,75,reject,0.0,24,0.0,0.0,0.45,0.0,0.0,0.0,0.0,0.45,0.0,0.0
assured,extreme_compound,707,76,reject,0.0,24,0.0,0.0,0.45,0.0,0.0,0.0,0.0,0.45,0.0,0.0
assured,extreme_compound,707,77,reject,0.0,24,0.0,0.0,0.45,0.0,0.0,0.0,0.0,0.45,0.0,0.0
assured,extreme_compound,707,78,reject,0.0,24,0.0,0.0,0.45,0.0,0.0,0.0,0.0,0.45,0.0,0.0
assured,extreme_compound,707,79,reject,0.0,24,0.0,0.0,0.45,0.0,0.0,0.0,0.0,0.45,0.0,0.0
assured,extreme_compound,707,80,reject,0.0,24,0.0,0.0,0.45,0.0,0.0,0.0,0.0,0.45,0.0,0.0
assured,extreme_compound,707,81,reject,0.0,24,0.0,0.0,0.45,0.0,0.0,0.0,0.0,0.45,0.0,0.0
assured,extreme_compound,707,82,reject,0.0,24,0.0,0.0,0.45,0.0,0.0,0.0,0.0,0.45,0.0,0.0
assured,extreme_compound,707,83,reject,0.0,24,0.0,0.0,0.45,0.0,0.0,0.0,0.0,0.45,0.0,0.0
assured,extreme_compound,707,85,reject,0.0,24,0.0,0.0,0.45,0.0,0.0,0.0,0.0,0.45,0.0,0.0
assured,extreme_compound,808,12,modify,0.01062629535430958,24,0.0,0.0,0.45,0.0,0.0,0.0,0.0,0.44064158499240874,0.0,0.005033708523813419
assured,extreme_compound,808,37,modify,0.2246466510541465,24,0.0,0.0,0.45,0.0,0.0,-0.09115746021270753,-0.009416334516592954,0.2448957145214081,0.0,0.0
assured,extreme_compound,808,38,modify,0.3189811064274354,24,-4.103381758937261e-09,1.1806245804816244e-05,0.24488281972672613,0.0,0.0,-0.2709962619663844,-0.028010203062581934,0.0789769986225812,0.0,0.0
assured,extreme_compound,808,39,modify,0.3269326670867122,24,0.0,0.0,0.0,0.0,0.0,-0.325196123123169,-0.0336518991156773,0.0,0.0,0.0
assured,extreme_compound,808,40,reject,0.5180077521378947,24,0.6203332353852903,0.06414828911710406,0.45,0.0,0.0,0.8,0.55,0.45,0.0,0.0
assured,extreme_compound,808,41,reject,0.9064228396931726,24,0.0,0.0,0.45,0.0,0.0,0.8,0.42614828911710384,0.45,0.0,0.0
assured,extreme_compound,808,42,reject,0.8,24,0.0,0.0,0.45,0.0,0.0,0.8,0.0,0.45,0.0,0.0
assured,extreme_compound,808,43,modify,0.6364390850067139,24,0.0,0.0,0.45,0.0,0.0,0.6364390850067139,0.0,0.45,0.0,0.0
assured,extreme_compound,808,44,reject,0.7758941503785766,24,0.0,0.0,0.45,0.0,0.0,0.7758941503785766,0.0,0.45,0.0,0.0
assured,extreme_compound,808,45,reject,0.0,24,0.0,0.0,0.45,0.0,0.0,0.0,0.0,0.45,0.0,0.0
assured,extreme_compound,808,46,reject,0.0,24,0.0,0.0,0.45,0.0,0.0,0.0,0.0,0.45,0.0,0.0
assured,extreme_compound,808,47,reject,0.0,24,0.0,0.0,0.45,0.0,0.0,0.0,0.0,0.45,0.0,0.0
assured,extreme_compound,808,48,reject,0.0,24,0.0,0.0,0.45,0.0,0.0,0.0,0.0,0.45,0.0,0.0
assured,extreme_compound,808,49,reject,0.0,24,0.0,0.0,0.45,0.0,0.0,0.0,0.0,0.45,0.0,0.0
assured,extreme_compound,808,51,reject,0.0,24,0.0,0.0,0.45,0.0,0.0,0.0,0.0,0.45,0.0,0.0
assured,extreme_compound,808,52,reject,0.0,24,0.0,0.0,0.45,0.0,0.0,0.0,0.0,0.45,0.0,0.0
assured,extreme_compound,808,54,reject,0.0,24,0.0,0.0,0.45,0.0,0.0,0.0,0.0,0.45,0.0,0.0
assured,extreme_compound,808,55,reject,0.0,24,0.0,0.0,0.45,0.0,0.0,0.0,0.0,0.45,0.0,0.0
assured,extreme_compound,808,56,reject,0.0,24,0.0,0.0,0.45,0.0,0.0,0.0,0.0,0.45,0.0,0.0
assured,extreme_compound,808,57,reject,0.0,24,0.0,0.0,0.45,0.0,0.0,0.0,0.0,0.45,0.0,0.0
assured,extreme_compound,808,58,reject,0.0,24,0.0,0.0,0.45,0.0,0.0,0.0,0.0,0.45,0.0,0.0
assured,extreme_compound,808,59,reject,0.0,24,0.0,0.0,0.45,0.0,0.0,0.0,0.0,0.45,0.0,0.0
assured,extreme_compound,808,70,reject,0.0,24,0.0,0.0,0.45,0.0,0.0,0.0,0.0,0.45,0.0,0.0
assured,extreme_compound,808,71,reject,0.0,24,0.0,0.0,0.45,0.0,0.0,0.0,0.0,0.45,0.0,0.0
assured,extreme_compound,808,72,reject,0.0,24,0.0,0.0,0.45,0.0,0.0,0.0,0.0,0.45,0.0,0.0
assured,extreme_compound,808,73,reject,0.0,24,0.0,0.0,0.45,0.0,0.0,0.0,0.0,0.45,0.0,0.0
assured,extreme_compound,808,74,reject,0.0,24,0.0,0.0,0.45,0.0,0.0,0.0,0.0,0.45,0.0,0.0
assured,extreme_compound,808,75,reject,0.0,24,0.0,0.0,0.45,0.0,0.0,0.0,0.0,0.45,0.0,0.0
assured,extreme_compound,808,76,reject,0.0,24,0.0,0.0,0.45,0.0,0.0,0.0,0.0,0.45,0.0,0.0
assured,extreme_compound,808,77,reject,0.0,24,0.0,0.0,0.45,0.0,0.0,0.0,0.0,0.45,0.0,0.0
assured,extreme_compound,808,78,reject,0.0,24,0.0,0.0,0.45,0.0,0.0,0.0,0.0,0.45,0.0,0.0
assured,extreme_compound,808,79,reject,0.0,24,0.0,0.0,0.45,0.0,0.0,0.0,0.0,0.45,0.0,0.0
assured,extreme_compound,808,80,reject,0.0,24,0.0,0.0,0.45,0.0,0.0,0.0,0.0,0.45,0.0,0.0
assured,extreme_compound,808,81,reject,0.0,24,0.0,0.0,0.45,0.0,0.0,0.0,0.0,0.45,0.0,0.0
assured,extreme_compound,808,82,reject,0.0,24,0.0,0.0,0.45,0.0,0.0,0.0,0.0,0.45,0.0,0.0
assured,extreme_compound,808,83,reject,0.0,24,0.0,0.0,0.45,0.0,0.0,0.0,0.0,0.45,0.0,0.0
assured,extreme_compound,808,84,reject,0.0,24,0.0,0.0,0.45,0.0,0.0,0.0,0.0,0.45,0.0,0.0
assured,extreme_compound,808,85,reject,0.0,24,0.0,0.0,0.45,0.0,0.0,0.0,0.0,0.45,0.0,0.0
assured,extreme_compound,909,9,modify,0.04055982668040105,24,0.0,0.0,0.45,0.0,0.0,0.0,0.0,0.41444318890571596,0.0,0.01951442351568633
assured,extreme_compound,909,38,modify,0.26156448251697084,24,0.0,0.0,0.45,0.0,0.0,-0.10613789558410645,-0.01097191575321947,0.21118973493576051,0.0,0.0
assured,extreme_compound,909,39,modify,0.39686453385738335,24,0.0,0.0,0.0,0.0,0.0,0.0,0.0,0.0,0.3746053994650844,0.1310429430585359
assured,extreme_compound,909,40,reject,0.8874785523850864,24,0.09578945076465578,0.009902153967280593,0.45,0.0,0.0,0.8,0.55,0.45,0.0,0.0
assured,extreme_compound,909,41,reject,0.8822194806993909,24,0.0,0.0,0.45,0.0,0.0,0.8,0.37190215396728066,0.45,0.0,0.0
assured,extreme_compound,909,42,reject,0.8,24,0.0,0.0,0.45,0.0,0.0,0.8,0.0,0.45,0.0,0.0
assured,extreme_compound,909,43,reject,0.8,24,0.0,0.0,0.45,0.0,0.0,0.8,0.0,0.45,0.0,0.0
assured,extreme_compound,909,44,reject,0.08778945076465601,24,0.0,0.0,0.45,0.0,0.0,0.08778945076465601,0.0,0.45,0.0,0.0
assured,extreme_compound,909,45,reject,0.0,24,0.0,0.0,0.45,0.0,0.0,0.0,0.0,0.45,0.0,0.0
assured,extreme_compound,909,46,reject,0.0,24,0.0,0.0,0.45,0.0,0.0,0.0,0.0,0.45,0.0,0.0
assured,extreme_compound,909,47,reject,0.0,24,0.0,0.0,0.45,0.0,0.0,0.0,0.0,0.45,0.0,0.0
assured,extreme_compound,909,48,reject,0.0,24,0.0,0.0,0.45,0.0,0.0,0.0,0.0,0.45,0.0,0.0
assured,extreme_compound,909,49,reject,0.0,24,0.0,0.0,0.45,0.0,0.0,0.0,0.0,0.45,0.0,0.0
assured,extreme_compound,909,50,reject,0.0,24,0.0,0.0,0.45,0.0,0.0,0.0,0.0,0.45,0.0,0.0
assured,extreme_compound,909,51,reject,0.0,24,0.0,0.0,0.45,0.0,0.0,0.0,0.0,0.45,0.0,0.0
assured,extreme_compound,909,52,reject,0.0,24,0.0,0.0,0.45,0.0,0.0,0.0,0.0,0.45,0.0,0.0
assured,extreme_compound,909,53,reject,0.0,24,0.0,0.0,0.45,0.0,0.0,0.0,0.0,0.45,0.0,0.0
assured,extreme_compound,909,54,reject,0.0,24,0.0,0.0,0.45,0.0,0.0,0.0,0.0,0.45,0.0,0.0
assured,extreme_compound,909,55,reject,0.0,24,0.0,0.0,0.45,0.0,0.0,0.0,0.0,0.45,0.0,0.0
assured,extreme_compound,909,56,reject,0.0,24,0.0,0.0,0.45,0.0,0.0,0.0,0.0,0.45,0.0,0.0
assured,extreme_compound,909,57,reject,0.0,24,0.0,0.0,0.45,0.0,0.0,0.0,0.0,0.45,0.0,0.0
assured,extreme_compound,909,58,reject,0.0,24,0.0,0.0,0.45,0.0,0.0,0.0,0.0,0.45,0.0,0.0
assured,extreme_compound,909,59,reject,0.0,24,0.0,0.0,0.45,0.0,0.0,0.0,0.0,0.45,0.0,0.0
assured,extreme_compound,909,70,reject,0.0,24,0.0,0.0,0.45,0.0,0.0,0.0,0.0,0.45,0.0,0.0
assured,extreme_compound,909,71,reject,0.0,24,0.0,0.0,0.45,0.0,0.0,0.0,0.0,0.45,0.0,0.0
assured,extreme_compound,909,72,reject,0.0,24,0.0,0.0,0.45,0.0,0.0,0.0,0.0,0.45,0.0,0.0
assured,extreme_compound,909,73,reject,0.0,24,0.0,0.0,0.45,0.0,0.0,0.0,0.0,0.45,0.0,0.0
assured,extreme_compound,909,74,reject,0.0,24,0.0,0.0,0.45,0.0,0.0,0.0,0.0,0.45,0.0,0.0
assured,extreme_compound,909,75,reject,0.0,24,0.0,0.0,0.45,0.0,0.0,0.0,0.0,0.45,0.0,0.0
assured,extreme_compound,909,76,reject,0.0,24,0.0,0.0,0.45,0.0,0.0,0.0,0.0,0.45,0.0,0.0
assured,extreme_compound,909,77,reject,0.0,24,0.0,0.0,0.45,0.0,0.0,0.0,0.0,0.45,0.0,0.0
assured,extreme_compound,909,78,reject,0.0,24,0.0,0.0,0.45,0.0,0.0,0.0,0.0,0.45,0.0,0.0
assured,extreme_compound,909,79,reject,0.0,24,0.0,0.0,0.45,0.0,0.0,0.0,0.0,0.45,0.0,0.0
assured,extreme_compound,909,80,reject,0.0,24,0.0,0.0,0.45,0.0,0.0,0.0,0.0,0.45,0.0,0.0
assured,extreme_compound,909,81,reject,0.0,24,0.0,0.0,0.45,0.0,0.0,0.0,0.0,0.45,0.0,0.0
assured,extreme_compound,909,82,reject,0.0,24,0.0,0.0,0.45,0.0,0.0,0.0,0.0,0.45,0.0,0.0
assured,extreme_compound,909,83,reject,0.0,24,0.0,0.0,0.45,0.0,0.0,0.0,0.0,0.45,0.0,0.0
assured,extreme_compound,909,84,reject,0.0,24,0.0,0.0,0.45,0.0,0.0,0.0,0.0,0.45,0.0,0.0
assured,extreme_compound,909,85,reject,0.0,24,0.0,0.0,0.45,0.0,0.0,0.0,0.0,0.45,0.0,0.0
assured,extreme_compound,1010,7,modify,0.0212160572358359,24,0.0,0.0,0.45,0.0,0.0,0.0,0.0,0.4313815265893936,0.0,0.010172194084503454
assured,extreme_compound,1010,11,modify,0.07378208475940551,24,0.0,0.0,0.45,0.0,0.0,0.0,0.0,0.3853801667690277,0.0,0.035610015229502856
assured,extreme_compound,1010,18,modify,0.014327894408221022,24,0.0,0.0,0.45,0.0,0.0,0.0,0.0,0.4374422460794449,0.0,0.006898650204490245
assured,extreme_compound,1010,38,modify,0.2108636131721864,24,0.0,0.0,0.45,0.0,0.0,-0.0855644464492798,-0.0088451527397057,0.2574799954891205,0.0,0.0
assured,extreme_compound,1010,39,modify,0.4619286543191193,24,-4.3092851701109584e-07,-7.979301053091079e-05,0.4296161225994465,0.0,0.0,-0.31399559703374685,-0.03250999466859873,0.09237229483674508,0.0,0.0
assured,extreme_compound,1010,40,reject,0.6752091988960518,24,0.36060293924343134,0.03732302053599458,0.45,0.0,0.0,0.8,0.55,0.45,0.0,0.0
assured,extreme_compound,1010,41,reject,0.8941246416076398,24,0.0,0.0,0.45,0.0,0.0,0.8,0.39932302053599444,0.45,0.0,0.0
assured,extreme_compound,1010,42,reject,0.8,24,0.0,0.0,0.45,0.0,0.0,0.8,0.0,0.45,0.0,0.0
assured,extreme_compound,1010,43,reject,0.8,24,0.0,0.0,0.45,0.0,0.0,0.8,0.0,0.45,0.0,0.0
assured,extreme_compound,1010,44,reject,0.3526029392434316,24,0.0,0.0,0.45,0.0,0.0,0.3526029392434316,0.0,0.45,0.0,0.0
assured,extreme_compound,1010,45,reject,0.0,24,0.0,0.0,0.45,0.0,0.0,0.0,0.0,0.45,0.0,0.0
assured,extreme_compound,1010,46,reject,0.0,24,0.0,0.0,0.45,0.0,0.0,0.0,0.0,0.45,0.0,0.0
assured,extreme_compound,1010,48,reject,0.0,24,0.0,0.0,0.45,0.0,0.0,0.0,0.0,0.45,0.0,0.0
assured,extreme_compound,1010,50,reject,0.0,24,0.0,0.0,0.45,0.0,0.0,0.0,0.0,0.45,0.0,0.0
assured,extreme_compound,1010,51,reject,0.0,24,0.0,0.0,0.45,0.0,0.0,0.0,0.0,0.45,0.0,0.0
assured,extreme_compound,1010,52,reject,0.0,24,0.0,0.0,0.45,0.0,0.0,0.0,0.0,0.45,0.0,0.0
assured,extreme_compound,1010,53,reject,0.0,24,0.0,0.0,0.45,0.0,0.0,0.0,0.0,0.45,0.0,0.0
assured,extreme_compound,1010,54,reject,0.0,24,0.0,0.0,0.45,0.0,0.0,0.0,0.0,0.45,0.0,0.0
assured,extreme_compound,1010,55,reject,0.0,24,0.0,0.0,0.45,0.0,0.0,0.0,0.0,0.45,0.0,0.0
assured,extreme_compound,1010,56,reject,0.0,24,0.0,0.0,0.45,0.0,0.0,0.0,0.0,0.45,0.0,0.0
assured,extreme_compound,1010,57,reject,0.0,24,0.0,0.0,0.45,0.0,0.0,0.0,0.0,0.45,0.0,0.0
assured,extreme_compound,1010,58,reject,0.0,24,0.0,0.0,0.45,0.0,0.0,0.0,0.0,0.45,0.0,0.0
assured,extreme_compound,1010,59,reject,0.0,24,0.0,0.0,0.45,0.0,0.0,0.0,0.0,0.45,0.0,0.0
assured,extreme_compound,1010,70,reject,0.0,24,0.0,0.0,0.45,0.0,0.0,0.0,0.0,0.45,0.0,0.0
assured,extreme_compound,1010,71,reject,0.0,24,0.0,0.0,0.45,0.0,0.0,0.0,0.0,0.45,0.0,0.0
assured,extreme_compound,1010,72,reject,0.0,24,0.0,0.0,0.45,0.0,0.0,0.0,0.0,0.45,0.0,0.0
assured,extreme_compound,1010,73,reject,0.0,24,0.0,0.0,0.45,0.0,0.0,0.0,0.0,0.45,0.0,0.0
assured,extreme_compound,1010,74,reject,0.0,24,0.0,0.0,0.45,0.0,0.0,0.0,0.0,0.45,0.0,0.0
assured,extreme_compound,1010,75,reject,0.0,24,0.0,0.0,0.45,0.0,0.0,0.0,0.0,0.45,0.0,0.0
assured,extreme_compound,1010,76,reject,0.0,24,0.0,0.0,0.45,0.0,0.0,0.0,0.0,0.45,0.0,0.0
assured,extreme_compound,1010,77,reject,0.0,24,0.0,0.0,0.45,0.0,0.0,0.0,0.0,0.45,0.0,0.0
assured,extreme_compound,1010,78,reject,0.0,24,0.0,0.0,0.45,0.0,0.0,0.0,0.0,0.45,0.0,0.0
assured,extreme_compound,1010,79,reject,0.0,24,0.0,0.0,0.45,0.0,0.0,0.0,0.0,0.45,0.0,0.0
assured,extreme_compound,1010,80,reject,0.0,24,0.0,0.0,0.45,0.0,0.0,0.0,0.0,0.45,0.0,0.0
assured,extreme_compound,1010,81,reject,0.0,24,0.0,0.0,0.45,0.0,0.0,0.0,0.0,0.45,0.0,0.0
assured,extreme_compound,1010,82,reject,0.0,24,0.0,0.0,0.45,0.0,0.0,0.0,0.0,0.45,0.0,0.0
assured,extreme_compound,1010,83,reject,0.0,24,0.0,0.0,0.45,0.0,0.0,0.0,0.0,0.45,0.0,0.0
assured,extreme_compound,1010,85,reject,0.0,24,0.0,0.0,0.45,0.0,0.0,0.0,0.0,0.45,0.0,0.0
assured,extreme_compound,1111,16,modify,0.06479573391398558,24,0.0,0.0,0.45,0.0,0.0,0.032987463474273684,0.003401832510628257,0.39433365538716314,0.0,0.0
assured,extreme_compound,1111,38,modify,0.3777805298566818,24,0.0,0.0,0.45,0.0,0.0,0.0,0.0,0.0722194701433182,0.0,0.0
assured,extreme_compound,1111,39,modify,0.37421983179479096,24,0.0,0.0,0.3692228229674242,0.0,0.0,-0.17802146673202515,-0.018421992185380376,0.04057488048942559,0.0,0.0
assured,extreme_compound,1111,40,reject,0.8603178451090371,24,0.12767691025137873,0.013224015436677398,0.45,0.0,0.0,0.8,0.55,0.45,0.0,0.0
assured,extreme_compound,1111,41,reject,0.8836249553744077,24,0.0,0.0,0.45,0.0,0.0,0.8,0.37522401543667727,0.45,0.0,0.0
assured,extreme_compound,1111,42,reject,0.8,24,0.0,0.0,0.45,0.0,0.0,0.8,0.0,0.45,0.0,0.0
assured,extreme_compound,1111,43,reject,0.8,24,0.0,0.0,0.45,0.0,0.0,0.8,0.0,0.45,0.0,0.0
assured,extreme_compound,1111,44,reject,0.11967691025137894,24,0.0,0.0,0.45,0.0,0.0,0.11967691025137894,0.0,0.45,0.0,0.0
assured,extreme_compound,1111,45,reject,0.0,24,0.0,0.0,0.45,0.0,0.0,0.0,0.0,0.45,0.0,0.0
assured,extreme_compound,1111,46,reject,0.0,24,0.0,0.0,0.45,0.0,0.0,0.0,0.0,0.45,0.0,0.0
assured,extreme_compound,1111,47,reject,0.0,24,0.0,0.0,0.45,0.0,0.0,0.0,0.0,0.45,0.0,0.0
assured,extreme_compound,1111,48,reject,0.0,24,0.0,0.0,0.45,0.0,0.0,0.0,0.0,0.45,0.0,0.0
assured,extreme_compound,1111,49,reject,0.0,24,0.0,0.0,0.45,0.0,0.0,0.0,0.0,0.45,0.0,0.0
assured,extreme_compound,1111,50,reject,0.0,24,0.0,0.0,0.45,0.0,0.0,0.0,0.0,0.45,0.0,0.0
assured,extreme_compound,1111,51,reject,0.0,24,0.0,0.0,0.45,0.0,0.0,0.0,0.0,0.45,0.0,0.0
assured,extreme_compound,1111,52,reject,0.0,24,0.0,0.0,0.45,0.0,0.0,0.0,0.0,0.45,0.0,0.0
assured,extreme_compound,1111,53,reject,0.0,24,0.0,0.0,0.45,0.0,0.0,0.0,0.0,0.45,0.0,0.0
assured,extreme_compound,1111,54,reject,0.0,24,0.0,0.0,0.45,0.0,0.0,0.0,0.0,0.45,0.0,0.0
assured,extreme_compound,1111,55,reject,0.0,24,0.0,0.0,0.45,0.0,0.0,0.0,0.0,0.45,0.0,0.0
assured,extreme_compound,1111,56,reject,0.0,24,0.0,0.0,0.45,0.0,0.0,0.0,0.0,0.45,0.0,0.0
assured,extreme_compound,1111,57,reject,0.0,24,0.0,0.0,0.45,0.0,0.0,0.0,0.0,0.45,0.0,0.0
assured,extreme_compound,1111,58,reject,0.0,24,0.0,0.0,0.45,0.0,0.0,0.0,0.0,0.45,0.0,0.0
assured,extreme_compound,1111,59,reject,0.0,24,0.0,0.0,0.45,0.0,0.0,0.0,0.0,0.45,0.0,0.0
assured,extreme_compound,1111,70,reject,0.0,24,0.0,0.0,0.45,0.0,0.0,0.0,0.0,0.45,0.0,0.0
assured,extreme_compound,1111,71,reject,0.0,24,0.0,0.0,0.45,0.0,0.0,0.0,0.0,0.45,0.0,0.0
assured,extreme_compound,1111,72,reject,0.0,24,0.0,0.0,0.45,0.0,0.0,0.0,0.0,0.45,0.0,0.0
assured,extreme_compound,1111,73,reject,0.0,24,0.0,0.0,0.45,0.0,0.0,0.0,0.0,0.45,0.0,0.0
assured,extreme_compound,1111,74,reject,0.0,24,0.0,0.0,0.45,0.0,0.0,0.0,0.0,0.45,0.0,0.0
assured,extreme_compound,1111,75,reject,0.0,24,0.0,0.0,0.45,0.0,0.0,0.0,0.0,0.45,0.0,0.0
assured,extreme_compound,1111,76,reject,0.0,24,0.0,0.0,0.45,0.0,0.0,0.0,0.0,0.45,0.0,0.0
assured,extreme_compound,1111,77,reject,0.0,24,0.0,0.0,0.45,0.0,0.0,0.0,0.0,0.45,0.0,0.0
assured,extreme_compound,1111,78,reject,0.0,24,0.0,0.0,0.45,0.0,0.0,0.0,0.0,0.45,0.0,0.0
assured,extreme_compound,1111,79,reject,0.0,24,0.0,0.0,0.45,0.0,0.0,0.0,0.0,0.45,0.0,0.0
assured,extreme_compound,1111,80,reject,0.0,24,0.0,0.0,0.45,0.0,0.0,0.0,0.0,0.45,0.0,0.0
assured,extreme_compound,1111,81,reject,0.0,24,0.0,0.0,0.45,0.0,0.0,0.0,0.0,0.45,0.0,0.0
assured,extreme_compound,1111,82,reject,0.0,24,0.0,0.0,0.45,0.0,0.0,0.0,0.0,0.45,0.0,0.0
assured,extreme_compound,1111,84,reject,0.0,24,0.0,0.0,0.45,0.0,0.0,0.0,0.0,0.45,0.0,0.0
assured,extreme_compound,1111,85,reject,0.0,24,0.0,0.0,0.45,0.0,0.0,0.0,0.0,0.45,0.0,0.0
assured,extreme_compound,1212,20,modify,0.013587586084544894,24,0.0,0.0,0.45,0.0,0.0,0.0,0.0,0.4380851715803146,0.0,0.0065314132723611595
assured,extreme_compound,1212,38,modify,0.34574252166618197,24,0.0,0.0,0.45,0.0,0.0,-0.14029574394226074,-0.01450295461953967,0.13433457612991334,0.0,0.0
assured,extreme_compound,1212,39,modify,0.2900118855910711,24,-3.800744370595049e-08,-0.00032366146533955345,0.2292171466797032,0.0,0.0,-0.25063318241314864,-0.026056846705041777,0.08559359747269904,0.0,0.0
assured,extreme_compound,1212,40,reject,0.6808451321388631,24,0.352813356035757,0.036605220695434836,0.45,0.0,0.0,0.8,0.55,0.45,0.0,0.0
assured,extreme_compound,1212,41,reject,0.8938042973524218,24,0.0,0.0,0.45,0.0,0.0,0.8,0.3986052206954349,0.45,0.0,0.0
assured,extreme_compound,1212,42,reject,0.8,24,0.0,0.0,0.45,0.0,0.0,0.8,0.0,0.45,0.0,0.0
assured,extreme_compound,1212,43,reject,0.8,24,0.0,0.0,0.45,0.0,0.0,0.8,0.0,0.45,0.0,0.0
assured,extreme_compound,1212,44,reject,0.3448133560357572,24,0.0,0.0,0.45,0.0,0.0,0.3448133560357572,0.0,0.45,0.0,0.0
assured,extreme_compound,1212,45,reject,0.0,24,0.0,0.0,0.45,0.0,0.0,0.0,0.0,0.45,0.0,0.0
assured,extreme_compound,1212,46,reject,0.0,24,0.0,0.0,0.45,0.0,0.0,0.0,0.0,0.45,0.0,0.0
assured,extreme_compound,1212,47,reject,0.0,24,0.0,0.0,0.45,0.0,0.0,0.0,0.0,0.45,0.0,0.0
assured,extreme_compound,1212,48,reject,0.0,24,0.0,0.0,0.45,0.0,0.0,0.0,0.0,0.45,0.0,0.0
assured,extreme_compound,1212,49,reject,0.0,24,0.0,0.0,0.45,0.0,0.0,0.0,0.0,0.45,0.0,0.0
assured,extreme_compound,1212,50,reject,0.0,24,0.0,0.0,0.45,0.0,0.0,0.0,0.0,0.45,0.0,0.0
assured,extreme_compound,1212,51,reject,0.0,24,0.0,0.0,0.45,0.0,0.0,0.0,0.0,0.45,0.0,0.0
assured,extreme_compound,1212,53,reject,0.0,24,0.0,0.0,0.45,0.0,0.0,0.0,0.0,0.45,0.0,0.0
assured,extreme_compound,1212,54,reject,0.0,24,0.0,0.0,0.45,0.0,0.0,0.0,0.0,0.45,0.0,0.0
assured,extreme_compound,1212,55,reject,0.0,24,0.0,0.0,0.45,0.0,0.0,0.0,0.0,0.45,0.0,0.0
assured,extreme_compound,1212,56,reject,0.0,24,0.0,0.0,0.45,0.0,0.0,0.0,0.0,0.45,0.0,0.0
assured,extreme_compound,1212,57,reject,0.0,24,0.0,0.0,0.45,0.0,0.0,0.0,0.0,0.45,0.0,0.0
assured,extreme_compound,1212,58,reject,0.0,24,0.0,0.0,0.45,0.0,0.0,0.0,0.0,0.45,0.0,0.0
assured,extreme_compound,1212,59,reject,0.0,24,0.0,0.0,0.45,0.0,0.0,0.0,0.0,0.45,0.0,0.0
assured,extreme_compound,1212,70,reject,0.0,24,0.0,0.0,0.45,0.0,0.0,0.0,0.0,0.45,0.0,0.0
assured,extreme_compound,1212,71,reject,0.0,24,0.0,0.0,0.45,0.0,0.0,0.0,0.0,0.45,0.0,0.0
assured,extreme_compound,1212,72,reject,0.0,24,0.0,0.0,0.45,0.0,0.0,0.0,0.0,0.45,0.0,0.0
assured,extreme_compound,1212,73,reject,0.0,24,0.0,0.0,0.45,0.0,0.0,0.0,0.0,0.45,0.0,0.0
assured,extreme_compound,1212,74,reject,0.0,24,0.0,0.0,0.45,0.0,0.0,0.0,0.0,0.45,0.0,0.0
assured,extreme_compound,1212,75,reject,0.0,24,0.0,0.0,0.45,0.0,0.0,0.0,0.0,0.45,0.0,0.0
assured,extreme_compound,1212,76,reject,0.0,24,0.0,0.0,0.45,0.0,0.0,0.0,0.0,0.45,0.0,0.0
assured,extreme_compound,1212,77,reject,0.0,24,0.0,0.0,0.45,0.0,0.0,0.0,0.0,0.45,0.0,0.0
assured,extreme_compound,1212,78,reject,0.0,24,0.0,0.0,0.45,0.0,0.0,0.0,0.0,0.45,0.0,0.0
assured,extreme_compound,1212,79,reject,0.0,24,0.0,0.0,0.45,0.0,0.0,0.0,0.0,0.45,0.0,0.0
assured,extreme_compound,1212,80,reject,0.0,24,0.0,0.0,0.45,0.0,0.0,0.0,0.0,0.45,0.0,0.0
assured,extreme_compound,1212,81,reject,0.0,24,0.0,0.0,0.45,0.0,0.0,0.0,0.0,0.45,0.0,0.0
assured,extreme_compound,1212,82,reject,0.0,24,0.0,0.0,0.45,0.0,0.0,0.0,0.0,0.45,0.0,0.0
assured,extreme_compound,1212,83,reject,0.0,24,0.0,0.0,0.45,0.0,0.0,0.0,0.0,0.45,0.0,0.0
assured,extreme_compound,1212,86,reject,0.0,24,0.0,0.0,0.45,0.0,0.0,0.0,0.0,0.45,0.0,0.0
assured,extreme_compound,1313,6,modify,0.015366256026154487,24,0.0,0.0,0.45,0.0,0.0,0.0,0.0,0.43646144270896914,0.0,0.00726837607301685
assured,extreme_compound,1313,16,modify,0.04318613746463841,24,0.0,0.0,0.45,0.0,0.0,0.0,0.0,0.4121500074863434,0.0,0.020794723749806905
assured,extreme_compound,1313,39,modify,0.5096316056357544,24,0.0,0.0,0.44999997726420576,0.0,0.0,0.0,0.0,0.10351151002992826,0.3477657917643134,0.1368541910759706
assured,extreme_compound,1313,40,reject,0.97082439194738,24,0.0,0.0,0.45,0.0,0.0,0.8,0.55,0.45,0.0,0.0
assured,extreme_compound,1313,41,reject,0.8780911114457316,24,0.0,0.0,0.45,0.0,0.0,0.8,0.3620000000000001,0.45,0.0,0.0
assured,extreme_compound,1313,42,reject,0.8,24,0.0,0.0,0.45,0.0,0.0,0.8,0.0,0.45,0.0,0.0
assured,extreme_compound,1313,43,reject,0.792,24,0.0,0.0,0.45,0.0,0.0,0.792,0.0,0.45,0.0,0.0
assured,extreme_compound,1313,44,reject,0.0,24,0.0,0.0,0.45,0.0,0.0,0.0,0.0,0.45,0.0,0.0
assured,extreme_compound,1313,45,reject,0.0,24,0.0,0.0,0.45,0.0,0.0,0.0,0.0,0.45,0.0,0.0
assured,extreme_compound,1313,46,reject,0.0,24,0.0,0.0,0.45,0.0,0.0,0.0,0.0,0.45,0.0,0.0
assured,extreme_compound,1313,47,reject,0.0,24,0.0,0.0,0.45,0.0,0.0,0.0,0.0,0.45,0.0,0.0
assured,extreme_compound,1313,48,reject,0.0,24,0.0,0.0,0.45,0.0,0.0,0.0,0.0,0.45,0.0,0.0
assured,extreme_compound,1313,49,reject,0.0,24,0.0,0.0,0.45,0.0,0.0,0.0,0.0,0.45,0.0,0.0
assured,extreme_compound,1313,50,reject,0.0,24,0.0,0.0,0.45,0.0,0.0,0.0,0.0,0.45,0.0,0.0
assured,extreme_compound,1313,51,reject,0.0,24,0.0,0.0,0.45,0.0,0.0,0.0,0.0,0.45,0.0,0.0
assured,extreme_compound,1313,52,reject,0.0,24,0.0,0.0,0.45,0.0,0.0,0.0,0.0,0.45,0.0,0.0
assured,extreme_compound,1313,53,reject,0.0,24,0.0,0.0,0.45,0.0,0.0,0.0,0.0,0.45,0.0,0.0
assured,extreme_compound,1313,54,reject,0.0,24,0.0,0.0,0.45,0.0,0.0,0.0,0.0,0.45,0.0,0.0
assured,extreme_compound,1313,55,reject,0.0,24,0.0,0.0,0.45,0.0,0.0,0.0,0.0,0.45,0.0,0.0
assured,extreme_compound,1313,56,reject,0.0,24,0.0,0.0,0.45,0.0,0.0,0.0,0.0,0.45,0.0,0.0
assured,extreme_compound,1313,57,reject,0.0,24,0.0,0.0,0.45,0.0,0.0,0.0,0.0,0.45,0.0,0.0
assured,extreme_compound,1313,58,reject,0.0,24,0.0,0.0,0.45,0.0,0.0,0.0,0.0,0.45,0.0,0.0
assured,extreme_compound,1313,59,reject,0.0,24,0.0,0.0,0.45,0.0,0.0,0.0,0.0,0.45,0.0,0.0
assured,extreme_compound,1313,71,reject,0.0,24,0.0,0.0,0.45,0.0,0.0,0.0,0.0,0.45,0.0,0.0
assured,extreme_compound,1313,72,reject,0.0,24,0.0,0.0,0.45,0.0,0.0,0.0,0.0,0.45,0.0,0.0
assured,extreme_compound,1313,73,reject,0.0,24,0.0,0.0,0.45,0.0,0.0,0.0,0.0,0.45,0.0,0.0
assured,extreme_compound,1313,74,reject,0.0,24,0.0,0.0,0.45,0.0,0.0,0.0,0.0,0.45,0.0,0.0
assured,extreme_compound,1313,75,reject,0.0,24,0.0,0.0,0.45,0.0,0.0,0.0,0.0,0.45,0.0,0.0
assured,extreme_compound,1313,76,reject,0.0,24,0.0,0.0,0.45,0.0,0.0,0.0,0.0,0.45,0.0,0.0
assured,extreme_compound,1313,77,reject,0.0,24,0.0,0.0,0.45,0.0,0.0,0.0,0.0,0.45,0.0,0.0
assured,extreme_compound,1313,78,reject,0.0,24,0.0,0.0,0.45,0.0,0.0,0.0,0.0,0.45,0.0,0.0
assured,extreme_compound,1313,79,reject,0.0,24,0.0,0.0,0.45,0.0,0.0,0.0,0.0,0.45,0.0,0.0
assured,extreme_compound,1313,80,reject,0.0,24,0.0,0.0,0.45,0.0,0.0,0.0,0.0,0.45,0.0,0.0
assured,extreme_compound,1313,81,reject,0.0,24,0.0,0.0,0.45,0.0,0.0,0.0,0.0,0.45,0.0,0.0
assured,extreme_compound,1313,82,reject,0.0,24,0.0,0.0,0.45,0.0,0.0,0.0,0.0,0.45,0.0,0.0
assured,extreme_compound,1313,83,reject,0.0,24,0.0,0.0,0.45,0.0,0.0,0.0,0.0,0.45,0.0,0.0
assured,extreme_compound,1313,84,reject,0.0,24,0.0,0.0,0.45,0.0,0.0,0.0,0.0,0.45,0.0,0.0
assured,extreme_compound,1414,38,modify,0.4331861905117624,24,0.0,0.0,0.45,0.0,0.0,-0.17577872276306153,-0.018170977733740126,0.05449787378311155,0.0,0.0
assured,extreme_compound,1414,39,modify,0.4706524986237824,24,0.04042767862415393,0.0011606459983332376,0.4499997237811975,0.0,0.0,-0.2880280662677182,-0.030574201418603182,0.11440547834817666,0.0,0.0
assured,extreme_compound,1414,40,reject,0.6336564443254445,24,0.41858562710027925,0.04399252418498998,0.45,0.0,0.0,0.8,0.55,0.45,0.0,0.0
assured,extreme_compound,1414,41,reject,0.8971231407639086,24,0.0,0.0,0.45,0.0,0.0,0.8,0.40599252418499004,0.45,0.0,0.0
assured,extreme_compound,1414,42,reject,0.8,24,0.0,0.0,0.45,0.0,0.0,0.8,0.0,0.45,0.0,0.0
assured,extreme_compound,1414,43,reject,0.8,24,0.0,0.0,0.45,0.0,0.0,0.8,0.0,0.45,0.0,0.0
assured,extreme_compound,1414,44,reject,0.4105856271002795,24,0.0,0.0,0.45,0.0,0.0,0.4105856271002795,0.0,0.45,0.0,0.0
assured,extreme_compound,1414,45,reject,0.0,24,0.0,0.0,0.45,0.0,0.0,0.0,0.0,0.45,0.0,0.0
assured,extreme_compound,1414,47,reject,0.0,24,0.0,0.0,0.45,0.0,0.0,0.0,0.0,0.45,0.0,0.0
assured,extreme_compound,1414,48,reject,0.0,24,0.0,0.0,0.45,0.0,0.0,0.0,0.0,0.45,0.0,0.0
assured,extreme_compound,1414,49,reject,0.0,24,0.0,0.0,0.45,0.0,0.0,0.0,0.0,0.45,0.0,0.0
assured,extreme_compound,1414,50,reject,0.0,24,0.0,0.0,0.45,0.0,0.0,0.0,0.0,0.45,0.0,0.0
assured,extreme_compound,1414,51,reject,0.0,24,0.0,0.0,0.45,0.0,0.0,0.0,0.0,0.45,0.0,0.0
assured,extreme_compound,1414,52,reject,0.0,24,0.0,0.0,0.45,0.0,0.0,0.0,0.0,0.45,0.0,0.0
assured,extreme_compound,1414,53,reject,0.0,24,0.0,0.0,0.45,0.0,0.0,0.0,0.0,0.45,0.0,0.0
assured,extreme_compound,1414,54,reject,0.0,24,0.0,0.0,0.45,0.0,0.0,0.0,0.0,0.45,0.0,0.0
assured,extreme_compound,1414,55,reject,0.0,24,0.0,0.0,0.45,0.0,0.0,0.0,0.0,0.45,0.0,0.0
assured,extreme_compound,1414,56,reject,0.0,24,0.0,0.0,0.45,0.0,0.0,0.0,0.0,0.45,0.0,0.0
assured,extreme_compound,1414,57,reject,0.0,24,0.0,0.0,0.45,0.0,0.0,0.0,0.0,0.45,0.0,0.0
assured,extreme_compound,1414,58,reject,0.0,24,0.0,0.0,0.45,0.0,0.0,0.0,0.0,0.45,0.0,0.0
assured,extreme_compound,1414,59,reject,0.0,24,0.0,0.0,0.45,0.0,0.0,0.0,0.0,0.45,0.0,0.0
assured,extreme_compound,1414,70,reject,0.0,24,0.0,0.0,0.45,0.0,0.0,0.0,0.0,0.45,0.0,0.0
assured,extreme_compound,1414,71,reject,0.0,24,0.0,0.0,0.45,0.0,0.0,0.0,0.0,0.45,0.0,0.0
assured,extreme_compound,1414,72,reject,0.0,24,0.0,0.0,0.45,0.0,0.0,0.0,0.0,0.45,0.0,0.0
assured,extreme_compound,1414,73,reject,0.0,24,0.0,0.0,0.45,0.0,0.0,0.0,0.0,0.45,0.0,0.0
assured,extreme_compound,1414,74,reject,0.0,24,0.0,0.0,0.45,0.0,0.0,0.0,0.0,0.45,0.0,0.0
assured,extreme_compound,1414,75,reject,0.0,24,0.0,0.0,0.45,0.0,0.0,0.0,0.0,0.45,0.0,0.0
assured,extreme_compound,1414,76,reject,0.0,24,0.0,0.0,0.45,0.0,0.0,0.0,0.0,0.45,0.0,0.0
assured,extreme_compound,1414,77,reject,0.0,24,0.0,0.0,0.45,0.0,0.0,0.0,0.0,0.45,0.0,0.0
assured,extreme_compound,1414,78,reject,0.0,24,0.0,0.0,0.45,0.0,0.0,0.0,0.0,0.45,0.0,0.0
assured,extreme_compound,1414,79,reject,0.0,24,0.0,0.0,0.45,0.0,0.0,0.0,0.0,0.45,0.0,0.0
assured,extreme_compound,1414,80,reject,0.0,24,0.0,0.0,0.45,0.0,0.0,0.0,0.0,0.45,0.0,0.0
assured,extreme_compound,1414,81,reject,0.0,24,0.0,0.0,0.45,0.0,0.0,0.0,0.0,0.45,0.0,0.0
assured,extreme_compound,1414,82,reject,0.0,24,0.0,0.0,0.45,0.0,0.0,0.0,0.0,0.45,0.0,0.0
assured,extreme_compound,1414,83,reject,0.0,24,0.0,0.0,0.45,0.0,0.0,0.0,0.0,0.45,0.0,0.0
assured,extreme_compound,1414,84,reject,0.0,24,0.0,0.0,0.45,0.0,0.0,0.0,0.0,0.45,0.0,0.0
assured,extreme_compound,1414,85,reject,0.0,24,0.0,0.0,0.45,0.0,0.0,0.0,0.0,0.45,0.0,0.0
assured,extreme_compound,1515,7,modify,0.011982730900636547,24,0.0,0.0,0.45,0.0,0.0,0.0,0.0,0.43944590985774995,0.0,0.005674241897058148
assured,extreme_compound,1515,38,modify,0.15258334538907978,24,0.0,0.0,0.45,0.0,0.0,-0.06191542148590088,-0.006400454659759667,0.31069030165672307,0.0,0.0
assured,extreme_compound,1515,39,modify,0.3258960280079641,24,1.655562709598484e-08,1.027363338969681e-07,0.3105886854486248,0.0,0.0,-0.2565540254349754,-0.026548651064494007,0.11138173707263338,0.0,0.0
assured,extreme_compound,1515,40,reject,0.7303517321366835,24,0.2874186758460902,0.029736567916138993,0.45,0.0,0.0,0.8,0.55,0.45,0.0,0.0
assured,extreme_compound,1515,41,reject,0.8907623356668803,24,0.0,0.0,0.45,0.0,0.0,0.8,0.3917365679161391,0.45,0.0,0.0
assured,extreme_compound,1515,42,reject,0.8,24,0.0,0.0,0.45,0.0,0.0,0.8,0.0,0.45,0.0,0.0
assured,extreme_compound,1515,43,reject,0.8,24,0.0,0.0,0.45,0.0,0.0,0.8,0.0,0.45,0.0,0.0
assured,extreme_compound,1515,44,reject,0.2794186758460904,24,0.0,0.0,0.45,0.0,0.0,0.2794186758460904,0.0,0.45,0.0,0.0
assured,extreme_compound,1515,45,reject,0.0,24,0.0,0.0,0.45,0.0,0.0,0.0,0.0,0.45,0.0,0.0
assured,extreme_compound,1515,46,reject,0.0,24,0.0,0.0,0.45,0.0,0.0,0.0,0.0,0.45,0.0,0.0
assured,extreme_compound,1515,47,reject,0.0,24,0.0,0.0,0.45,0.0,0.0,0.0,0.0,0.45,0.0,0.0
assured,extreme_compound,1515,48,reject,0.0,24,0.0,0.0,0.45,0.0,0.0,0.0,0.0,0.45,0.0,0.0
assured,extreme_compound,1515,49,reject,0.0,24,0.0,0.0,0.45,0.0,0.0,0.0,0.0,0.45,0.0,0.0
assured,extreme_compound,1515,50,reject,0.0,24,0.0,0.0,0.45,0.0,0.0,0.0,0.0,0.45,0.0,0.0
assured,extreme_compound,1515,51,reject,0.0,24,0.0,0.0,0.45,0.0,0.0,0.0,0.0,0.45,0.0,0.0
assured,extreme_compound,1515,52,reject,0.0,24,0.0,0.0,0.45,0.0,0.0,0.0,0.0,0.45,0.0,0.0
assured,extreme_compound,1515,53,reject,0.0,24,0.0,0.0,0.45,0.0,0.0,0.0,0.0,0.45,0.0,0.0
assured,extreme_compound,1515,54,reject,0.0,24,0.0,0.0,0.45,0.0,0.0,0.0,0.0,0.45,0.0,0.0
assured,extreme_compound,1515,55,reject,0.0,24,0.0,0.0,0.45,0.0,0.0,0.0,0.0,0.45,0.0,0.0
assured,extreme_compound,1515,56,reject,0.0,24,0.0,0.0,0.45,0.0,0.0,0.0,0.0,0.45,0.0,0.0
assured,extreme_compound,1515,57,reject,0.0,24,0.0,0.0,0.45,0.0,0.0,0.0,0.0,0.45,0.0,0.0
assured,extreme_compound,1515,58,reject,0.0,24,0.0,0.0,0.45,0.0,0.0,0.0,0.0,0.45,0.0,0.0
assured,extreme_compound,1515,59,reject,0.0,24,0.0,0.0,0.45,0.0,0.0,0.0,0.0,0.45,0.0,0.0
assured,extreme_compound,1515,70,reject,0.0,24,0.0,0.0,0.45,0.0,0.0,0.0,0.0,0.45,0.0,0.0
assured,extreme_compound,1515,71,reject,0.0,24,0.0,0.0,0.45,0.0,0.0,0.0,0.0,0.45,0.0,0.0
assured,extreme_compound,1515,72,reject,0.0,24,0.0,0.0,0.45,0.0,0.0,0.0,0.0,0.45,0.0,0.0
assured,extreme_compound,1515,73,reject,0.0,24,0.0,0.0,0.45,0.0,0.0,0.0,0.0,0.45,0.0,0.0
assured,extreme_compound,1515,74,reject,0.0,24,0.0,0.0,0.45,0.0,0.0,0.0,0.0,0.45,0.0,0.0
assured,extreme_compound,1515,75,reject,0.0,24,0.0,0.0,0.45,0.0,0.0,0.0,0.0,0.45,0.0,0.0
assured,extreme_compound,1515,76,reject,0.0,24,0.0,0.0,0.45,0.0,0.0,0.0,0.0,0.45,0.0,0.0
assured,extreme_compound,1515,77,reject,0.0,24,0.0,0.0,0.45,0.0,0.0,0.0,0.0,0.45,0.0,0.0
assured,extreme_compound,1515,78,reject,0.0,24,0.0,0.0,0.45,0.0,0.0,0.0,0.0,0.45,0.0,0.0
assured,extreme_compound,1515,79,reject,0.0,24,0.0,0.0,0.45,0.0,0.0,0.0,0.0,0.45,0.0,0.0
assured,extreme_compound,1515,80,reject,0.0,24,0.0,0.0,0.45,0.0,0.0,0.0,0.0,0.45,0.0,0.0
assured,extreme_compound,1515,81,reject,0.0,24,0.0,0.0,0.45,0.0,0.0,0.0,0.0,0.45,0.0,0.0
assured,extreme_compound,1515,82,reject,0.0,24,0.0,0.0,0.45,0.0,0.0,0.0,0.0,0.45,0.0,0.0
assured,extreme_compound,1515,83,reject,0.0,24,0.0,0.0,0.45,0.0,0.0,0.0,0.0,0.45,0.0,0.0
assured,extreme_compound,1515,84,reject,0.0,24,0.0,0.0,0.45,0.0,0.0,0.0,0.0,0.45,0.0,0.0
assured,extreme_compound,1515,85,reject,0.0,24,0.0,0.0,0.45,0.0,0.0,0.0,0.0,0.45,0.0,0.0
assured,extreme_compound,1616,7,modify,0.010828082343011877,24,0.0,0.0,0.45,0.0,0.0,0.0,0.0,0.4404740005731583,0.0,0.005148077519507307
assured,extreme_compound,1616,8,modify,0.04721056742151878,24,0.0,0.0,0.45,0.0,0.0,0.0,0.0,0.4087203472852707,0.0,0.022909123684966868
assured,extreme_compound,1616,16,modify,0.08856719593828316,24,0.0,0.0,0.45,0.0,0.0,0.0,0.0,0.372889307141304,0.0,0.04356706603871891
assured,extreme_compound,1616,38,modify,0.3911232712764522,24,0.0,0.0,0.44999997726420576,0.0,0.0,-0.15871039628982545,-0.016406553829514583,0.09290160365413308,0.0,0.0
assured,extreme_compound,1616,39,modify,0.5604910989791456,24,0.1432361326515677,0.014806914831136811,0.45,0.0,0.0,-0.19601626578221854,-0.02028430647412898,0.005222877860069253,0.0,0.0
assured,extreme_compound,1616,40,reject,0.7052917780741984,24,0.32014081252001986,0.0331135014240383,0.45,0.0,0.0,0.8,0.55,0.45,0.0,0.0
assured,extreme_compound,1616,41,reject,0.8922525869996476,24,0.0,0.0,0.45,0.0,0.0,0.8,0.3951135014240384,0.45,0.0,0.0
assured,extreme_compound,1616,42,reject,0.8,24,0.0,0.0,0.45,0.0,0.0,0.8,0.0,0.45,0.0,0.0
assured,extreme_compound,1616,43,reject,0.8,24,0.0,0.0,0.45,0.0,0.0,0.8,0.0,0.45,0.0,0.0
assured,extreme_compound,1616,44,reject,0.3121408125200201,24,0.0,0.0,0.45,0.0,0.0,0.3121408125200201,0.0,0.45,0.0,0.0
assured,extreme_compound,1616,45,reject,0.0,24,0.0,0.0,0.45,0.0,0.0,0.0,0.0,0.45,0.0,0.0
assured,extreme_compound,1616,46,reject,0.0,24,0.0,0.0,0.45,0.0,0.0,0.0,0.0,0.45,0.0,0.0
assured,extreme_compound,1616,47,reject,0.0,24,0.0,0.0,0.45,0.0,0.0,0.0,0.0,0.45,0.0,0.0
assured,extreme_compound,1616,48,reject,0.0,24,0.0,0.0,0.45,0.0,0.0,0.0,0.0,0.45,0.0,0.0
assured,extreme_compound,1616,49,reject,0.0,24,0.0,0.0,0.45,0.0,0.0,0.0,0.0,0.45,0.0,0.0
assured,extreme_compound,1616,50,reject,0.0,24,0.0,0.0,0.45,0.0,0.0,0.0,0.0,0.45,0.0,0.0
assured,extreme_compound,1616,51,reject,0.0,24,0.0,0.0,0.45,0.0,0.0,0.0,0.0,0.45,0.0,0.0
assured,extreme_compound,1616,52,reject,0.0,24,0.0,0.0,0.45,0.0,0.0,0.0,0.0,0.45,0.0,0.0
assured,extreme_compound,1616,53,reject,0.0,24,0.0,0.0,0.45,0.0,0.0,0.0,0.0,0.45,0.0,0.0
assured,extreme_compound,1616,54,reject,0.0,24,0.0,0.0,0.45,0.0,0.0,0.0,0.0,0.45,0.0,0.0
assured,extreme_compound,1616,55,reject,0.0,24,0.0,0.0,0.45,0.0,0.0,0.0,0.0,0.45,0.0,0.0
assured,extreme_compound,1616,56,reject,0.0,24,0.0,0.0,0.45,0.0,0.0,0.0,0.0,0.45,0.0,0.0
assured,extreme_compound,1616,57,reject,0.0,24,0.0,0.0,0.45,0.0,0.0,0.0,0.0,0.45,0.0,0.0
assured,extreme_compound,1616,58,reject,0.0,24,0.0,0.0,0.45,0.0,0.0,0.0,0.0,0.45,0.0,0.0
assured,extreme_compound,1616,59,reject,0.0,24,0.0,0.0,0.45,0.0,0.0,0.0,0.0,0.45,0.0,0.0
assured,extreme_compound,1616,71,reject,0.0,24,0.0,0.0,0.45,0.0,0.0,0.0,0.0,0.45,0.0,0.0
assured,extreme_compound,1616,72,reject,0.0,24,0.0,0.0,0.45,0.0,0.0,0.0,0.0,0.45,0.0,0.0
assured,extreme_compound,1616,73,reject,0.0,24,0.0,0.0,0.45,0.0,0.0,0.0,0.0,0.45,0.0,0.0
assured,extreme_compound,1616,74,reject,0.0,24,0.0,0.0,0.45,0.0,0.0,0.0,0.0,0.45,0.0,0.0
assured,extreme_compound,1616,75,reject,0.0,24,0.0,0.0,0.45,0.0,0.0,0.0,0.0,0.45,0.0,0.0
assured,extreme_compound,1616,76,reject,0.0,24,0.0,0.0,0.45,0.0,0.0,0.0,0.0,0.45,0.0,0.0
assured,extreme_compound,1616,77,reject,0.0,24,0.0,0.0,0.45,0.0,0.0,0.0,0.0,0.45,0.0,0.0
assured,extreme_compound,1616,78,reject,0.0,24,0.0,0.0,0.45,0.0,0.0,0.0,0.0,0.45,0.0,0.0
assured,extreme_compound,1616,79,reject,0.0,24,0.0,0.0,0.45,0.0,0.0,0.0,0.0,0.45,0.0,0.0
assured,extreme_compound,1616,80,reject,0.0,24,0.0,0.0,0.45,0.0,0.0,0.0,0.0,0.45,0.0,0.0
assured,extreme_compound,1616,81,reject,0.0,24,0.0,0.0,0.45,0.0,0.0,0.0,0.0,0.45,0.0,0.0
assured,extreme_compound,1616,82,reject,0.0,24,0.0,0.0,0.45,0.0,0.0,0.0,0.0,0.45,0.0,0.0
assured,extreme_compound,1616,83,reject,0.0,24,0.0,0.0,0.45,0.0,0.0,0.0,0.0,0.45,0.0,0.0
assured,extreme_compound,1616,84,reject,0.0,24,0.0,0.0,0.45,0.0,0.0,0.0,0.0,0.45,0.0,0.0
assured,extreme_compound,1616,85,reject,0.0,24,0.0,0.0,0.45,0.0,0.0,0.0,0.0,0.45,0.0,0.0
assured,extreme_compound,1616,86,reject,0.0,24,0.0,0.0,0.45,0.0,0.0,0.0,0.0,0.45,0.0,0.0
assured,extreme_compound,1717,14,modify,0.012073754709502968,24,0.0,0.0,0.45,0.0,0.0,0.0,0.0,0.43937418758869173,0.0,0.0057330326516540995
assured,extreme_compound,1717,37,modify,0.2162543814723589,24,0.0,0.0,0.45,0.0,0.0,-0.08775203227996826,-0.009064562445365893,0.25255792737007143,0.0,0.0
assured,extreme_compound,1717,38,modify,0.23721636167224677,24,0.0,0.0,0.0,0.0,0.0,-0.23595895767211916,-0.02439205893944299,0.0,0.0,0.0
assured,extreme_compound,1717,39,modify,0.3189321743476987,24,-1.6008902449653363e-05,0.013709225628693025,0.1855847927061164,0.0,0.0,-0.2870912442789878,-0.02583838390494317,0.052387466727585014,0.0,0.0
assured,extreme_compound,1717,40,reject,0.5553158164107571,24,0.5512490163935453,0.053513742274001144,0.45,0.0,0.0,0.8,0.55,0.45,0.0,0.0
assured,extreme_compound,1717,41,reject,0.901471946329194,24,0.0,0.0,0.45,0.0,0.0,0.8,0.41551374227400123,0.45,0.0,0.0
assured,extreme_compound,1717,42,reject,0.8,24,0.0,0.0,0.45,0.0,0.0,0.8,0.0,0.45,0.0,0.0
assured,extreme_compound,1717,43,reject,0.8,24,0.0,0.0,0.45,0.0,0.0,0.8,0.0,0.45,0.0,0.0
assured,extreme_compound,1717,44,reject,0.5432490163935455,24,0.0,0.0,0.45,0.0,0.0,0.5432490163935455,0.0,0.45,0.0,0.0
assured,extreme_compound,1717,45,reject,0.0,24,0.0,0.0,0.45,0.0,0.0,0.0,0.0,0.45,0.0,0.0
assured,extreme_compound,1717,47,reject,0.0,24,0.0,0.0,0.45,0.0,0.0,0.0,0.0,0.45,0.0,0.0
assured,extreme_compound,1717,48,reject,0.0,24,0.0,0.0,0.45,0.0,0.0,0.0,0.0,0.45,0.0,0.0
assured,extreme_compound,1717,49,reject,0.0,24,0.0,0.0,0.45,0.0,0.0,0.0,0.0,0.45,0.0,0.0
assured,extreme_compound,1717,50,reject,0.0,24,0.0,0.0,0.45,0.0,0.0,0.0,0.0,0.45,0.0,0.0
assured,extreme_compound,1717,51,reject,0.0,24,0.0,0.0,0.45,0.0,0.0,0.0,0.0,0.45,0.0,0.0
assured,extreme_compound,1717,52,reject,0.0,24,0.0,0.0,0.45,0.0,0.0,0.0,0.0,0.45,0.0,0.0
assured,extreme_compound,1717,53,reject,0.0,24,0.0,0.0,0.45,0.0,0.0,0.0,0.0,0.45,0.0,0.0
assured,extreme_compound,1717,54,reject,0.0,24,0.0,0.0,0.45,0.0,0.0,0.0,0.0,0.45,0.0,0.0
assured,extreme_compound,1717,55,reject,0.0,24,0.0,0.0,0.45,0.0,0.0,0.0,0.0,0.45,0.0,0.0
assured,extreme_compound,1717,56,reject,0.0,24,0.0,0.0,0.45,0.0,0.0,0.0,0.0,0.45,0.0,0.0
assured,extreme_compound,1717,57,reject,0.0,24,0.0,0.0,0.45,0.0,0.0,0.0,0.0,0.45,0.0,0.0
assured,extreme_compound,1717,58,reject,0.0,24,0.0,0.0,0.45,0.0,0.0,0.0,0.0,0.45,0.0,0.0
assured,extreme_compound,1717,59,reject,0.0,24,0.0,0.0,0.45,0.0,0.0,0.0,0.0,0.45,0.0,0.0
assured,extreme_compound,1717,70,reject,0.0,24,0.0,0.0,0.45,0.0,0.0,0.0,0.0,0.45,0.0,0.0
assured,extreme_compound,1717,71,reject,0.0,24,0.0,0.0,0.45,0.0,0.0,0.0,0.0,0.45,0.0,0.0
assured,extreme_compound,1717,72,reject,0.0,24,0.0,0.0,0.45,0.0,0.0,0.0,0.0,0.45,0.0,0.0
assured,extreme_compound,1717,73,reject,0.0,24,0.0,0.0,0.45,0.0,0.0,0.0,0.0,0.45,0.0,0.0
assured,extreme_compound,1717,74,reject,0.0,24,0.0,0.0,0.45,0.0,0.0,0.0,0.0,0.45,0.0,0.0
assured,extreme_compound,1717,75,reject,0.0,24,0.0,0.0,0.45,0.0,0.0,0.0,0.0,0.45,0.0,0.0
assured,extreme_compound,1717,76,reject,0.0,24,0.0,0.0,0.45,0.0,0.0,0.0,0.0,0.45,0.0,0.0
assured,extreme_compound,1717,77,reject,0.0,24,0.0,0.0,0.45,0.0,0.0,0.0,0.0,0.45,0.0,0.0
assured,extreme_compound,1717,78,reject,0.0,24,0.0,0.0,0.45,0.0,0.0,0.0,0.0,0.45,0.0,0.0
assured,extreme_compound,1717,79,reject,0.0,24,0.0,0.0,0.45,0.0,0.0,0.0,0.0,0.45,0.0,0.0
assured,extreme_compound,1717,80,reject,0.0,24,0.0,0.0,0.45,0.0,0.0,0.0,0.0,0.45,0.0,0.0
assured,extreme_compound,1717,81,reject,0.0,24,0.0,0.0,0.45,0.0,0.0,0.0,0.0,0.45,0.0,0.0
assured,extreme_compound,1717,82,reject,0.0,24,0.0,0.0,0.45,0.0,0.0,0.0,0.0,0.45,0.0,0.0
assured,extreme_compound,1717,83,reject,0.0,24,0.0,0.0,0.45,0.0,0.0,0.0,0.0,0.45,0.0,0.0
assured,extreme_compound,1717,84,reject,0.0,24,0.0,0.0,0.45,0.0,0.0,0.0,0.0,0.45,0.0,0.0
assured,extreme_compound,1717,85,reject,0.0,24,0.0,0.0,0.45,0.0,0.0,0.0,0.0,0.45,0.0,0.0
assured,extreme_compound,1818,11,modify,0.2000319200842261,24,0.0,0.0,0.45,0.0,0.0,0.0,0.0,0.27751719653606416,0.0,0.10130375887302255
assured,extreme_compound,1818,17,modify,0.08965866419854272,24,0.0,0.0,0.45,0.0,0.0,0.0,0.0,0.37188275456428527,0.0,0.04400422742650247
assured,extreme_compound,1818,38,modify,0.28947145634973687,24,0.0,0.0,0.45,0.0,0.0,-0.11746201515197754,-0.012142537096277934,0.18571046590805051,0.0,0.0
assured,extreme_compound,1818,39,modify,0.2707129713766787,24,0.0,0.0,0.0,0.0,0.0,-0.2692750453948975,-0.02786508207715134,0.0,0.0,0.0
assured,extreme_compound,1818,40,reject,0.6837103960525932,24,0.3490301971435539,0.03610687630401988,0.45,0.0,0.0,0.8,0.55,0.45,0.0,0.0
assured,extreme_compound,1818,41,reject,0.8935821646387894,24,0.0,0.0,0.45,0.0,0.0,0.8,0.39810687630402,0.45,0.0,0.0
assured,extreme_compound,1818,42,reject,0.8,24,0.0,0.0,0.45,0.0,0.0,0.8,0.0,0.45,0.0,0.0
assured,extreme_compound,1818,43,reject,0.8,24,0.0,0.0,0.45,0.0,0.0,0.8,0.0,0.45,0.0,0.0
assured,extreme_compound,1818,44,reject,0.3410301971435541,24,0.0,0.0,0.45,0.0,0.0,0.3410301971435541,0.0,0.45,0.0,0.0
assured,extreme_compound,1818,45,reject,0.0,24,0.0,0.0,0.45,0.0,0.0,0.0,0.0,0.45,0.0,0.0
assured,extreme_compound,1818,47,reject,0.0,24,0.0,0.0,0.45,0.0,0.0,0.0,0.0,0.45,0.0,0.0
assured,extreme_compound,1818,48,reject,0.0,24,0.0,0.0,0.45,0.0,0.0,0.0,0.0,0.45,0.0,0.0
assured,extreme_compound,1818,49,reject,0.0,24,0.0,0.0,0.45,0.0,0.0,0.0,0.0,0.45,0.0,0.0
assured,extreme_compound,1818,50,reject,0.0,24,0.0,0.0,0.45,0.0,0.0,0.0,0.0,0.45,0.0,0.0
assured,extreme_compound,1818,51,reject,0.0,24,0.0,0.0,0.45,0.0,0.0,0.0,0.0,0.45,0.0,0.0
assured,extreme_compound,1818,52,reject,0.0,24,0.0,0.0,0.45,0.0,0.0,0.0,0.0,0.45,0.0,0.0
assured,extreme_compound,1818,53,reject,0.0,24,0.0,0.0,0.45,0.0,0.0,0.0,0.0,0.45,0.0,0.0
assured,extreme_compound,1818,54,reject,0.0,24,0.0,0.0,0.45,0.0,0.0,0.0,0.0,0.45,0.0,0.0
assured,extreme_compound,1818,55,reject,0.0,24,0.0,0.0,0.45,0.0,0.0,0.0,0.0,0.45,0.0,0.0
assured,extreme_compound,1818,56,reject,0.0,24,0.0,0.0,0.45,0.0,0.0,0.0,0.0,0.45,0.0,0.0
assured,extreme_compound,1818,57,reject,0.0,24,0.0,0.0,0.45,0.0,0.0,0.0,0.0,0.45,0.0,0.0
assured,extreme_compound,1818,58,reject,0.0,24,0.0,0.0,0.45,0.0,0.0,0.0,0.0,0.45,0.0,0.0
assured,extreme_compound,1818,59,reject,0.0,24,0.0,0.0,0.45,0.0,0.0,0.0,0.0,0.45,0.0,0.0
assured,extreme_compound,1818,70,reject,0.0,24,0.0,0.0,0.45,0.0,0.0,0.0,0.0,0.45,0.0,0.0
assured,extreme_compound,1818,71,reject,0.0,24,0.0,0.0,0.45,0.0,0.0,0.0,0.0,0.45,0.0,0.0
assured,extreme_compound,1818,72,reject,0.0,24,0.0,0.0,0.45,0.0,0.0,0.0,0.0,0.45,0.0,0.0
assured,extreme_compound,1818,73,reject,0.0,24,0.0,0.0,0.45,0.0,0.0,0.0,0.0,0.45,0.0,0.0
assured,extreme_compound,1818,74,reject,0.0,24,0.0,0.0,0.45,0.0,0.0,0.0,0.0,0.45,0.0,0.0
assured,extreme_compound,1818,75,reject,0.0,24,0.0,0.0,0.45,0.0,0.0,0.0,0.0,0.45,0.0,0.0
assured,extreme_compound,1818,76,reject,0.0,24,0.0,0.0,0.45,0.0,0.0,0.0,0.0,0.45,0.0,0.0
assured,extreme_compound,1818,77,reject,0.0,24,0.0,0.0,0.45,0.0,0.0,0.0,0.0,0.45,0.0,0.0
assured,extreme_compound,1818,78,reject,0.0,24,0.0,0.0,0.45,0.0,0.0,0.0,0.0,0.45,0.0,0.0
assured,extreme_compound,1818,79,reject,0.0,24,0.0,0.0,0.45,0.0,0.0,0.0,0.0,0.45,0.0,0.0
assured,extreme_compound,1818,80,reject,0.0,24,0.0,0.0,0.45,0.0,0.0,0.0,0.0,0.45,0.0,0.0
assured,extreme_compound,1818,81,reject,0.0,24,0.0,0.0,0.45,0.0,0.0,0.0,0.0,0.45,0.0,0.0
assured,extreme_compound,1818,82,reject,0.0,24,0.0,0.0,0.45,0.0,0.0,0.0,0.0,0.45,0.0,0.0
assured,extreme_compound,1818,83,reject,0.0,24,0.0,0.0,0.45,0.0,0.0,0.0,0.0,0.45,0.0,0.0
assured,extreme_compound,1818,84,reject,0.0,24,0.0,0.0,0.45,0.0,0.0,0.0,0.0,0.45,0.0,0.0
assured,extreme_compound,1919,6,modify,0.041440598125447654,24,0.0,0.0,0.45,0.0,0.0,0.0,0.0,0.413629487156868,0.0,0.01986224983536417
assured,extreme_compound,1919,37,modify,0.31552002131938933,24,0.0,0.0,0.45,0.0,0.0,0.0,0.0,0.13447997868061068,0.0,0.0
assured,extreme_compound,1919,38,modify,0.19444799896748471,24,0.0,0.0,0.13447997876641332,0.0,0.0,-0.16077178716659546,-0.016619648378920392,0.02637704614440292,0.0,0.0
assured,extreme_compound,1919,39,modify,0.3384650620884695,24,0.08909250268984396,0.012164085682420504,0.39084540545889157,0.0,0.0,0.039771577051909396,0.005430141217029294,0.1744763890257745,0.23790499328722656,0.09309329426696679
assured,extreme_compound,1919,40,reject,0.8801357718656503,24,0.10532496086594338,0.009569091444946392,0.45,0.0,0.0,0.8,0.55,0.45,0.0,0.0
assured,extreme_compound,1919,41,reject,0.8820791289432162,24,0.0,0.0,0.45,0.0,0.0,0.8,0.3715690914449462,0.45,0.0,0.0
assured,extreme_compound,1919,42,reject,0.8,24,0.0,0.0,0.45,0.0,0.0,0.8,0.0,0.45,0.0,0.0
assured,extreme_compound,1919,43,reject,0.8,24,0.0,0.0,0.45,0.0,0.0,0.8,0.0,0.45,0.0,0.0
assured,extreme_compound,1919,44,reject,0.09732496086594361,24,0.0,0.0,0.45,0.0,0.0,0.09732496086594361,0.0,0.45,0.0,0.0
assured,extreme_compound,1919,45,reject,0.0,24,0.0,0.0,0.45,0.0,0.0,0.0,0.0,0.45,0.0,0.0
assured,extreme_compound,1919,46,reject,0.0,24,0.0,0.0,0.45,0.0,0.0,0.0,0.0,0.45,0.0,0.0
assured,extreme_compound,1919,47,reject,0.0,24,0.0,0.0,0.45,0.0,0.0,0.0,0.0,0.45,0.0,0.0
assured,extreme_compound,1919,49,reject,0.0,24,0.0,0.0,0.45,0.0,0.0,0.0,0.0,0.45,0.0,0.0
assured,extreme_compound,1919,50,reject,0.0,24,0.0,0.0,0.45,0.0,0.0,0.0,0.0,0.45,0.0,0.0
assured,extreme_compound,1919,51,reject,0.0,24,0.0,0.0,0.45,0.0,0.0,0.0,0.0,0.45,0.0,0.0
assured,extreme_compound,1919,52,reject,0.0,24,0.0,0.0,0.45,0.0,0.0,0.0,0.0,0.45,0.0,0.0
assured,extreme_compound,1919,53,reject,0.0,24,0.0,0.0,0.45,0.0,0.0,0.0,0.0,0.45,0.0,0.0
assured,extreme_compound,1919,54,reject,0.0,24,0.0,0.0,0.45,0.0,0.0,0.0,0.0,0.45,0.0,0.0
assured,extreme_compound,1919,55,reject,0.0,24,0.0,0.0,0.45,0.0,0.0,0.0,0.0,0.45,0.0,0.0
assured,extreme_compound,1919,56,reject,0.0,24,0.0,0.0,0.45,0.0,0.0,0.0,0.0,0.45,0.0,0.0
assured,extreme_compound,1919,57,reject,0.0,24,0.0,0.0,0.45,0.0,0.0,0.0,0.0,0.45,0.0,0.0
assured,extreme_compound,1919,58,reject,0.0,24,0.0,0.0,0.45,0.0,0.0,0.0,0.0,0.45,0.0,0.0
assured,extreme_compound,1919,59,reject,0.0,24,0.0,0.0,0.45,0.0,0.0,0.0,0.0,0.45,0.0,0.0
assured,extreme_compound,1919,70,reject,0.0,24,0.0,0.0,0.45,0.0,0.0,0.0,0.0,0.45,0.0,0.0
assured,extreme_compound,1919,71,reject,0.0,24,0.0,0.0,0.45,0.0,0.0,0.0,0.0,0.45,0.0,0.0
assured,extreme_compound,1919,72,reject,0.0,24,0.0,0.0,0.45,0.0,0.0,0.0,0.0,0.45,0.0,0.0
assured,extreme_compound,1919,73,reject,0.0,24,0.0,0.0,0.45,0.0,0.0,0.0,0.0,0.45,0.0,0.0
assured,extreme_compound,1919,74,reject,0.0,24,0.0,0.0,0.45,0.0,0.0,0.0,0.0,0.45,0.0,0.0
assured,extreme_compound,1919,75,reject,0.0,24,0.0,0.0,0.45,0.0,0.0,0.0,0.0,0.45,0.0,0.0
assured,extreme_compound,1919,76,reject,0.0,24,0.0,0.0,0.45,0.0,0.0,0.0,0.0,0.45,0.0,0.0
assured,extreme_compound,1919,77,reject,0.0,24,0.0,0.0,0.45,0.0,0.0,0.0,0.0,0.45,0.0,0.0
assured,extreme_compound,1919,78,reject,0.0,24,0.0,0.0,0.45,0.0,0.0,0.0,0.0,0.45,0.0,0.0
assured,extreme_compound,1919,79,reject,0.0,24,0.0,0.0,0.45,0.0,0.0,0.0,0.0,0.45,0.0,0.0
assured,extreme_compound,1919,80,reject,0.0,24,0.0,0.0,0.45,0.0,0.0,0.0,0.0,0.45,0.0,0.0
assured,extreme_compound,1919,81,reject,0.0,24,0.0,0.0,0.45,0.0,0.0,0.0,0.0,0.45,0.0,0.0
assured,extreme_compound,1919,82,reject,0.0,24,0.0,0.0,0.45,0.0,0.0,0.0,0.0,0.45,0.0,0.0
assured,extreme_compound,1919,83,reject,0.0,24,0.0,0.0,0.45,0.0,0.0,0.0,0.0,0.45,0.0,0.0
assured,extreme_compound,1919,84,reject,0.0,24,0.0,0.0,0.45,0.0,0.0,0.0,0.0,0.45,0.0,0.0
assured,extreme_compound,1919,85,reject,0.0,24,0.0,0.0,0.45,0.0,0.0,0.0,0.0,0.45,0.0,0.0
assured,extreme_compound,2020,14,modify,0.0964788007977439,24,0.0,0.0,0.45,0.0,0.0,0.0,0.0,0.36595740616321565,0.0,0.04738144599477779
assured,extreme_compound,2020,18,modify,0.06993473094788144,24,0.0,0.0,0.45,0.0,0.0,0.0,0.0,0.38887723088264464,0.0,0.03398343255439383
assured,extreme_compound,2020,38,modify,0.4719522644171881,24,0.0,0.0,0.45,0.0,0.0,-0.19150925874710084,-0.019797108670480797,0.019104167819023132,0.0,0.0
assured,extreme_compound,2020,39,modify,0.3190618639040024,24,-1.2731481932451487e-07,0.000145836119631353,0.12060407881415527,0.0,0.0,-0.3039799042191892,-0.031421394189317615,0.02895104721297248,0.0,0.0
assured,extreme_compound,2020,40,reject,0.6150384000829887,24,0.4471789695770764,0.046224698830968046,0.45,0.0,0.0,0.8,0.55,0.45,0.0,0.0
assured,extreme_compound,2020,41,reject,0.8981355157968283,24,0.0,0.0,0.45,0.0,0.0,0.8,0.4082246988309681,0.45,0.0,0.0
assured,extreme_compound,2020,42,reject,0.8,24,0.0,0.0,0.45,0.0,0.0,0.8,0.0,0.45,0.0,0.0
assured,extreme_compound,2020,43,reject,0.8,24,0.0,0.0,0.45,0.0,0.0,0.8,0.0,0.45,0.0,0.0
assured,extreme_compound,2020,44,reject,0.43917896957707664,24,0.0,0.0,0.45,0.0,0.0,0.43917896957707664,0.0,0.45,0.0,0.0
assured,extreme_compound,2020,45,reject,0.0,24,0.0,0.0,0.45,0.0,0.0,0.0,0.0,0.45,0.0,0.0
assured,extreme_compound,2020,46,reject,0.0,24,0.0,0.0,0.45,0.0,0.0,0.0,0.0,0.45,0.0,0.0
assured,extreme_compound,2020,47,reject,0.0,24,0.0,0.0,0.45,0.0,0.0,0.0,0.0,0.45,0.0,0.0
assured,extreme_compound,2020,48,reject,0.0,24,0.0,0.0,0.45,0.0,0.0,0.0,0.0,0.45,0.0,0.0
assured,extreme_compound,2020,49,reject,0.0,24,0.0,0.0,0.45,0.0,0.0,0.0,0.0,0.45,0.0,0.0
assured,extreme_compound,2020,50,reject,0.0,24,0.0,0.0,0.45,0.0,0.0,0.0,0.0,0.45,0.0,0.0
assured,extreme_compound,2020,53,reject,0.0,24,0.0,0.0,0.45,0.0,0.0,0.0,0.0,0.45,0.0,0.0
assured,extreme_compound,2020,54,reject,0.0,24,0.0,0.0,0.45,0.0,0.0,0.0,0.0,0.45,0.0,0.0
assured,extreme_compound,2020,55,reject,0.0,24,0.0,0.0,0.45,0.0,0.0,0.0,0.0,0.45,0.0,0.0
assured,extreme_compound,2020,56,reject,0.0,24,0.0,0.0,0.45,0.0,0.0,0.0,0.0,0.45,0.0,0.0
assured,extreme_compound,2020,57,reject,0.0,24,0.0,0.0,0.45,0.0,0.0,0.0,0.0,0.45,0.0,0.0
assured,extreme_compound,2020,58,reject,0.0,24,0.0,0.0,0.45,0.0,0.0,0.0,0.0,0.45,0.0,0.0
assured,extreme_compound,2020,59,reject,0.0,24,0.0,0.0,0.45,0.0,0.0,0.0,0.0,0.45,0.0,0.0
assured,extreme_compound,2020,70,reject,0.0,24,0.0,0.0,0.45,0.0,0.0,0.0,0.0,0.45,0.0,0.0
assured,extreme_compound,2020,71,reject,0.0,24,0.0,0.0,0.45,0.0,0.0,0.0,0.0,0.45,0.0,0.0
assured,extreme_compound,2020,72,reject,0.0,24,0.0,0.0,0.45,0.0,0.0,0.0,0.0,0.45,0.0,0.0
assured,extreme_compound,2020,73,reject,0.0,24,0.0,0.0,0.45,0.0,0.0,0.0,0.0,0.45,0.0,0.0
assured,extreme_compound,2020,74,reject,0.0,24,0.0,0.0,0.45,0.0,0.0,0.0,0.0,0.45,0.0,0.0
assured,extreme_compound,2020,75,reject,0.0,24,0.0,0.0,0.45,0.0,0.0,0.0,0.0,0.45,0.0,0.0
assured,extreme_compound,2020,76,reject,0.0,24,0.0,0.0,0.45,0.0,0.0,0.0,0.0,0.45,0.0,0.0
assured,extreme_compound,2020,77,reject,0.0,24,0.0,0.0,0.45,0.0,0.0,0.0,0.0,0.45,0.0,0.0
assured,extreme_compound,2020,78,reject,0.0,24,0.0,0.0,0.45,0.0,0.0,0.0,0.0,0.45,0.0,0.0
assured,extreme_compound,2020,79,reject,0.0,24,0.0,0.0,0.45,0.0,0.0,0.0,0.0,0.45,0.0,0.0
assured,extreme_compound,2020,80,reject,0.0,24,0.0,0.0,0.45,0.0,0.0,0.0,0.0,0.45,0.0,0.0
assured,extreme_compound,2020,81,reject,0.0,24,0.0,0.0,0.45,0.0,0.0,0.0,0.0,0.45,0.0,0.0
assured,extreme_compound,2020,82,reject,0.0,24,0.0,0.0,0.45,0.0,0.0,0.0,0.0,0.45,0.0,0.0
assured,extreme_compound,2020,83,reject,0.0,24,0.0,0.0,0.45,0.0,0.0,0.0,0.0,0.45,0.0,0.0
assured,extreme_compound,2020,85,reject,0.0,24,0.0,0.0,0.45,0.0,0.0,0.0,0.0,0.45,0.0,0.0
